100;101.75;644.68;0.00;0.00;0.00;99;2019-06-14T16:14:13;
100;101.75;644.47;0.00;0.00;0.00;99;2019-06-14T16:14:14;
100;99.07;644.56;0.00;0.00;0.00;99;2019-06-14T16:14:15;
100;98.55;644.81;0.00;0.00;0.00;99;2019-06-14T16:14:16;
100;100.41;645.06;0.00;0.00;0.00;99;2019-06-14T16:14:17;
100;99.74;645.01;0.00;0.00;0.00;99;2019-06-14T16:14:18;
100;98.55;645.22;0.00;0.00;0.00;99;2019-06-14T16:14:19;
100;98.55;645.41;0.00;0.00;0.00;99;2019-06-14T16:14:20;
100;98.55;645.72;0.00;0.00;0.00;99;2019-06-14T16:14:21;
100;98.55;645.88;0.00;0.00;0.00;99;2019-06-14T16:14:22;
100;99.74;646.19;0.00;0.00;0.00;99;2019-06-14T16:14:23;
100;99.07;646.22;0.00;0.00;0.00;99;2019-06-14T16:14:24;
100;98.03;646.35;0.00;0.00;0.00;99;2019-06-14T16:14:25;
100;99.07;646.66;0.00;0.00;0.00;99;2019-06-14T16:14:26;
100;99.07;646.81;0.00;0.00;0.00;99;2019-06-14T16:14:27;
100;98.03;646.96;0.00;0.00;0.00;99;2019-06-14T16:14:28;
100;98.55;647.02;0.00;0.00;0.00;99;2019-06-14T16:14:29;
100;95.94;646.09;0.00;0.00;0.00;99;2019-06-14T16:14:30;
100;97.50;647.61;0.00;0.00;0.00;99;2019-06-14T16:14:31;
100;99.74;648.08;0.00;0.00;0.00;99;2019-06-14T16:14:32;
100;98.03;648.21;0.00;0.00;0.00;99;2019-06-14T16:14:33;
100;99.07;648.50;0.00;0.00;0.00;99;2019-06-14T16:14:34;
100;98.03;648.75;0.00;0.00;0.00;99;2019-06-14T16:14:35;
100;98.03;648.98;0.00;0.00;0.00;99;2019-06-14T16:14:36;
100;98.55;648.94;0.00;0.00;0.00;99;2019-06-14T16:14:37;
100;99.74;649.20;0.00;0.00;0.00;99;2019-06-14T16:14:38;
100;99.07;649.04;0.00;0.00;0.00;99;2019-06-14T16:14:39;
100;100.41;649.21;0.00;0.00;0.00;99;2019-06-14T16:14:40;
100;98.03;648.87;0.00;0.00;0.00;99;2019-06-14T16:14:41;
100;99.07;649.66;0.00;0.00;0.00;99;2019-06-14T16:14:42;
100;99.74;649.59;0.00;0.00;0.00;99;2019-06-14T16:14:43;
100;99.74;649.67;0.00;0.00;0.00;99;2019-06-14T16:14:44;
100;99.74;649.86;0.00;0.00;0.00;99;2019-06-14T16:14:45;
100;103.08;650.01;0.00;0.00;0.00;99;2019-06-14T16:14:46;
100;99.74;649.78;0.00;0.00;0.00;99;2019-06-14T16:14:47;
100;102.42;650.02;0.00;0.00;0.00;99;2019-06-14T16:14:48;
100;99.74;649.60;0.00;0.00;0.00;99;2019-06-14T16:14:49;
100;99.74;649.99;0.00;0.00;0.00;99;2019-06-14T16:14:50;
100;100.41;649.91;0.00;0.00;0.00;99;2019-06-14T16:14:51;
100;99.74;649.64;0.00;0.00;0.00;99;2019-06-14T16:14:52;
100;99.74;649.99;0.00;0.00;0.00;99;2019-06-14T16:14:53;
100;99.74;649.99;0.00;0.00;0.00;99;2019-06-14T16:14:54;
100;105.09;652.36;0.00;0.00;0.00;99;2019-06-14T16:14:55;
100;102.42;650.05;0.00;0.00;0.00;99;2019-06-14T16:14:56;
100;101.08;649.88;0.00;0.00;0.00;99;2019-06-14T16:14:57;
100;99.74;649.75;0.00;0.00;0.00;99;2019-06-14T16:14:58;
100;99.74;649.79;0.00;0.00;0.00;99;2019-06-14T16:14:59;
100;99.74;649.76;0.00;0.00;0.00;99;2019-06-14T16:15:00;
100;99.74;649.87;0.00;0.00;0.00;99;2019-06-14T16:15:01;
100;101.08;649.79;0.00;0.00;0.00;99;2019-06-14T16:15:02;
100;100.41;649.89;0.00;0.00;0.00;99;2019-06-14T16:15:03;
100;99.07;649.91;0.00;0.00;0.00;99;2019-06-14T16:15:04;
100;99.74;649.87;0.00;0.00;0.00;99;2019-06-14T16:15:05;
100;99.74;649.75;0.00;0.00;0.00;99;2019-06-14T16:15:06;
100;100.41;649.67;0.00;0.00;0.00;99;2019-06-14T16:15:07;
100;99.74;649.66;0.00;0.00;0.00;99;2019-06-14T16:15:08;
100;100.41;649.57;0.00;0.00;0.00;99;2019-06-14T16:15:09;
100;100.41;649.61;0.00;0.00;0.00;99;2019-06-14T16:15:10;
100;100.41;649.48;0.00;0.00;0.00;99;2019-06-14T16:15:11;
100;101.75;649.33;0.00;0.00;0.00;99;2019-06-14T16:15:12;
100;99.74;649.27;0.00;0.00;0.00;99;2019-06-14T16:15:13;
100;100.41;649.17;0.00;0.00;0.00;99;2019-06-14T16:15:14;
100;101.08;649.24;0.00;0.00;0.00;99;2019-06-14T16:15:15;
100;101.08;649.34;0.00;0.00;0.00;99;2019-06-14T16:15:16;
100;100.41;649.46;0.00;0.00;0.00;99;2019-06-14T16:15:17;
100;101.08;649.18;0.00;0.00;0.00;99;2019-06-14T16:15:18;
100;102.42;649.27;0.00;0.00;0.00;99;2019-06-14T16:15:19;
100;99.07;648.93;0.00;0.00;0.00;99;2019-06-14T16:15:20;
100;99.74;649.00;0.00;0.00;0.00;99;2019-06-14T16:15:21;
100;101.08;649.03;0.00;0.00;0.00;99;2019-06-14T16:15:22;
100;99.07;648.63;0.00;0.00;0.00;99;2019-06-14T16:15:23;
100;99.74;648.99;0.00;0.00;0.00;99;2019-06-14T16:15:24;
100;99.74;648.99;0.00;0.00;0.00;99;2019-06-14T16:15:25;
100;99.74;648.84;0.00;0.00;0.00;99;2019-06-14T16:15:26;
100;100.41;648.81;0.00;0.00;0.00;99;2019-06-14T16:15:27;
100;100.41;648.88;0.00;0.00;0.00;99;2019-06-14T16:15:28;
100;104.42;651.20;0.00;0.00;0.00;99;2019-06-14T16:15:29;
100;99.74;648.75;0.00;0.00;0.00;99;2019-06-14T16:15:30;
100;99.74;648.76;0.00;0.00;0.00;99;2019-06-14T16:15:31;
100;99.74;648.82;0.00;0.00;0.00;99;2019-06-14T16:15:32;
100;100.41;648.77;0.00;0.00;0.00;99;2019-06-14T16:15:33;
100;99.74;648.69;0.00;0.00;0.00;99;2019-06-14T16:15:34;
100;100.41;648.75;0.00;0.00;0.00;99;2019-06-14T16:15:35;
100;101.08;648.60;0.00;0.00;0.00;99;2019-06-14T16:15:36;
100;101.75;648.50;0.00;0.00;0.00;99;2019-06-14T16:15:37;
100;100.41;648.59;0.00;0.00;0.00;99;2019-06-14T16:15:38;
100;101.08;648.81;0.00;0.00;0.00;99;2019-06-14T16:15:39;
100;100.41;648.22;0.00;0.00;0.00;99;2019-06-14T16:15:40;
100;101.08;648.43;0.00;0.00;0.00;99;2019-06-14T16:15:41;
100;100.41;648.41;0.00;0.00;0.00;99;2019-06-14T16:15:42;
100;101.08;648.29;0.00;0.00;0.00;99;2019-06-14T16:15:43;
100;102.42;648.34;0.00;0.00;0.00;99;2019-06-14T16:15:44;
100;99.74;647.98;0.00;0.00;0.00;99;2019-06-14T16:15:45;
100;100.41;648.09;0.00;0.00;0.00;99;2019-06-14T16:15:46;
100;100.41;648.17;0.00;0.00;0.00;99;2019-06-14T16:15:47;
100;100.41;647.79;0.00;0.00;0.00;99;2019-06-14T16:15:48;
100;99.74;647.87;0.00;0.00;0.00;99;2019-06-14T16:15:49;
100;99.07;647.89;0.00;0.00;0.00;99;2019-06-14T16:15:50;
100;101.08;647.66;0.00;0.00;0.00;99;2019-06-14T16:15:51;
100;99.74;647.92;0.00;0.00;0.00;99;2019-06-14T16:15:52;
100;109.78;647.89;0.00;0.00;0.00;99;2019-06-14T16:15:53;
100;100.41;647.81;0.00;0.00;0.00;99;2019-06-14T16:15:54;
100;101.08;647.86;0.00;0.00;0.00;99;2019-06-14T16:15:55;
100;100.41;647.81;0.00;0.00;0.00;99;2019-06-14T16:15:56;
100;99.74;647.70;0.00;0.00;0.00;99;2019-06-14T16:15:57;
100;101.08;647.45;0.00;0.00;0.00;99;2019-06-14T16:15:58;
100;101.08;647.48;0.00;0.00;0.00;99;2019-06-14T16:15:59;
100;100.41;647.39;0.00;0.00;0.00;99;2019-06-14T16:16:00;
100;100.41;647.24;0.00;0.00;0.00;99;2019-06-14T16:16:01;
100;100.41;647.35;0.00;0.00;0.00;99;2019-06-14T16:16:02;
100;100.41;647.26;0.00;0.00;0.00;99;2019-06-14T16:16:03;
100;101.08;647.01;0.00;0.00;0.00;99;2019-06-14T16:16:04;
100;101.08;647.34;0.00;0.00;0.00;99;2019-06-14T16:16:05;
100;99.07;646.91;0.00;0.00;0.00;99;2019-06-14T16:16:06;
100;100.41;646.97;0.00;0.00;0.00;99;2019-06-14T16:16:07;
100;98.55;646.18;0.00;0.00;0.00;99;2019-06-14T16:16:08;
100;98.55;645.69;0.00;0.00;0.00;99;2019-06-14T16:16:09;
100;99.74;646.11;0.00;0.00;0.00;99;2019-06-14T16:16:10;
100;98.55;646.29;0.00;0.00;0.00;99;2019-06-14T16:16:11;
100;98.55;646.43;0.00;0.00;0.00;99;2019-06-14T16:16:12;
100;98.03;646.62;0.00;0.00;0.00;99;2019-06-14T16:16:13;
100;99.07;646.65;0.00;0.00;0.00;99;2019-06-14T16:16:15;
100;99.07;646.89;0.00;0.00;0.00;99;2019-06-14T16:16:16;
100;99.74;646.46;0.00;0.00;0.00;99;2019-06-14T16:16:17;
100;99.07;646.91;0.00;0.00;0.00;99;2019-06-14T16:16:18;
100;98.55;646.04;0.00;0.00;0.00;99;2019-06-14T16:16:19;
100;100.41;646.36;0.00;0.00;0.00;99;2019-06-14T16:16:20;
100;100.41;646.12;0.00;0.00;0.00;99;2019-06-14T16:16:21;
100;100.41;646.22;0.00;0.00;0.00;99;2019-06-14T16:16:22;
100;99.74;646.33;0.00;0.00;0.00;99;2019-06-14T16:16:23;
100;101.08;646.41;0.00;0.00;0.00;99;2019-06-14T16:16:24;
100;99.74;646.19;0.00;0.00;0.00;99;2019-06-14T16:16:25;
100;146.59;646.16;0.00;0.00;0.00;99;2019-06-14T16:16:26;
100;98.55;645.89;0.00;0.00;0.00;99;2019-06-14T16:16:27;
100;101.08;646.17;0.00;0.00;0.00;99;2019-06-14T16:16:28;
100;101.08;646.06;0.00;0.00;0.00;99;2019-06-14T16:16:29;
100;101.08;646.11;0.00;0.00;0.00;99;2019-06-14T16:16:30;
100;98.55;645.92;0.00;0.00;0.00;99;2019-06-14T16:16:31;
100;101.08;646.03;0.00;0.00;0.00;99;2019-06-14T16:16:32;
100;99.74;645.98;0.00;0.00;0.00;99;2019-06-14T16:16:33;
100;99.74;645.57;0.00;0.00;0.00;99;2019-06-14T16:16:34;
100;98.55;645.93;0.00;0.00;0.00;99;2019-06-14T16:16:35;
100;101.08;646.23;0.00;0.00;0.00;99;2019-06-14T16:16:36;
100;101.08;646.18;0.00;0.00;0.00;99;2019-06-14T16:16:37;
100;101.08;645.99;0.00;0.00;0.00;99;2019-06-14T16:16:38;
100;99.74;645.90;0.00;0.00;0.00;99;2019-06-14T16:16:39;
100;99.74;645.72;0.00;0.00;0.00;99;2019-06-14T16:16:40;
100;100.41;645.75;0.00;0.00;0.00;99;2019-06-14T16:16:41;
100;99.07;645.79;0.00;0.00;0.00;99;2019-06-14T16:16:42;
100;98.55;645.84;0.00;0.00;0.00;99;2019-06-14T16:16:43;
100;100.41;645.89;0.00;0.00;0.00;99;2019-06-14T16:16:44;
100;100.41;645.99;0.00;0.00;0.00;99;2019-06-14T16:16:45;
100;101.08;645.88;0.00;0.00;0.00;99;2019-06-14T16:16:46;
100;99.74;645.79;0.00;0.00;0.00;99;2019-06-14T16:16:47;
100;100.41;645.79;0.00;0.00;0.00;99;2019-06-14T16:16:48;
100;101.08;645.73;0.00;0.00;0.00;99;2019-06-14T16:16:49;
100;100.41;645.74;0.00;0.00;0.00;99;2019-06-14T16:16:50;
100;101.08;645.47;0.00;0.00;0.00;99;2019-06-14T16:16:51;
100;100.41;645.24;0.00;0.00;0.00;99;2019-06-14T16:16:52;
100;101.08;645.28;0.00;0.00;0.00;99;2019-06-14T16:16:53;
100;100.41;645.09;0.00;0.00;0.00;99;2019-06-14T16:16:54;
100;100.41;645.24;0.00;0.00;0.00;99;2019-06-14T16:16:55;
100;100.41;645.03;0.00;0.00;0.00;99;2019-06-14T16:16:56;
100;100.41;645.18;0.00;0.00;0.00;99;2019-06-14T16:16:57;
100;99.07;644.88;0.00;0.00;0.00;99;2019-06-14T16:16:58;
100;100.41;645.15;0.00;0.00;0.00;99;2019-06-14T16:16:59;
100;101.75;645.10;0.00;0.00;0.00;99;2019-06-14T16:17:00;
100;100.41;644.89;0.00;0.00;0.00;99;2019-06-14T16:17:01;
100;99.74;644.93;0.00;0.00;0.00;99;2019-06-14T16:17:02;
100;101.75;645.04;0.00;0.00;0.00;99;2019-06-14T16:17:03;
100;100.41;644.95;0.00;0.00;0.00;99;2019-06-14T16:17:04;
100;101.75;645.07;0.00;0.00;0.00;99;2019-06-14T16:17:05;
100;99.74;644.83;0.00;0.00;0.00;99;2019-06-14T16:17:06;
100;101.08;644.90;0.00;0.00;0.00;99;2019-06-14T16:17:07;
100;99.74;644.86;0.00;0.00;0.00;99;2019-06-14T16:17:08;
100;100.41;644.84;0.00;0.00;0.00;99;2019-06-14T16:17:09;
100;99.74;644.80;0.00;0.00;0.00;99;2019-06-14T16:17:10;
100;99.74;644.77;0.00;0.00;0.00;99;2019-06-14T16:17:11;
100;99.74;644.70;0.00;0.00;0.00;99;2019-06-14T16:17:12;
100;100.41;644.63;0.00;0.00;0.00;99;2019-06-14T16:17:13;
100;100.41;644.49;0.00;0.00;0.00;99;2019-06-14T16:17:14;
100;101.08;644.31;0.00;0.00;0.00;99;2019-06-14T16:17:15;
100;101.75;644.30;0.00;0.00;0.00;99;2019-06-14T16:17:16;
100;100.41;644.25;0.00;0.00;0.00;99;2019-06-14T16:17:17;
100;99.07;643.94;0.00;0.00;0.00;99;2019-06-14T16:17:18;
100;100.41;644.07;0.00;0.00;0.00;99;2019-06-14T16:17:19;
100;98.55;643.71;0.00;0.00;0.00;99;2019-06-14T16:17:20;
100;99.07;643.90;0.00;0.00;0.00;99;2019-06-14T16:17:21;
100;99.07;643.64;0.00;0.00;0.00;99;2019-06-14T16:17:22;
100;101.08;644.00;0.00;0.00;0.00;99;2019-06-14T16:17:23;
100;101.08;644.02;0.00;0.00;0.00;99;2019-06-14T16:17:24;
100;99.07;643.90;0.00;0.00;0.00;99;2019-06-14T16:17:25;
100;99.07;643.95;0.00;0.00;0.00;99;2019-06-14T16:17:26;
100;99.07;643.76;0.00;0.00;0.00;99;2019-06-14T16:17:27;
100;101.75;644.09;0.00;0.00;0.00;99;2019-06-14T16:17:28;
100;99.07;643.78;0.00;0.00;0.00;99;2019-06-14T16:17:29;
100;102.42;644.00;0.00;0.00;0.00;99;2019-06-14T16:17:30;
100;99.74;643.97;0.00;0.00;0.00;99;2019-06-14T16:17:31;
100;101.75;644.01;0.00;0.00;0.00;99;2019-06-14T16:17:32;
100;99.74;643.89;0.00;0.00;0.00;99;2019-06-14T16:17:33;
100;99.74;643.88;0.00;0.00;0.00;99;2019-06-14T16:17:34;
100;99.74;643.88;0.00;0.00;0.00;99;2019-06-14T16:17:35;
100;100.41;643.79;0.00;0.00;0.00;99;2019-06-14T16:17:36;
100;100.41;643.79;0.00;0.00;0.00;99;2019-06-14T16:17:37;
100;99.74;643.88;0.00;0.00;0.00;99;2019-06-14T16:17:38;
100;99.74;643.81;0.00;0.00;0.00;99;2019-06-14T16:17:39;
100;100.41;643.66;0.00;0.00;0.00;99;2019-06-14T16:17:40;
100;100.41;643.68;0.00;0.00;0.00;99;2019-06-14T16:17:41;
100;101.08;643.60;0.00;0.00;0.00;99;2019-06-14T16:17:42;
100;100.41;643.31;0.00;0.00;0.00;99;2019-06-14T16:17:43;
100;101.08;643.19;0.00;0.00;0.00;99;2019-06-14T16:17:44;
100;100.41;643.42;0.00;0.00;0.00;99;2019-06-14T16:17:45;
100;100.41;643.10;0.00;0.00;0.00;99;2019-06-14T16:17:46;
100;101.08;643.06;0.00;0.00;0.00;99;2019-06-14T16:17:47;
100;99.74;642.96;0.00;0.00;0.00;99;2019-06-14T16:17:48;
100;100.41;643.14;0.00;0.00;0.00;99;2019-06-14T16:17:49;
100;101.75;643.05;0.00;0.00;0.00;99;2019-06-14T16:17:50;
100;99.07;642.83;0.00;0.00;0.00;99;2019-06-14T16:17:51;
100;99.74;642.99;0.00;0.00;0.00;99;2019-06-14T16:17:52;
100;100.41;643.09;0.00;0.00;0.00;99;2019-06-14T16:17:53;
100;99.07;643.00;0.00;0.00;0.00;99;2019-06-14T16:17:54;
100;100.41;642.88;0.00;0.00;0.00;99;2019-06-14T16:17:55;
100;101.75;643.06;0.00;0.00;0.00;99;2019-06-14T16:17:56;
100;99.07;642.91;0.00;0.00;0.00;99;2019-06-14T16:17:57;
100;101.08;642.94;0.00;0.00;0.00;99;2019-06-14T16:17:58;
100;100.41;643.04;0.00;0.00;0.00;99;2019-06-14T16:17:59;
100;100.41;642.84;0.00;0.00;0.00;99;2019-06-14T16:18:00;
100;99.74;642.83;0.00;0.00;0.00;99;2019-06-14T16:18:01;
100;101.08;642.89;0.00;0.00;0.00;99;2019-06-14T16:18:02;
100;99.74;642.91;0.00;0.00;0.00;99;2019-06-14T16:18:03;
100;100.41;642.75;0.00;0.00;0.00;99;2019-06-14T16:18:04;
100;101.08;642.60;0.00;0.00;0.00;99;2019-06-14T16:18:05;
100;100.41;642.69;0.00;0.00;0.00;99;2019-06-14T16:18:06;
100;99.74;642.65;0.00;0.00;0.00;99;2019-06-14T16:18:07;
100;100.41;642.66;0.00;0.00;0.00;99;2019-06-14T16:18:08;
100;101.08;642.49;0.00;0.00;0.00;99;2019-06-14T16:18:09;
100;101.08;642.42;0.00;0.00;0.00;99;2019-06-14T16:18:10;
100;100.41;642.44;0.00;0.00;0.00;99;2019-06-14T16:18:11;
100;100.41;642.24;0.00;0.00;0.00;99;2019-06-14T16:18:12;
100;99.74;642.19;0.00;0.00;0.00;99;2019-06-14T16:18:13;
100;100.41;642.07;0.00;0.00;0.00;99;2019-06-14T16:18:14;
100;99.74;642.04;0.00;0.00;0.00;99;2019-06-14T16:18:15;
100;99.07;641.90;0.00;0.00;0.00;99;2019-06-14T16:18:16;
100;102.42;642.14;0.00;0.00;0.00;99;2019-06-14T16:18:17;
100;99.74;641.86;0.00;0.00;0.00;99;2019-06-14T16:18:18;
100;98.55;641.78;0.00;0.00;0.00;99;2019-06-14T16:18:19;
100;101.75;642.04;0.00;0.00;0.00;99;2019-06-14T16:18:20;
100;101.08;642.05;0.00;0.00;0.00;99;2019-06-14T16:18:21;
100;100.41;642.06;0.00;0.00;0.00;99;2019-06-14T16:18:22;
100;99.74;641.95;0.00;0.00;0.00;99;2019-06-14T16:18:23;
100;99.07;641.91;0.00;0.00;0.00;99;2019-06-14T16:18:24;
100;99.07;641.95;0.00;0.00;0.00;99;2019-06-14T16:18:25;
100;101.08;641.88;0.00;0.00;0.00;99;2019-06-14T16:18:26;
100;99.74;641.97;0.00;0.00;0.00;99;2019-06-14T16:18:27;
100;100.41;641.98;0.00;0.00;0.00;99;2019-06-14T16:18:28;
100;99.07;641.98;0.00;0.00;0.00;99;2019-06-14T16:18:29;
100;101.08;641.86;0.00;0.00;0.00;99;2019-06-14T16:18:30;
100;100.41;641.89;0.00;0.00;0.00;99;2019-06-14T16:18:31;
100;100.41;641.48;0.00;0.00;0.00;99;2019-06-14T16:18:32;
100;100.41;641.68;0.00;0.00;0.00;99;2019-06-14T16:18:33;
100;100.41;641.69;0.00;0.00;0.00;99;2019-06-14T16:18:34;
100;99.74;641.64;0.00;0.00;0.00;99;2019-06-14T16:18:35;
100;101.75;641.54;0.00;0.00;0.00;99;2019-06-14T16:18:36;
100;101.08;641.50;0.00;0.00;0.00;99;2019-06-14T16:18:37;
100;100.41;641.43;0.00;0.00;0.00;99;2019-06-14T16:18:38;
100;100.41;641.12;0.00;0.00;0.00;99;2019-06-14T16:18:39;
100;100.41;641.08;0.00;0.00;0.00;99;2019-06-14T16:18:40;
100;100.41;641.20;0.00;0.00;0.00;99;2019-06-14T16:18:41;
100;99.07;640.86;0.00;0.00;0.00;99;2019-06-14T16:18:42;
100;101.08;641.10;0.00;0.00;0.00;99;2019-06-14T16:18:43;
100;98.55;641.24;0.00;0.00;0.00;99;2019-06-14T16:18:44;
100;101.08;641.08;0.00;0.00;0.00;99;2019-06-14T16:18:45;
100;101.08;641.05;0.00;0.00;0.00;99;2019-06-14T16:18:46;
100;99.74;640.76;0.00;0.00;0.00;99;2019-06-14T16:18:47;
100;101.08;641.10;0.00;0.00;0.00;99;2019-06-14T16:18:48;
100;99.07;640.98;0.00;0.00;0.00;99;2019-06-14T16:18:49;
100;99.07;640.72;0.00;0.00;0.00;99;2019-06-14T16:18:50;
100;100.41;641.10;0.00;0.00;0.00;99;2019-06-14T16:18:51;
100;99.07;640.95;0.00;0.00;0.00;99;2019-06-14T16:18:52;
100;99.07;640.85;0.00;0.00;0.00;99;2019-06-14T16:18:53;
100;101.08;641.07;0.00;0.00;0.00;99;2019-06-14T16:18:54;
100;101.08;641.07;0.00;0.00;0.00;99;2019-06-14T16:18:55;
100;99.74;640.85;0.00;0.00;0.00;99;2019-06-14T16:18:56;
100;99.74;640.86;0.00;0.00;0.00;99;2019-06-14T16:18:57;
100;99.74;640.98;0.00;0.00;0.00;99;2019-06-14T16:18:58;
100;100.41;640.82;0.00;0.00;0.00;99;2019-06-14T16:18:59;
100;99.07;640.80;0.00;0.00;0.00;99;2019-06-14T16:19:00;
100;99.74;640.87;0.00;0.00;0.00;99;2019-06-14T16:19:01;
100;99.74;640.76;0.00;0.00;0.00;99;2019-06-14T16:19:02;
100;99.74;640.70;0.00;0.00;0.00;99;2019-06-14T16:19:03;
100;102.42;640.64;0.00;0.00;0.00;99;2019-06-14T16:19:04;
100;99.74;640.61;0.00;0.00;0.00;99;2019-06-14T16:19:05;
100;100.41;640.71;0.00;0.00;0.00;99;2019-06-14T16:19:06;
100;100.41;640.52;0.00;0.00;0.00;99;2019-06-14T16:19:07;
100;102.42;640.27;0.00;0.00;0.00;99;2019-06-14T16:19:08;
100;101.08;640.30;0.00;0.00;0.00;99;2019-06-14T16:19:09;
100;101.08;640.23;0.00;0.00;0.00;99;2019-06-14T16:19:10;
100;100.41;640.17;0.00;0.00;0.00;99;2019-06-14T16:19:11;
100;99.74;640.08;0.00;0.00;0.00;99;2019-06-14T16:19:12;
100;100.41;640.31;0.00;0.00;0.00;99;2019-06-14T16:19:13;
100;101.08;640.03;0.00;0.00;0.00;99;2019-06-14T16:19:14;
100;99.07;639.99;0.00;0.00;0.00;99;2019-06-14T16:19:15;
100;100.41;640.28;0.00;0.00;0.00;99;2019-06-14T16:19:16;
200;129.19;657.10;0.00;0.00;0.00;99;2019-06-14T16:19:17;
200;146.59;666.49;0.00;0.00;0.00;99;2019-06-14T16:19:18;
200;160.65;672.73;0.00;0.00;0.00;99;2019-06-14T16:19:19;
200;172.03;677.18;0.00;0.00;0.00;99;2019-06-14T16:19:20;
200;180.06;680.58;0.00;0.00;0.00;99;2019-06-14T16:19:21;
200;186.09;683.05;0.00;0.00;0.00;99;2019-06-14T16:19:22;
200;188.77;684.74;0.00;0.00;0.00;99;2019-06-14T16:19:23;
200;190.77;685.98;0.00;0.00;0.00;99;2019-06-14T16:19:24;
200;193.45;686.68;0.00;0.00;0.00;99;2019-06-14T16:19:25;
200;195.46;687.35;0.00;0.00;0.00;99;2019-06-14T16:19:26;
200;198.14;687.63;0.00;0.00;0.00;99;2019-06-14T16:19:27;
200;198.14;687.69;0.00;0.00;0.00;99;2019-06-14T16:19:28;
200;197.47;687.70;0.00;0.00;0.00;99;2019-06-14T16:19:29;
200;201.50;688.04;0.00;0.00;0.00;99;2019-06-14T16:19:30;
200;198.14;687.90;0.00;0.00;0.00;99;2019-06-14T16:19:31;
200;199.82;688.21;0.00;0.00;0.00;99;2019-06-14T16:19:32;
200;199.82;688.14;0.00;0.00;0.00;99;2019-06-14T16:19:33;
200;199.82;688.30;0.00;0.00;0.00;99;2019-06-14T16:19:34;
200;197.47;687.98;0.00;0.00;0.00;99;2019-06-14T16:19:35;
200;199.82;688.36;0.00;0.00;0.00;99;2019-06-14T16:19:36;
200;199.82;688.23;0.00;0.00;0.00;99;2019-06-14T16:19:37;
200;200.66;688.17;0.00;0.00;0.00;99;2019-06-14T16:19:38;
200;198.98;688.19;0.00;0.00;0.00;99;2019-06-14T16:19:39;
200;198.98;688.36;0.00;0.00;0.00;99;2019-06-14T16:19:40;
200;199.82;688.35;0.00;0.00;0.00;99;2019-06-14T16:19:41;
200;199.82;688.19;0.00;0.00;0.00;99;2019-06-14T16:19:42;
200;201.50;688.07;0.00;0.00;0.00;99;2019-06-14T16:19:43;
200;200.66;688.27;0.00;0.00;0.00;99;2019-06-14T16:19:44;
200;201.50;688.10;0.00;0.00;0.00;99;2019-06-14T16:19:45;
200;199.82;688.21;0.00;0.00;0.00;99;2019-06-14T16:19:46;
200;200.66;688.20;0.00;0.00;0.00;99;2019-06-14T16:19:47;
200;199.82;688.27;0.00;0.00;0.00;99;2019-06-14T16:19:48;
200;199.82;688.02;0.00;0.00;0.00;99;2019-06-14T16:19:49;
200;202.33;688.23;0.00;0.00;0.00;99;2019-06-14T16:19:50;
200;201.50;688.34;0.00;0.00;0.00;99;2019-06-14T16:19:51;
200;199.82;687.82;0.00;0.00;0.00;99;2019-06-14T16:19:52;
200;198.14;687.81;0.00;0.00;0.00;99;2019-06-14T16:19:53;
200;201.50;688.34;0.00;0.00;0.00;99;2019-06-14T16:19:54;
200;198.98;687.95;0.00;0.00;0.00;99;2019-06-14T16:19:55;
200;200.66;688.03;0.00;0.00;0.00;99;2019-06-14T16:19:56;
200;199.82;687.75;0.00;0.00;0.00;99;2019-06-14T16:19:57;
200;198.98;687.87;0.00;0.00;0.00;99;2019-06-14T16:19:58;
200;202.33;688.01;0.00;0.00;0.00;99;2019-06-14T16:19:59;
200;200.66;688.02;0.00;0.00;0.00;99;2019-06-14T16:20:00;
200;201.50;688.08;0.00;0.00;0.00;99;2019-06-14T16:20:01;
200;201.50;687.72;0.00;0.00;0.00;99;2019-06-14T16:20:02;
200;200.66;687.92;0.00;0.00;0.00;99;2019-06-14T16:20:03;
200;200.66;687.91;0.00;0.00;0.00;99;2019-06-14T16:20:04;
200;198.98;687.75;0.00;0.00;0.00;99;2019-06-14T16:20:05;
200;200.66;687.88;0.00;0.00;0.00;99;2019-06-14T16:20:06;
200;201.50;688.02;0.00;0.00;0.00;99;2019-06-14T16:20:07;
200;199.82;687.78;0.00;0.00;0.00;99;2019-06-14T16:20:08;
200;198.98;687.80;0.00;0.00;0.00;99;2019-06-14T16:20:09;
200;200.66;687.96;0.00;0.00;0.00;99;2019-06-14T16:20:10;
200;200.66;687.74;0.00;0.00;0.00;99;2019-06-14T16:20:11;
200;201.50;687.80;0.00;0.00;0.00;99;2019-06-14T16:20:12;
200;198.98;687.81;0.00;0.00;0.00;99;2019-06-14T16:20:13;
200;199.82;687.82;0.00;0.00;0.00;99;2019-06-14T16:20:14;
200;201.50;687.79;0.00;0.00;0.00;99;2019-06-14T16:20:15;
200;202.33;687.70;0.00;0.00;0.00;99;2019-06-14T16:20:16;
200;200.66;687.74;0.00;0.00;0.00;99;2019-06-14T16:20:17;
200;200.66;687.70;0.00;0.00;0.00;99;2019-06-14T16:20:18;
200;201.50;687.30;0.00;0.00;0.00;99;2019-06-14T16:20:19;
200;198.98;687.46;0.00;0.00;0.00;99;2019-06-14T16:20:20;
200;199.82;687.45;0.00;0.00;0.00;99;2019-06-14T16:20:21;
200;200.66;687.44;0.00;0.00;0.00;99;2019-06-14T16:20:22;
200;200.66;687.32;0.00;0.00;0.00;99;2019-06-14T16:20:23;
200;201.50;687.35;0.00;0.00;0.00;99;2019-06-14T16:20:24;
200;199.82;687.24;0.00;0.00;0.00;99;2019-06-14T16:20:25;
200;202.33;687.18;0.00;0.00;0.00;99;2019-06-14T16:20:26;
200;201.50;687.22;0.00;0.00;0.00;99;2019-06-14T16:20:27;
200;198.98;686.94;0.00;0.00;0.00;99;2019-06-14T16:20:28;
200;197.47;686.86;0.00;0.00;0.00;99;2019-06-14T16:20:29;
200;200.66;687.19;0.00;0.00;0.00;99;2019-06-14T16:20:30;
200;200.66;686.98;0.00;0.00;0.00;99;2019-06-14T16:20:31;
200;199.82;687.24;0.00;0.00;0.00;99;2019-06-14T16:20:32;
200;199.82;687.10;0.00;0.00;0.00;99;2019-06-14T16:20:33;
200;200.66;687.20;0.00;0.00;0.00;99;2019-06-14T16:20:34;
200;198.14;686.77;0.00;0.00;0.00;99;2019-06-14T16:20:35;
200;202.33;687.10;0.00;0.00;0.00;99;2019-06-14T16:20:36;
200;200.66;686.73;0.00;0.00;0.00;99;2019-06-14T16:20:37;
200;198.98;686.98;0.00;0.00;0.00;99;2019-06-14T16:20:38;
200;198.98;686.89;0.00;0.00;0.00;99;2019-06-14T16:20:39;
200;199.82;686.85;0.00;0.00;0.00;99;2019-06-14T16:20:40;
200;199.82;686.86;0.00;0.00;0.00;99;2019-06-14T16:20:41;
200;199.82;686.64;0.00;0.00;0.00;99;2019-06-14T16:20:42;
200;199.82;687.14;0.00;0.00;0.00;99;2019-06-14T16:20:43;
200;200.66;687.06;0.00;0.00;0.00;99;2019-06-14T16:20:44;
200;200.66;687.05;0.00;0.00;0.00;99;2019-06-14T16:20:45;
200;202.33;687.09;0.00;0.00;0.00;99;2019-06-14T16:20:46;
200;200.66;686.86;0.00;0.00;0.00;99;2019-06-14T16:20:47;
200;199.82;686.83;0.00;0.00;0.00;99;2019-06-14T16:20:48;
200;201.50;687.02;0.00;0.00;0.00;99;2019-06-14T16:20:49;
200;201.50;687.00;0.00;0.00;0.00;99;2019-06-14T16:20:50;
200;198.98;686.97;0.00;0.00;0.00;99;2019-06-14T16:20:51;
200;199.82;686.87;0.00;0.00;0.00;99;2019-06-14T16:20:52;
200;200.66;687.01;0.00;0.00;0.00;99;2019-06-14T16:20:53;
200;198.98;686.91;0.00;0.00;0.00;99;2019-06-14T16:20:54;
200;199.82;686.67;0.00;0.00;0.00;99;2019-06-14T16:20:55;
200;200.66;687.01;0.00;0.00;0.00;99;2019-06-14T16:20:56;
200;198.98;686.85;0.00;0.00;0.00;99;2019-06-14T16:20:57;
200;198.98;686.79;0.00;0.00;0.00;99;2019-06-14T16:20:58;
200;200.66;686.96;0.00;0.00;0.00;99;2019-06-14T16:20:59;
200;199.82;686.89;0.00;0.00;0.00;99;2019-06-14T16:21:00;
200;198.98;687.00;0.00;0.00;0.00;99;2019-06-14T16:21:01;
200;201.50;686.64;0.00;0.00;0.00;99;2019-06-14T16:21:02;
200;200.66;687.02;0.00;0.00;0.00;99;2019-06-14T16:21:03;
200;200.66;686.87;0.00;0.00;0.00;99;2019-06-14T16:21:04;
200;199.82;686.44;0.00;0.00;0.00;99;2019-06-14T16:21:05;
200;198.98;686.94;0.00;0.00;0.00;99;2019-06-14T16:21:06;
200;198.98;686.95;0.00;0.00;0.00;99;2019-06-14T16:21:07;
200;199.82;686.53;0.00;0.00;0.00;99;2019-06-14T16:21:08;
200;199.82;686.45;0.00;0.00;0.00;99;2019-06-14T16:21:09;
200;200.66;686.76;0.00;0.00;0.00;99;2019-06-14T16:21:10;
200;198.98;686.71;0.00;0.00;0.00;99;2019-06-14T16:21:11;
200;199.82;686.88;0.00;0.00;0.00;99;2019-06-14T16:21:12;
200;200.66;686.90;0.00;0.00;0.00;99;2019-06-14T16:21:13;
200;199.82;686.77;0.00;0.00;0.00;99;2019-06-14T16:21:14;
200;200.66;686.89;0.00;0.00;0.00;99;2019-06-14T16:21:15;
200;198.98;686.49;0.00;0.00;0.00;99;2019-06-14T16:21:16;
200;198.98;686.80;0.00;0.00;0.00;99;2019-06-14T16:21:17;
200;199.82;686.67;0.00;0.00;0.00;99;2019-06-14T16:21:18;
200;201.50;686.48;0.00;0.00;0.00;99;2019-06-14T16:21:19;
200;198.98;686.68;0.00;0.00;0.00;99;2019-06-14T16:21:20;
200;199.82;686.46;0.00;0.00;0.00;99;2019-06-14T16:21:21;
200;201.50;686.30;0.00;0.00;0.00;99;2019-06-14T16:21:22;
200;199.82;686.28;0.00;0.00;0.00;99;2019-06-14T16:21:23;
200;198.98;686.49;0.00;0.00;0.00;99;2019-06-14T16:21:24;
200;201.50;686.27;0.00;0.00;0.00;99;2019-06-14T16:21:25;
200;199.82;686.12;0.00;0.00;0.00;99;2019-06-14T16:21:26;
200;199.82;686.07;0.00;0.00;0.00;99;2019-06-14T16:21:27;
200;198.98;686.19;0.00;0.00;0.00;99;2019-06-14T16:21:28;
200;199.82;686.32;0.00;0.00;0.00;99;2019-06-14T16:21:29;
200;201.50;686.23;0.00;0.00;0.00;99;2019-06-14T16:21:30;
200;202.33;686.25;0.00;0.00;0.00;99;2019-06-14T16:21:31;
200;199.82;686.22;0.00;0.00;0.00;99;2019-06-14T16:21:32;
200;198.98;686.22;0.00;0.00;0.00;99;2019-06-14T16:21:33;
200;198.98;686.09;0.00;0.00;0.00;99;2019-06-14T16:21:34;
200;201.50;686.03;0.00;0.00;0.00;99;2019-06-14T16:21:35;
200;199.82;686.13;0.00;0.00;0.00;99;2019-06-14T16:21:36;
200;201.50;686.16;0.00;0.00;0.00;99;2019-06-14T16:21:37;
200;199.82;686.17;0.00;0.00;0.00;99;2019-06-14T16:21:38;
200;199.82;686.16;0.00;0.00;0.00;99;2019-06-14T16:21:39;
200;201.50;686.16;0.00;0.00;0.00;99;2019-06-14T16:21:40;
200;200.66;686.11;0.00;0.00;0.00;99;2019-06-14T16:21:41;
200;201.50;686.17;0.00;0.00;0.00;99;2019-06-14T16:21:42;
200;198.14;685.83;0.00;0.00;0.00;99;2019-06-14T16:21:43;
200;199.82;686.22;0.00;0.00;0.00;99;2019-06-14T16:21:44;
200;200.66;685.96;0.00;0.00;0.00;99;2019-06-14T16:21:45;
200;201.50;685.89;0.00;0.00;0.00;99;2019-06-14T16:21:46;
200;202.33;686.19;0.00;0.00;0.00;99;2019-06-14T16:21:47;
200;199.82;686.13;0.00;0.00;0.00;99;2019-06-14T16:21:48;
200;199.82;686.19;0.00;0.00;0.00;99;2019-06-14T16:21:49;
200;199.82;686.10;0.00;0.00;0.00;99;2019-06-14T16:21:50;
200;199.82;685.91;0.00;0.00;0.00;99;2019-06-14T16:21:51;
200;199.82;686.15;0.00;0.00;0.00;99;2019-06-14T16:21:52;
200;200.66;685.74;0.00;0.00;0.00;99;2019-06-14T16:21:53;
200;200.66;686.11;0.00;0.00;0.00;99;2019-06-14T16:21:54;
200;202.33;686.12;0.00;0.00;0.00;99;2019-06-14T16:21:55;
200;201.50;686.23;0.00;0.00;0.00;99;2019-06-14T16:21:56;
200;200.66;686.11;0.00;0.00;0.00;99;2019-06-14T16:21:57;
200;198.98;685.72;0.00;0.00;0.00;99;2019-06-14T16:21:58;
200;201.50;685.92;0.00;0.00;0.00;99;2019-06-14T16:21:59;
200;199.82;685.78;0.00;0.00;0.00;99;2019-06-14T16:22:00;
200;198.98;685.87;0.00;0.00;0.00;99;2019-06-14T16:22:01;
200;201.50;686.05;0.00;0.00;0.00;99;2019-06-14T16:22:02;
200;199.82;686.00;0.00;0.00;0.00;99;2019-06-14T16:22:03;
200;198.14;685.88;0.00;0.00;0.00;99;2019-06-14T16:22:04;
200;200.66;685.85;0.00;0.00;0.00;99;2019-06-14T16:22:05;
200;199.82;685.86;0.00;0.00;0.00;99;2019-06-14T16:22:06;
200;198.98;685.72;0.00;0.00;0.00;99;2019-06-14T16:22:07;
200;200.66;685.65;0.00;0.00;0.00;99;2019-06-14T16:22:08;
200;200.66;686.13;0.00;0.00;0.00;99;2019-06-14T16:22:09;
200;200.66;686.15;0.00;0.00;0.00;99;2019-06-14T16:22:10;
200;198.98;685.69;0.00;0.00;0.00;99;2019-06-14T16:22:11;
200;201.50;686.13;0.00;0.00;0.00;99;2019-06-14T16:22:12;
200;200.66;686.02;0.00;0.00;0.00;99;2019-06-14T16:22:13;
200;199.82;685.79;0.00;0.00;0.00;99;2019-06-14T16:22:14;
200;198.98;685.92;0.00;0.00;0.00;99;2019-06-14T16:22:15;
200;201.50;685.81;0.00;0.00;0.00;99;2019-06-14T16:22:16;
200;198.98;685.93;0.00;0.00;0.00;99;2019-06-14T16:22:17;
200;198.98;685.80;0.00;0.00;0.00;99;2019-06-14T16:22:18;
200;201.50;686.09;0.00;0.00;0.00;99;2019-06-14T16:22:19;
200;198.98;686.13;0.00;0.00;0.00;99;2019-06-14T16:22:20;
200;198.98;685.93;0.00;0.00;0.00;99;2019-06-14T16:22:21;
200;198.98;685.93;0.00;0.00;0.00;99;2019-06-14T16:22:22;
200;200.66;686.10;0.00;0.00;0.00;99;2019-06-14T16:22:23;
200;199.82;685.69;0.00;0.00;0.00;99;2019-06-14T16:22:24;
200;203.17;686.03;0.00;0.00;0.00;99;2019-06-14T16:22:25;
200;198.98;685.68;0.00;0.00;0.00;99;2019-06-14T16:22:26;
200;200.66;685.90;0.00;0.00;0.00;99;2019-06-14T16:22:27;
200;201.50;686.04;0.00;0.00;0.00;99;2019-06-14T16:22:28;
200;199.82;686.06;0.00;0.00;0.00;99;2019-06-14T16:22:29;
200;198.98;685.84;0.00;0.00;0.00;99;2019-06-14T16:22:30;
200;200.66;686.07;0.00;0.00;0.00;99;2019-06-14T16:22:31;
200;200.66;686.12;0.00;0.00;0.00;99;2019-06-14T16:22:32;
200;201.50;686.06;0.00;0.00;0.00;99;2019-06-14T16:22:33;
200;198.14;685.97;0.00;0.00;0.00;99;2019-06-14T16:22:34;
200;199.82;685.87;0.00;0.00;0.00;99;2019-06-14T16:22:35;
200;199.82;686.10;0.00;0.00;0.00;99;2019-06-14T16:22:36;
200;201.50;686.08;0.00;0.00;0.00;99;2019-06-14T16:22:37;
200;199.82;686.07;0.00;0.00;0.00;99;2019-06-14T16:22:38;
200;201.50;686.10;0.00;0.00;0.00;99;2019-06-14T16:22:39;
200;201.50;686.05;0.00;0.00;0.00;99;2019-06-14T16:22:40;
200;198.98;685.80;0.00;0.00;0.00;99;2019-06-14T16:22:41;
200;199.82;685.79;0.00;0.00;0.00;99;2019-06-14T16:22:42;
200;198.98;685.72;0.00;0.00;0.00;99;2019-06-14T16:22:43;
200;202.33;686.01;0.00;0.00;0.00;99;2019-06-14T16:22:44;
200;201.50;685.62;0.00;0.00;0.00;99;2019-06-14T16:22:45;
200;198.98;685.83;0.00;0.00;0.00;99;2019-06-14T16:22:46;
200;198.98;685.87;0.00;0.00;0.00;99;2019-06-14T16:22:47;
200;200.66;685.82;0.00;0.00;0.00;99;2019-06-14T16:22:48;
200;201.50;685.87;0.00;0.00;0.00;99;2019-06-14T16:22:49;
200;199.82;685.81;0.00;0.00;0.00;99;2019-06-14T16:22:50;
200;198.98;685.60;0.00;0.00;0.00;99;2019-06-14T16:22:51;
200;198.98;685.86;0.00;0.00;0.00;99;2019-06-14T16:22:52;
200;199.82;685.87;0.00;0.00;0.00;99;2019-06-14T16:22:53;
200;198.98;685.97;0.00;0.00;0.00;99;2019-06-14T16:22:54;
200;200.66;686.00;0.00;0.00;0.00;99;2019-06-14T16:22:55;
200;201.50;685.55;0.00;0.00;0.00;99;2019-06-14T16:22:56;
200;200.66;686.00;0.00;0.00;0.00;99;2019-06-14T16:22:57;
200;198.98;685.66;0.00;0.00;0.00;99;2019-06-14T16:22:58;
200;199.82;685.82;0.00;0.00;0.00;99;2019-06-14T16:22:59;
200;198.98;685.71;0.00;0.00;0.00;99;2019-06-14T16:23:00;
200;199.82;685.91;0.00;0.00;0.00;99;2019-06-14T16:23:01;
200;198.98;685.52;0.00;0.00;0.00;99;2019-06-14T16:23:02;
200;199.82;685.75;0.00;0.00;0.00;99;2019-06-14T16:23:03;
200;200.66;685.75;0.00;0.00;0.00;99;2019-06-14T16:23:04;
200;198.98;685.76;0.00;0.00;0.00;99;2019-06-14T16:23:05;
200;200.66;685.68;0.00;0.00;0.00;99;2019-06-14T16:23:06;
200;200.66;685.66;0.00;0.00;0.00;99;2019-06-14T16:23:07;
200;199.82;685.51;0.00;0.00;0.00;99;2019-06-14T16:23:08;
200;200.66;685.43;0.00;0.00;0.00;99;2019-06-14T16:23:09;
200;199.82;685.70;0.00;0.00;0.00;99;2019-06-14T16:23:10;
200;198.98;685.51;0.00;0.00;0.00;99;2019-06-14T16:23:11;
200;201.50;685.65;0.00;0.00;0.00;99;2019-06-14T16:23:12;
200;201.50;685.53;0.00;0.00;0.00;99;2019-06-14T16:23:13;
200;200.66;685.53;0.00;0.00;0.00;99;2019-06-14T16:23:14;
200;199.82;685.81;0.00;0.00;0.00;99;2019-06-14T16:23:15;
200;199.82;685.67;0.00;0.00;0.00;99;2019-06-14T16:23:16;
200;200.66;685.58;0.00;0.00;0.00;99;2019-06-14T16:23:17;
200;199.82;685.64;0.00;0.00;0.00;99;2019-06-14T16:23:18;
200;200.66;685.83;0.00;0.00;0.00;99;2019-06-14T16:23:19;
200;201.50;685.56;0.00;0.00;0.00;99;2019-06-14T16:23:20;
200;201.50;685.52;0.00;0.00;0.00;99;2019-06-14T16:23:21;
200;201.50;685.33;0.00;0.00;0.00;99;2019-06-14T16:23:22;
200;200.66;685.38;0.00;0.00;0.00;99;2019-06-14T16:23:23;
200;199.82;685.39;0.00;0.00;0.00;99;2019-06-14T16:23:24;
200;199.82;685.37;0.00;0.00;0.00;99;2019-06-14T16:23:25;
200;199.82;685.30;0.00;0.00;0.00;99;2019-06-14T16:23:26;
200;200.66;685.20;0.00;0.00;0.00;99;2019-06-14T16:23:27;
200;201.50;685.30;0.00;0.00;0.00;99;2019-06-14T16:23:28;
200;198.98;684.99;0.00;0.00;0.00;99;2019-06-14T16:23:29;
200;199.82;685.20;0.00;0.00;0.00;99;2019-06-14T16:23:30;
200;199.82;685.28;0.00;0.00;0.00;99;2019-06-14T16:23:31;
200;198.14;684.94;0.00;0.00;0.00;99;2019-06-14T16:23:32;
200;198.98;685.16;0.00;0.00;0.00;99;2019-06-14T16:23:33;
200;198.14;684.99;0.00;0.00;0.00;99;2019-06-14T16:23:34;
200;201.50;685.48;0.00;0.00;0.00;99;2019-06-14T16:23:35;
200;200.66;685.22;0.00;0.00;0.00;99;2019-06-14T16:23:36;
200;199.82;685.28;0.00;0.00;0.00;99;2019-06-14T16:23:37;
200;199.82;685.24;0.00;0.00;0.00;99;2019-06-14T16:23:38;
200;199.82;685.24;0.00;0.00;0.00;99;2019-06-14T16:23:39;
200;199.82;685.33;0.00;0.00;0.00;99;2019-06-14T16:23:40;
200;198.14;684.98;0.00;0.00;0.00;99;2019-06-14T16:23:41;
200;199.82;685.21;0.00;0.00;0.00;99;2019-06-14T16:23:42;
200;200.66;685.18;0.00;0.00;0.00;99;2019-06-14T16:23:43;
200;199.82;685.15;0.00;0.00;0.00;99;2019-06-14T16:23:44;
200;199.82;685.04;0.00;0.00;0.00;99;2019-06-14T16:23:45;
200;200.66;685.18;0.00;0.00;0.00;99;2019-06-14T16:23:46;
200;201.50;685.01;0.00;0.00;0.00;99;2019-06-14T16:23:47;
200;199.82;685.13;0.00;0.00;0.00;99;2019-06-14T16:23:48;
200;200.66;685.16;0.00;0.00;0.00;99;2019-06-14T16:23:49;
200;200.66;685.13;0.00;0.00;0.00;99;2019-06-14T16:23:50;
200;200.66;685.23;0.00;0.00;0.00;99;2019-06-14T16:23:51;
200;198.98;684.96;0.00;0.00;0.00;99;2019-06-14T16:23:52;
200;198.14;684.83;0.00;0.00;0.00;99;2019-06-14T16:23:53;
200;200.66;684.98;0.00;0.00;0.00;99;2019-06-14T16:23:54;
200;201.50;685.13;0.00;0.00;0.00;99;2019-06-14T16:23:55;
200;201.50;684.87;0.00;0.00;0.00;99;2019-06-14T16:23:56;
200;199.82;684.89;0.00;0.00;0.00;99;2019-06-14T16:23:57;
200;199.82;684.96;0.00;0.00;0.00;99;2019-06-14T16:23:58;
200;201.50;685.04;0.00;0.00;0.00;99;2019-06-14T16:23:59;
200;201.50;685.17;0.00;0.00;0.00;99;2019-06-14T16:24:00;
200;201.50;685.10;0.00;0.00;0.00;99;2019-06-14T16:24:01;
200;199.82;685.07;0.00;0.00;0.00;99;2019-06-14T16:24:02;
200;202.33;685.09;0.00;0.00;0.00;99;2019-06-14T16:24:03;
200;198.14;684.96;0.00;0.00;0.00;99;2019-06-14T16:24:04;
200;200.66;685.02;0.00;0.00;0.00;99;2019-06-14T16:24:05;
200;202.33;685.23;0.00;0.00;0.00;99;2019-06-14T16:24:06;
200;200.66;685.11;0.00;0.00;0.00;99;2019-06-14T16:24:07;
200;202.33;685.30;0.00;0.00;0.00;99;2019-06-14T16:24:08;
200;199.82;685.19;0.00;0.00;0.00;99;2019-06-14T16:24:09;
200;199.82;685.02;0.00;0.00;0.00;99;2019-06-14T16:24:10;
200;202.33;685.22;0.00;0.00;0.00;99;2019-06-14T16:24:11;
200;199.82;684.79;0.00;0.00;0.00;99;2019-06-14T16:24:12;
200;200.66;685.11;0.00;0.00;0.00;99;2019-06-14T16:24:13;
200;200.66;685.02;0.00;0.00;0.00;99;2019-06-14T16:24:14;
200;198.98;684.93;0.00;0.00;0.00;99;2019-06-14T16:24:15;
200;199.82;684.66;0.00;0.00;0.00;99;2019-06-14T16:24:16;
300;244.31;703.36;0.00;0.00;0.00;99;2019-06-14T16:24:17;
300;260.26;709.32;0.00;0.00;0.00;99;2019-06-14T16:24:18;
300;268.66;713.94;0.00;0.00;0.00;99;2019-06-14T16:24:19;
300;277.90;717.71;0.00;0.00;0.00;99;2019-06-14T16:24:20;
300;283.77;720.37;0.00;0.00;0.00;99;2019-06-14T16:24:21;
300;287.97;722.14;0.00;0.00;0.00;99;2019-06-14T16:24:22;
300;292.17;723.87;0.00;0.00;0.00;99;2019-06-14T16:24:23;
300;293.85;725.10;0.00;0.00;0.00;99;2019-06-14T16:24:24;
300;296.37;726.01;0.00;0.00;0.00;99;2019-06-14T16:24:25;
300;294.69;726.79;0.00;0.00;0.00;99;2019-06-14T16:24:26;
300;296.37;727.29;0.00;0.00;0.00;99;2019-06-14T16:24:27;
300;297.21;727.57;0.00;0.00;0.00;99;2019-06-14T16:24:28;
300;298.29;727.82;0.00;0.00;0.00;99;2019-06-14T16:24:29;
300;299.38;727.47;0.00;0.00;0.00;99;2019-06-14T16:24:30;
300;299.38;727.67;0.00;0.00;0.00;99;2019-06-14T16:24:31;
300;298.29;727.27;0.00;0.00;0.00;99;2019-06-14T16:24:32;
300;299.38;727.39;0.00;0.00;0.00;99;2019-06-14T16:24:33;
300;303.74;727.49;0.00;0.00;0.00;99;2019-06-14T16:24:34;
300;299.38;727.56;0.00;0.00;0.00;99;2019-06-14T16:24:35;
300;297.21;726.87;0.00;0.00;0.00;99;2019-06-14T16:24:36;
300;302.65;727.32;0.00;0.00;0.00;99;2019-06-14T16:24:37;
300;300.47;727.45;0.00;0.00;0.00;99;2019-06-14T16:24:38;
300;300.47;726.86;0.00;0.00;0.00;99;2019-06-14T16:24:39;
300;301.56;726.98;0.00;0.00;0.00;99;2019-06-14T16:24:40;
300;299.38;726.88;0.00;0.00;0.00;99;2019-06-14T16:24:41;
300;299.38;726.81;0.00;0.00;0.00;99;2019-06-14T16:24:42;
300;299.38;726.76;0.00;0.00;0.00;99;2019-06-14T16:24:43;
300;299.38;726.73;0.00;0.00;0.00;99;2019-06-14T16:24:44;
300;299.38;726.34;0.00;0.00;0.00;99;2019-06-14T16:24:45;
300;302.65;726.52;0.00;0.00;0.00;99;2019-06-14T16:24:46;
300;300.47;726.70;0.00;0.00;0.00;99;2019-06-14T16:24:47;
300;299.38;726.62;0.00;0.00;0.00;99;2019-06-14T16:24:48;
300;301.56;726.27;0.00;0.00;0.00;99;2019-06-14T16:24:49;
300;300.47;726.72;0.00;0.00;0.00;99;2019-06-14T16:24:50;
300;300.47;726.53;0.00;0.00;0.00;99;2019-06-14T16:24:51;
300;299.38;726.57;0.00;0.00;0.00;99;2019-06-14T16:24:52;
300;301.56;726.06;0.00;0.00;0.00;99;2019-06-14T16:24:53;
300;301.56;726.34;0.00;0.00;0.00;99;2019-06-14T16:24:54;
300;301.56;725.63;0.00;0.00;0.00;99;2019-06-14T16:24:55;
300;300.47;726.25;0.00;0.00;0.00;99;2019-06-14T16:24:56;
300;300.47;725.70;0.00;0.00;0.00;99;2019-06-14T16:24:57;
300;300.47;725.82;0.00;0.00;0.00;99;2019-06-14T16:24:58;
300;302.65;726.12;0.00;0.00;0.00;99;2019-06-14T16:24:59;
300;299.38;725.98;0.00;0.00;0.00;99;2019-06-14T16:25:00;
300;301.56;725.90;0.00;0.00;0.00;99;2019-06-14T16:25:01;
300;298.29;725.74;0.00;0.00;0.00;99;2019-06-14T16:25:02;
300;299.38;726.14;0.00;0.00;0.00;99;2019-06-14T16:25:03;
300;301.56;726.13;0.00;0.00;0.00;99;2019-06-14T16:25:04;
300;300.47;725.61;0.00;0.00;0.00;99;2019-06-14T16:25:05;
300;299.38;725.85;0.00;0.00;0.00;99;2019-06-14T16:25:06;
300;300.47;725.84;0.00;0.00;0.00;99;2019-06-14T16:25:07;
300;302.65;726.11;0.00;0.00;0.00;99;2019-06-14T16:25:08;
300;299.38;725.48;0.00;0.00;0.00;99;2019-06-14T16:25:09;
300;301.56;725.92;0.00;0.00;0.00;99;2019-06-14T16:25:10;
300;299.38;725.80;0.00;0.00;0.00;99;2019-06-14T16:25:11;
300;298.29;725.96;0.00;0.00;0.00;99;2019-06-14T16:25:12;
300;301.56;725.51;0.00;0.00;0.00;99;2019-06-14T16:25:13;
300;299.38;725.77;0.00;0.00;0.00;99;2019-06-14T16:25:14;
300;301.56;726.10;0.00;0.00;0.00;99;2019-06-14T16:25:15;
300;299.38;725.73;0.00;0.00;0.00;99;2019-06-14T16:25:16;
300;299.38;725.87;0.00;0.00;0.00;99;2019-06-14T16:25:17;
300;299.38;725.75;0.00;0.00;0.00;99;2019-06-14T16:25:18;
300;299.38;725.65;0.00;0.00;0.00;99;2019-06-14T16:25:19;
300;302.65;725.91;0.00;0.00;0.00;99;2019-06-14T16:25:20;
300;299.38;725.97;0.00;0.00;0.00;99;2019-06-14T16:25:21;
300;299.38;725.95;0.00;0.00;0.00;99;2019-06-14T16:25:22;
300;300.47;725.86;0.00;0.00;0.00;99;2019-06-14T16:25:23;
300;299.38;725.85;0.00;0.00;0.00;99;2019-06-14T16:25:24;
300;299.38;725.94;0.00;0.00;0.00;99;2019-06-14T16:25:25;
300;299.38;725.96;0.00;0.00;0.00;99;2019-06-14T16:25:26;
300;302.65;725.90;0.00;0.00;0.00;99;2019-06-14T16:25:27;
300;300.47;725.94;0.00;0.00;0.00;99;2019-06-14T16:25:28;
300;299.38;725.92;0.00;0.00;0.00;99;2019-06-14T16:25:29;
300;299.38;725.79;0.00;0.00;0.00;99;2019-06-14T16:25:30;
300;301.56;725.97;0.00;0.00;0.00;99;2019-06-14T16:25:31;
300;299.38;725.47;0.00;0.00;0.00;99;2019-06-14T16:25:32;
300;301.56;725.65;0.00;0.00;0.00;99;2019-06-14T16:25:33;
300;300.47;725.95;0.00;0.00;0.00;99;2019-06-14T16:25:34;
300;298.29;725.90;0.00;0.00;0.00;99;2019-06-14T16:25:35;
300;298.29;725.52;0.00;0.00;0.00;99;2019-06-14T16:25:36;
300;298.29;725.46;0.00;0.00;0.00;99;2019-06-14T16:25:37;
300;299.38;725.78;0.00;0.00;0.00;99;2019-06-14T16:25:38;
300;300.47;726.06;0.00;0.00;0.00;99;2019-06-14T16:25:39;
300;299.38;726.03;0.00;0.00;0.00;99;2019-06-14T16:25:40;
300;298.29;725.74;0.00;0.00;0.00;99;2019-06-14T16:25:41;
300;302.65;726.08;0.00;0.00;0.00;99;2019-06-14T16:25:42;
300;302.65;726.16;0.00;0.00;0.00;99;2019-06-14T16:25:43;
300;301.56;726.00;0.00;0.00;0.00;99;2019-06-14T16:25:44;
300;298.29;725.65;0.00;0.00;0.00;99;2019-06-14T16:25:45;
300;299.38;726.16;0.00;0.00;0.00;99;2019-06-14T16:25:46;
300;299.38;726.00;0.00;0.00;0.00;99;2019-06-14T16:25:47;
300;301.56;725.91;0.00;0.00;0.00;99;2019-06-14T16:25:48;
300;298.29;725.71;0.00;0.00;0.00;99;2019-06-14T16:25:49;
300;299.38;725.71;0.00;0.00;0.00;99;2019-06-14T16:25:50;
300;298.29;725.70;0.00;0.00;0.00;99;2019-06-14T16:25:51;
300;302.65;726.09;0.00;0.00;0.00;99;2019-06-14T16:25:52;
300;302.65;725.68;0.00;0.00;0.00;99;2019-06-14T16:25:53;
300;300.47;726.13;0.00;0.00;0.00;99;2019-06-14T16:25:54;
300;302.65;726.23;0.00;0.00;0.00;99;2019-06-14T16:25:55;
300;300.47;726.10;0.00;0.00;0.00;99;2019-06-14T16:25:56;
300;299.38;725.82;0.00;0.00;0.00;99;2019-06-14T16:25:57;
300;299.38;726.00;0.00;0.00;0.00;99;2019-06-14T16:25:58;
300;301.56;726.20;0.00;0.00;0.00;99;2019-06-14T16:25:59;
300;296.37;725.90;0.00;0.00;0.00;99;2019-06-14T16:26:00;
300;301.56;726.14;0.00;0.00;0.00;99;2019-06-14T16:26:01;
300;302.65;726.16;0.00;0.00;0.00;99;2019-06-14T16:26:02;
300;299.38;725.67;0.00;0.00;0.00;99;2019-06-14T16:26:03;
300;299.38;726.17;0.00;0.00;0.00;99;2019-06-14T16:26:04;
300;298.29;725.61;0.00;0.00;0.00;99;2019-06-14T16:26:05;
300;300.47;725.99;0.00;0.00;0.00;99;2019-06-14T16:26:06;
300;300.47;726.01;0.00;0.00;0.00;99;2019-06-14T16:26:07;
300;300.47;726.09;0.00;0.00;0.00;99;2019-06-14T16:26:08;
300;302.65;726.10;0.00;0.00;0.00;99;2019-06-14T16:26:09;
300;300.47;725.49;0.00;0.00;0.00;99;2019-06-14T16:26:10;
300;299.38;725.88;0.00;0.00;0.00;99;2019-06-14T16:26:11;
300;300.47;726.06;0.00;0.00;0.00;99;2019-06-14T16:26:12;
300;298.29;725.63;0.00;0.00;0.00;99;2019-06-14T16:26:13;
300;296.37;725.99;0.00;0.00;0.00;99;2019-06-14T16:26:14;
300;300.47;725.83;0.00;0.00;0.00;99;2019-06-14T16:26:15;
300;301.56;726.10;0.00;0.00;0.00;99;2019-06-14T16:26:16;
300;299.38;726.17;0.00;0.00;0.00;99;2019-06-14T16:26:17;
300;300.47;726.09;0.00;0.00;0.00;99;2019-06-14T16:26:18;
300;298.29;725.89;0.00;0.00;0.00;99;2019-06-14T16:26:19;
300;298.29;725.70;0.00;0.00;0.00;99;2019-06-14T16:26:20;
300;298.29;725.68;0.00;0.00;0.00;99;2019-06-14T16:26:21;
300;295.53;725.92;0.00;0.00;0.00;99;2019-06-14T16:26:22;
300;299.38;725.88;0.00;0.00;0.00;99;2019-06-14T16:26:23;
300;298.29;725.70;0.00;0.00;0.00;99;2019-06-14T16:26:24;
300;299.38;726.12;0.00;0.00;0.00;99;2019-06-14T16:26:25;
300;302.65;726.08;0.00;0.00;0.00;99;2019-06-14T16:26:26;
300;298.29;725.83;0.00;0.00;0.00;99;2019-06-14T16:26:27;
300;302.65;726.11;0.00;0.00;0.00;99;2019-06-14T16:26:28;
300;299.38;726.00;0.00;0.00;0.00;99;2019-06-14T16:26:29;
300;301.56;725.89;0.00;0.00;0.00;99;2019-06-14T16:26:30;
300;299.38;726.21;0.00;0.00;0.00;99;2019-06-14T16:26:31;
300;299.38;726.07;0.00;0.00;0.00;99;2019-06-14T16:26:32;
300;301.56;725.95;0.00;0.00;0.00;99;2019-06-14T16:26:33;
300;300.47;726.27;0.00;0.00;0.00;99;2019-06-14T16:26:34;
300;303.74;726.25;0.00;0.00;0.00;99;2019-06-14T16:26:35;
300;299.38;726.43;0.00;0.00;0.00;99;2019-06-14T16:26:36;
300;299.38;726.23;0.00;0.00;0.00;99;2019-06-14T16:26:37;
300;302.65;726.22;0.00;0.00;0.00;99;2019-06-14T16:26:38;
300;299.38;725.90;0.00;0.00;0.00;99;2019-06-14T16:26:39;
300;299.38;726.09;0.00;0.00;0.00;99;2019-06-14T16:26:40;
300;298.29;725.90;0.00;0.00;0.00;99;2019-06-14T16:26:41;
300;300.47;725.67;0.00;0.00;0.00;99;2019-06-14T16:26:42;
300;301.56;725.67;0.00;0.00;0.00;99;2019-06-14T16:26:43;
300;302.65;726.16;0.00;0.00;0.00;99;2019-06-14T16:26:44;
300;299.38;726.12;0.00;0.00;0.00;99;2019-06-14T16:26:45;
300;302.65;726.17;0.00;0.00;0.00;99;2019-06-14T16:26:46;
300;300.47;726.07;0.00;0.00;0.00;99;2019-06-14T16:26:47;
300;298.29;725.74;0.00;0.00;0.00;99;2019-06-14T16:26:48;
300;301.56;726.09;0.00;0.00;0.00;99;2019-06-14T16:26:49;
300;298.29;725.73;0.00;0.00;0.00;99;2019-06-14T16:26:50;
300;300.47;725.56;0.00;0.00;0.00;99;2019-06-14T16:26:51;
300;300.47;725.86;0.00;0.00;0.00;99;2019-06-14T16:26:52;
300;299.38;726.16;0.00;0.00;0.00;99;2019-06-14T16:26:53;
300;301.56;726.28;0.00;0.00;0.00;99;2019-06-14T16:26:54;
300;298.29;725.88;0.00;0.00;0.00;99;2019-06-14T16:26:55;
300;301.56;726.12;0.00;0.00;0.00;99;2019-06-14T16:26:56;
300;298.29;725.88;0.00;0.00;0.00;99;2019-06-14T16:26:57;
300;298.29;725.80;0.00;0.00;0.00;99;2019-06-14T16:26:58;
300;299.38;726.36;0.00;0.00;0.00;99;2019-06-14T16:26:59;
300;300.47;726.01;0.00;0.00;0.00;99;2019-06-14T16:27:00;
300;301.56;726.03;0.00;0.00;0.00;99;2019-06-14T16:27:01;
300;298.29;725.56;0.00;0.00;0.00;99;2019-06-14T16:27:02;
300;299.38;726.19;0.00;0.00;0.00;99;2019-06-14T16:27:03;
300;298.29;725.70;0.00;0.00;0.00;99;2019-06-14T16:27:04;
300;300.47;726.43;0.00;0.00;0.00;99;2019-06-14T16:27:05;
300;302.65;726.17;0.00;0.00;0.00;99;2019-06-14T16:27:06;
300;299.38;726.05;0.00;0.00;0.00;99;2019-06-14T16:27:07;
300;299.38;726.01;0.00;0.00;0.00;99;2019-06-14T16:27:08;
300;298.29;725.96;0.00;0.00;0.00;99;2019-06-14T16:27:09;
300;299.38;726.47;0.00;0.00;0.00;99;2019-06-14T16:27:10;
300;302.65;726.03;0.00;0.00;0.00;99;2019-06-14T16:27:11;
300;299.38;726.28;0.00;0.00;0.00;99;2019-06-14T16:27:12;
300;299.38;726.04;0.00;0.00;0.00;99;2019-06-14T16:27:13;
300;302.65;726.43;0.00;0.00;0.00;99;2019-06-14T16:27:14;
300;298.29;726.30;0.00;0.00;0.00;99;2019-06-14T16:27:15;
300;301.56;726.22;0.00;0.00;0.00;99;2019-06-14T16:27:16;
300;298.29;725.71;0.00;0.00;0.00;99;2019-06-14T16:27:17;
300;299.38;726.30;0.00;0.00;0.00;99;2019-06-14T16:27:18;
300;299.38;726.18;0.00;0.00;0.00;99;2019-06-14T16:27:19;
300;299.38;726.17;0.00;0.00;0.00;99;2019-06-14T16:27:20;
300;301.56;726.07;0.00;0.00;0.00;99;2019-06-14T16:27:21;
300;299.38;726.24;0.00;0.00;0.00;99;2019-06-14T16:27:22;
300;302.65;726.23;0.00;0.00;0.00;99;2019-06-14T16:27:23;
300;298.29;726.13;0.00;0.00;0.00;99;2019-06-14T16:27:24;
300;301.56;726.08;0.00;0.00;0.00;99;2019-06-14T16:27:25;
300;299.38;726.08;0.00;0.00;0.00;99;2019-06-14T16:27:26;
300;302.65;726.68;0.00;0.00;0.00;99;2019-06-14T16:27:27;
300;300.47;726.42;0.00;0.00;0.00;99;2019-06-14T16:27:28;
300;298.29;726.26;0.00;0.00;0.00;99;2019-06-14T16:27:29;
300;301.56;726.19;0.00;0.00;0.00;99;2019-06-14T16:27:30;
300;301.56;726.34;0.00;0.00;0.00;99;2019-06-14T16:27:31;
300;299.38;726.71;0.00;0.00;0.00;99;2019-06-14T16:27:32;
300;300.47;726.07;0.00;0.00;0.00;99;2019-06-14T16:27:33;
300;299.38;726.16;0.00;0.00;0.00;99;2019-06-14T16:27:34;
300;300.47;725.92;0.00;0.00;0.00;99;2019-06-14T16:27:35;
300;299.38;726.45;0.00;0.00;0.00;99;2019-06-14T16:27:36;
300;299.38;726.35;0.00;0.00;0.00;99;2019-06-14T16:27:37;
300;299.38;726.26;0.00;0.00;0.00;99;2019-06-14T16:27:38;
300;300.47;726.19;0.00;0.00;0.00;99;2019-06-14T16:27:39;
300;298.29;725.96;0.00;0.00;0.00;99;2019-06-14T16:27:40;
300;301.56;726.44;0.00;0.00;0.00;99;2019-06-14T16:27:41;
300;299.38;726.47;0.00;0.00;0.00;99;2019-06-14T16:27:42;
300;301.56;726.44;0.00;0.00;0.00;99;2019-06-14T16:27:43;
300;301.56;726.12;0.00;0.00;0.00;99;2019-06-14T16:27:44;
300;299.38;726.30;0.00;0.00;0.00;99;2019-06-14T16:27:45;
300;300.47;726.64;0.00;0.00;0.00;99;2019-06-14T16:27:46;
300;298.29;726.16;0.00;0.00;0.00;99;2019-06-14T16:27:47;
300;300.47;726.08;0.00;0.00;0.00;99;2019-06-14T16:27:48;
300;299.38;726.48;0.00;0.00;0.00;99;2019-06-14T16:27:49;
300;301.56;726.46;0.00;0.00;0.00;99;2019-06-14T16:27:50;
300;299.38;726.09;0.00;0.00;0.00;99;2019-06-14T16:27:51;
300;299.38;726.41;0.00;0.00;0.00;99;2019-06-14T16:27:52;
300;300.47;726.34;0.00;0.00;0.00;99;2019-06-14T16:27:53;
300;300.47;726.10;0.00;0.00;0.00;99;2019-06-14T16:27:54;
300;298.29;726.15;0.00;0.00;0.00;99;2019-06-14T16:27:55;
300;299.38;726.14;0.00;0.00;0.00;99;2019-06-14T16:27:56;
300;299.38;726.42;0.00;0.00;0.00;99;2019-06-14T16:27:57;
300;298.29;726.39;0.00;0.00;0.00;99;2019-06-14T16:27:58;
300;300.47;726.52;0.00;0.00;0.00;99;2019-06-14T16:27:59;
300;301.56;726.53;0.00;0.00;0.00;99;2019-06-14T16:28:00;
300;299.38;726.43;0.00;0.00;0.00;99;2019-06-14T16:28:01;
300;298.29;725.99;0.00;0.00;0.00;99;2019-06-14T16:28:02;
300;299.38;726.48;0.00;0.00;0.00;99;2019-06-14T16:28:03;
300;300.47;726.03;0.00;0.00;0.00;99;2019-06-14T16:28:04;
300;299.38;726.01;0.00;0.00;0.00;99;2019-06-14T16:28:05;
300;301.56;726.01;0.00;0.00;0.00;99;2019-06-14T16:28:06;
300;298.29;726.47;0.00;0.00;0.00;99;2019-06-14T16:28:07;
300;298.29;726.17;0.00;0.00;0.00;99;2019-06-14T16:28:08;
300;298.29;725.86;0.00;0.00;0.00;99;2019-06-14T16:28:09;
300;300.47;726.04;0.00;0.00;0.00;99;2019-06-14T16:28:10;
300;301.56;726.21;0.00;0.00;0.00;99;2019-06-14T16:28:11;
300;300.47;726.32;0.00;0.00;0.00;99;2019-06-14T16:28:12;
300;298.29;726.38;0.00;0.00;0.00;99;2019-06-14T16:28:13;
300;298.29;726.34;0.00;0.00;0.00;99;2019-06-14T16:28:14;
300;299.38;726.09;0.00;0.00;0.00;99;2019-06-14T16:28:15;
300;300.47;725.99;0.00;0.00;0.00;99;2019-06-14T16:28:16;
300;299.38;726.33;0.00;0.00;0.00;99;2019-06-14T16:28:17;
300;301.56;726.11;0.00;0.00;0.00;99;2019-06-14T16:28:18;
300;299.38;726.20;0.00;0.00;0.00;99;2019-06-14T16:28:19;
300;299.38;726.64;0.00;0.00;0.00;99;2019-06-14T16:28:20;
300;299.38;726.32;0.00;0.00;0.00;99;2019-06-14T16:28:21;
300;298.29;726.03;0.00;0.00;0.00;99;2019-06-14T16:28:22;
300;299.38;726.49;0.00;0.00;0.00;99;2019-06-14T16:28:23;
300;298.29;726.56;0.00;0.00;0.00;99;2019-06-14T16:28:24;
300;298.29;726.29;0.00;0.00;0.00;99;2019-06-14T16:28:25;
300;298.29;726.92;0.00;0.00;0.00;99;2019-06-14T16:28:26;
300;300.47;726.50;0.00;0.00;0.00;99;2019-06-14T16:28:27;
300;300.47;726.55;0.00;0.00;0.00;99;2019-06-14T16:28:28;
300;299.38;726.76;0.00;0.00;0.00;99;2019-06-14T16:28:29;
300;300.47;726.49;0.00;0.00;0.00;99;2019-06-14T16:28:30;
300;299.38;726.75;0.00;0.00;0.00;99;2019-06-14T16:28:31;
300;300.47;727.02;0.00;0.00;0.00;99;2019-06-14T16:28:32;
300;299.38;726.97;0.00;0.00;0.00;99;2019-06-14T16:28:33;
300;299.38;726.65;0.00;0.00;0.00;99;2019-06-14T16:28:34;
300;303.74;727.02;0.00;0.00;0.00;99;2019-06-14T16:28:35;
300;300.47;727.20;0.00;0.00;0.00;99;2019-06-14T16:28:36;
300;301.56;726.94;0.00;0.00;0.00;99;2019-06-14T16:28:37;
300;301.56;726.93;0.00;0.00;0.00;99;2019-06-14T16:28:38;
300;303.74;727.25;0.00;0.00;0.00;99;2019-06-14T16:28:39;
300;302.65;727.05;0.00;0.00;0.00;99;2019-06-14T16:28:40;
300;302.65;727.13;0.00;0.00;0.00;99;2019-06-14T16:28:41;
300;298.29;726.81;0.00;0.00;0.00;99;2019-06-14T16:28:42;
300;298.29;727.04;0.00;0.00;0.00;99;2019-06-14T16:28:43;
300;300.47;727.11;0.00;0.00;0.00;99;2019-06-14T16:28:44;
300;300.47;726.95;0.00;0.00;0.00;99;2019-06-14T16:28:45;
300;298.29;726.96;0.00;0.00;0.00;99;2019-06-14T16:28:46;
300;299.38;726.65;0.00;0.00;0.00;99;2019-06-14T16:28:47;
300;299.38;726.59;0.00;0.00;0.00;99;2019-06-14T16:28:48;
300;301.56;727.07;0.00;0.00;0.00;99;2019-06-14T16:28:49;
300;299.38;726.57;0.00;0.00;0.00;99;2019-06-14T16:28:50;
300;301.56;726.54;0.00;0.00;0.00;99;2019-06-14T16:28:51;
300;301.56;726.93;0.00;0.00;0.00;99;2019-06-14T16:28:52;
300;298.29;726.75;0.00;0.00;0.00;99;2019-06-14T16:28:53;
300;300.47;726.92;0.00;0.00;0.00;99;2019-06-14T16:28:54;
300;298.29;726.84;0.00;0.00;0.00;99;2019-06-14T16:28:55;
300;299.38;727.04;0.00;0.00;0.00;99;2019-06-14T16:28:56;
300;298.29;726.72;0.00;0.00;0.00;99;2019-06-14T16:28:57;
300;299.38;726.52;0.00;0.00;0.00;99;2019-06-14T16:28:58;
300;299.38;726.98;0.00;0.00;0.00;99;2019-06-14T16:28:59;
300;299.38;727.08;0.00;0.00;0.00;99;2019-06-14T16:29:00;
300;299.38;726.83;0.00;0.00;0.00;99;2019-06-14T16:29:01;
300;300.47;726.99;0.00;0.00;0.00;99;2019-06-14T16:29:02;
300;298.29;726.43;0.00;0.00;0.00;99;2019-06-14T16:29:03;
300;298.29;726.56;0.00;0.00;0.00;99;2019-06-14T16:29:04;
300;301.56;726.81;0.00;0.00;0.00;99;2019-06-14T16:29:05;
300;300.47;726.71;0.00;0.00;0.00;99;2019-06-14T16:29:06;
300;299.38;726.95;0.00;0.00;0.00;99;2019-06-14T16:29:07;
300;300.47;727.03;0.00;0.00;0.00;99;2019-06-14T16:29:08;
300;302.65;726.70;0.00;0.00;0.00;99;2019-06-14T16:29:09;
300;299.38;726.99;0.00;0.00;0.00;99;2019-06-14T16:29:10;
300;300.47;727.13;0.00;0.00;0.00;99;2019-06-14T16:29:11;
300;301.56;727.04;0.00;0.00;0.00;99;2019-06-14T16:29:12;
300;299.38;726.43;0.00;0.00;0.00;99;2019-06-14T16:29:13;
300;299.38;726.80;0.00;0.00;0.00;99;2019-06-14T16:29:14;
300;301.56;726.78;0.00;0.00;0.00;99;2019-06-14T16:29:15;
400;298.29;726.64;0.00;0.00;0.00;99;2019-06-14T16:29:16;
400;345.11;746.91;0.00;0.00;0.00;99;2019-06-14T16:29:17;
400;359.26;753.09;0.00;0.00;0.00;99;2019-06-14T16:29:18;
400;366.88;758.28;0.00;0.00;0.00;99;2019-06-14T16:29:19;
400;378.85;762.55;0.00;0.00;0.00;99;2019-06-14T16:29:20;
400;384.30;765.09;0.00;0.00;0.00;99;2019-06-14T16:29:21;
400;393.01;765.96;0.00;0.00;0.00;99;2019-06-14T16:29:22;
400;395.18;767.03;0.00;0.00;0.00;99;2019-06-14T16:29:23;
400;397.90;766.82;0.00;0.00;0.00;99;2019-06-14T16:29:24;
400;406.02;766.94;0.00;0.00;0.00;99;2019-06-14T16:29:25;
400;406.02;765.62;0.00;0.00;0.00;99;2019-06-14T16:29:26;
400;407.64;765.27;0.00;0.00;0.00;99;2019-06-14T16:29:27;
400;404.39;764.70;0.00;0.00;0.00;99;2019-06-14T16:29:28;
400;404.39;764.41;0.00;0.00;0.00;99;2019-06-14T16:29:29;
400;406.02;763.09;0.00;0.00;0.00;99;2019-06-14T16:29:30;
400;404.39;762.83;0.00;0.00;0.00;99;2019-06-14T16:29:31;
400;402.77;762.60;0.00;0.00;0.00;99;2019-06-14T16:29:32;
400;402.77;761.89;0.00;0.00;0.00;99;2019-06-14T16:29:33;
400;404.39;761.08;0.00;0.00;0.00;99;2019-06-14T16:29:34;
400;402.77;761.07;0.00;0.00;0.00;99;2019-06-14T16:29:35;
400;406.02;760.14;0.00;0.00;0.00;99;2019-06-14T16:29:36;
400;399.52;759.34;0.00;0.00;0.00;99;2019-06-14T16:29:37;
400;399.52;759.99;0.00;0.00;0.00;99;2019-06-14T16:29:38;
400;404.39;759.65;0.00;0.00;0.00;99;2019-06-14T16:29:39;
400;399.52;759.46;0.00;0.00;0.00;99;2019-06-14T16:29:40;
400;397.90;758.81;0.00;0.00;0.00;99;2019-06-14T16:29:41;
400;399.52;759.07;0.00;0.00;0.00;99;2019-06-14T16:29:42;
400;402.77;759.06;0.00;0.00;0.00;99;2019-06-14T16:29:43;
400;399.52;758.78;0.00;0.00;0.00;99;2019-06-14T16:29:44;
400;399.52;758.86;0.00;0.00;0.00;99;2019-06-14T16:29:45;
400;397.90;757.85;0.00;0.00;0.00;99;2019-06-14T16:29:46;
400;401.15;758.08;0.00;0.00;0.00;99;2019-06-14T16:29:47;
400;397.90;757.96;0.00;0.00;0.00;99;2019-06-14T16:29:48;
400;399.52;758.58;0.00;0.00;0.00;99;2019-06-14T16:29:49;
400;397.90;758.27;0.00;0.00;0.00;99;2019-06-14T16:29:50;
400;402.77;758.69;0.00;0.00;0.00;99;2019-06-14T16:29:51;
400;399.52;758.29;0.00;0.00;0.00;99;2019-06-14T16:29:52;
400;399.52;758.58;0.00;0.00;0.00;99;2019-06-14T16:29:53;
400;397.90;758.42;0.00;0.00;0.00;99;2019-06-14T16:29:54;
400;396.27;758.62;0.00;0.00;0.00;99;2019-06-14T16:29:55;
400;397.90;758.20;0.00;0.00;0.00;99;2019-06-14T16:29:56;
400;397.90;758.70;0.00;0.00;0.00;99;2019-06-14T16:29:57;
400;401.15;758.27;0.00;0.00;0.00;99;2019-06-14T16:29:58;
400;402.77;758.78;0.00;0.00;0.00;99;2019-06-14T16:29:59;
400;399.52;758.35;0.00;0.00;0.00;99;2019-06-14T16:30:00;
400;402.77;758.96;0.00;0.00;0.00;99;2019-06-14T16:30:01;
400;397.90;758.65;0.00;0.00;0.00;99;2019-06-14T16:30:02;
400;399.52;759.09;0.00;0.00;0.00;99;2019-06-14T16:30:03;
400;397.90;758.30;0.00;0.00;0.00;99;2019-06-14T16:30:04;
400;397.90;758.59;0.00;0.00;0.00;99;2019-06-14T16:30:05;
400;397.90;759.00;0.00;0.00;0.00;99;2019-06-14T16:30:06;
400;397.90;758.67;0.00;0.00;0.00;99;2019-06-14T16:30:07;
400;396.27;759.00;0.00;0.00;0.00;99;2019-06-14T16:30:08;
400;397.90;758.78;0.00;0.00;0.00;99;2019-06-14T16:30:09;
400;399.52;758.44;0.00;0.00;0.00;99;2019-06-14T16:30:10;
400;399.52;759.03;0.00;0.00;0.00;99;2019-06-14T16:30:11;
400;396.27;758.95;0.00;0.00;0.00;99;2019-06-14T16:30:12;
400;401.15;758.72;0.00;0.00;0.00;99;2019-06-14T16:30:13;
400;397.90;759.10;0.00;0.00;0.00;99;2019-06-14T16:30:14;
400;399.52;759.09;0.00;0.00;0.00;99;2019-06-14T16:30:15;
400;402.77;758.65;0.00;0.00;0.00;99;2019-06-14T16:30:16;
400;402.77;758.86;0.00;0.00;0.00;99;2019-06-14T16:30:17;
400;402.77;759.06;0.00;0.00;0.00;99;2019-06-14T16:30:18;
400;401.15;758.82;0.00;0.00;0.00;99;2019-06-14T16:30:19;
400;401.15;758.66;0.00;0.00;0.00;99;2019-06-14T16:30:20;
400;397.90;759.26;0.00;0.00;0.00;99;2019-06-14T16:30:21;
400;401.15;759.10;0.00;0.00;0.00;99;2019-06-14T16:30:22;
400;397.90;759.21;0.00;0.00;0.00;99;2019-06-14T16:30:23;
400;399.52;759.17;0.00;0.00;0.00;99;2019-06-14T16:30:24;
400;399.52;758.47;0.00;0.00;0.00;99;2019-06-14T16:30:25;
400;402.77;758.97;0.00;0.00;0.00;99;2019-06-14T16:30:26;
400;399.52;758.43;0.00;0.00;0.00;99;2019-06-14T16:30:27;
400;401.15;758.81;0.00;0.00;0.00;99;2019-06-14T16:30:28;
400;401.15;758.83;0.00;0.00;0.00;99;2019-06-14T16:30:29;
400;397.90;759.44;0.00;0.00;0.00;99;2019-06-14T16:30:30;
400;399.52;759.00;0.00;0.00;0.00;99;2019-06-14T16:30:31;
400;396.27;758.72;0.00;0.00;0.00;99;2019-06-14T16:30:32;
400;399.52;758.96;0.00;0.00;0.00;99;2019-06-14T16:30:33;
400;404.39;759.03;0.00;0.00;0.00;99;2019-06-14T16:30:34;
400;397.90;758.70;0.00;0.00;0.00;99;2019-06-14T16:30:35;
400;401.15;758.32;0.00;0.00;0.00;99;2019-06-14T16:30:36;
400;399.52;758.33;0.00;0.00;0.00;99;2019-06-14T16:30:37;
400;402.77;758.44;0.00;0.00;0.00;99;2019-06-14T16:30:38;
400;397.90;759.12;0.00;0.00;0.00;99;2019-06-14T16:30:39;
400;397.90;759.15;0.00;0.00;0.00;99;2019-06-14T16:30:40;
400;397.90;759.30;0.00;0.00;0.00;99;2019-06-14T16:30:41;
400;401.15;759.08;0.00;0.00;0.00;99;2019-06-14T16:30:42;
400;397.90;759.72;0.00;0.00;0.00;99;2019-06-14T16:30:43;
400;397.90;759.80;0.00;0.00;0.00;99;2019-06-14T16:30:44;
400;399.52;759.94;0.00;0.00;0.00;99;2019-06-14T16:30:45;
400;401.15;759.09;0.00;0.00;0.00;99;2019-06-14T16:30:46;
400;397.90;759.60;0.00;0.00;0.00;99;2019-06-14T16:30:47;
400;397.90;760.24;0.00;0.00;0.00;99;2019-06-14T16:30:48;
400;399.52;760.08;0.00;0.00;0.00;99;2019-06-14T16:30:49;
400;397.90;760.00;0.00;0.00;0.00;99;2019-06-14T16:30:50;
400;397.90;760.27;0.00;0.00;0.00;99;2019-06-14T16:30:51;
400;402.77;759.54;0.00;0.00;0.00;99;2019-06-14T16:30:52;
400;402.77;759.54;0.00;0.00;0.00;99;2019-06-14T16:30:53;
400;399.52;760.01;0.00;0.00;0.00;99;2019-06-14T16:30:54;
400;401.15;759.63;0.00;0.00;0.00;99;2019-06-14T16:30:55;
400;401.15;759.87;0.00;0.00;0.00;99;2019-06-14T16:30:56;
400;401.15;760.05;0.00;0.00;0.00;99;2019-06-14T16:30:57;
400;397.90;760.35;0.00;0.00;0.00;99;2019-06-14T16:30:58;
400;397.90;760.04;0.00;0.00;0.00;99;2019-06-14T16:30:59;
400;399.52;760.36;0.00;0.00;0.00;99;2019-06-14T16:31:00;
400;397.90;759.67;0.00;0.00;0.00;99;2019-06-14T16:31:01;
400;399.52;760.68;0.00;0.00;0.00;99;2019-06-14T16:31:02;
400;402.77;760.34;0.00;0.00;0.00;99;2019-06-14T16:31:03;
400;397.90;760.47;0.00;0.00;0.00;99;2019-06-14T16:31:04;
400;404.39;760.85;0.00;0.00;0.00;99;2019-06-14T16:31:05;
400;399.52;761.00;0.00;0.00;0.00;99;2019-06-14T16:31:06;
400;399.52;761.04;0.00;0.00;0.00;99;2019-06-14T16:31:07;
400;401.15;760.64;0.00;0.00;0.00;99;2019-06-14T16:31:08;
400;401.15;761.10;0.00;0.00;0.00;99;2019-06-14T16:31:09;
400;397.90;761.00;0.00;0.00;0.00;99;2019-06-14T16:31:10;
400;404.39;761.20;0.00;0.00;0.00;99;2019-06-14T16:31:11;
400;401.15;760.65;0.00;0.00;0.00;99;2019-06-14T16:31:12;
400;404.39;761.03;0.00;0.00;0.00;99;2019-06-14T16:31:13;
400;399.52;761.03;0.00;0.00;0.00;99;2019-06-14T16:31:14;
400;404.39;761.05;0.00;0.00;0.00;99;2019-06-14T16:31:15;
400;399.52;760.95;0.00;0.00;0.00;99;2019-06-14T16:31:16;
400;397.90;760.22;0.00;0.00;0.00;99;2019-06-14T16:31:17;
400;397.90;760.33;0.00;0.00;0.00;99;2019-06-14T16:31:18;
400;402.77;760.96;0.00;0.00;0.00;99;2019-06-14T16:31:19;
400;396.27;760.87;0.00;0.00;0.00;99;2019-06-14T16:31:20;
400;399.52;761.03;0.00;0.00;0.00;99;2019-06-14T16:31:21;
400;402.77;761.03;0.00;0.00;0.00;99;2019-06-14T16:31:22;
400;402.77;760.87;0.00;0.00;0.00;99;2019-06-14T16:31:23;
400;397.90;760.59;0.00;0.00;0.00;99;2019-06-14T16:31:24;
400;399.52;761.01;0.00;0.00;0.00;99;2019-06-14T16:31:25;
400;396.27;760.82;0.00;0.00;0.00;99;2019-06-14T16:31:26;
400;401.15;760.73;0.00;0.00;0.00;99;2019-06-14T16:31:27;
400;397.90;760.81;0.00;0.00;0.00;99;2019-06-14T16:31:28;
400;397.90;760.92;0.00;0.00;0.00;99;2019-06-14T16:31:29;
400;397.90;760.82;0.00;0.00;0.00;99;2019-06-14T16:31:30;
400;402.77;760.88;0.00;0.00;0.00;99;2019-06-14T16:31:31;
400;397.90;760.72;0.00;0.00;0.00;99;2019-06-14T16:31:32;
400;404.39;761.14;0.00;0.00;0.00;99;2019-06-14T16:31:33;
400;397.90;761.16;0.00;0.00;0.00;99;2019-06-14T16:31:34;
400;399.52;761.18;0.00;0.00;0.00;99;2019-06-14T16:31:35;
400;397.90;761.23;0.00;0.00;0.00;99;2019-06-14T16:31:36;
400;397.90;761.20;0.00;0.00;0.00;99;2019-06-14T16:31:37;
400;401.15;761.10;0.00;0.00;0.00;99;2019-06-14T16:31:38;
400;401.15;760.76;0.00;0.00;0.00;99;2019-06-14T16:31:39;
400;402.77;760.97;0.00;0.00;0.00;99;2019-06-14T16:31:40;
400;397.90;760.75;0.00;0.00;0.00;99;2019-06-14T16:31:41;
400;401.15;760.55;0.00;0.00;0.00;99;2019-06-14T16:31:42;
400;402.77;761.01;0.00;0.00;0.00;99;2019-06-14T16:31:43;
400;399.52;760.63;0.00;0.00;0.00;99;2019-06-14T16:31:44;
400;399.52;761.08;0.00;0.00;0.00;99;2019-06-14T16:31:45;
400;399.52;761.10;0.00;0.00;0.00;99;2019-06-14T16:31:46;
400;401.15;760.52;0.00;0.00;0.00;99;2019-06-14T16:31:47;
400;402.77;761.12;0.00;0.00;0.00;99;2019-06-14T16:31:48;
400;401.15;761.14;0.00;0.00;0.00;99;2019-06-14T16:31:49;
400;401.15;760.43;0.00;0.00;0.00;99;2019-06-14T16:31:50;
400;396.27;760.85;0.00;0.00;0.00;99;2019-06-14T16:31:51;
400;396.27;760.08;0.00;0.00;0.00;99;2019-06-14T16:31:52;
400;399.52;760.66;0.00;0.00;0.00;99;2019-06-14T16:31:53;
400;396.27;760.59;0.00;0.00;0.00;99;2019-06-14T16:31:54;
400;397.90;761.12;0.00;0.00;0.00;99;2019-06-14T16:31:55;
400;399.52;760.76;0.00;0.00;0.00;99;2019-06-14T16:31:56;
400;402.77;761.45;0.00;0.00;0.00;99;2019-06-14T16:31:57;
400;397.90;761.11;0.00;0.00;0.00;99;2019-06-14T16:31:58;
400;399.52;761.31;0.00;0.00;0.00;99;2019-06-14T16:31:59;
400;401.15;760.40;0.00;0.00;0.00;99;2019-06-14T16:32:00;
400;399.52;761.27;0.00;0.00;0.00;99;2019-06-14T16:32:01;
400;397.90;761.26;0.00;0.00;0.00;99;2019-06-14T16:32:02;
400;402.77;761.07;0.00;0.00;0.00;99;2019-06-14T16:32:03;
400;397.90;760.95;0.00;0.00;0.00;99;2019-06-14T16:32:04;
400;399.52;761.58;0.00;0.00;0.00;99;2019-06-14T16:32:05;
400;397.90;761.00;0.00;0.00;0.00;99;2019-06-14T16:32:06;
400;401.15;760.96;0.00;0.00;0.00;99;2019-06-14T16:32:07;
400;397.90;761.71;0.00;0.00;0.00;99;2019-06-14T16:32:08;
400;397.90;761.50;0.00;0.00;0.00;99;2019-06-14T16:32:09;
400;399.52;761.39;0.00;0.00;0.00;99;2019-06-14T16:32:10;
400;402.77;761.91;0.00;0.00;0.00;99;2019-06-14T16:32:11;
400;397.90;761.72;0.00;0.00;0.00;99;2019-06-14T16:32:13;
400;401.15;761.35;0.00;0.00;0.00;99;2019-06-14T16:32:14;
400;397.90;761.55;0.00;0.00;0.00;99;2019-06-14T16:32:15;
400;402.77;761.85;0.00;0.00;0.00;99;2019-06-14T16:32:16;
400;397.90;762.09;0.00;0.00;0.00;99;2019-06-14T16:32:17;
400;401.15;761.80;0.00;0.00;0.00;99;2019-06-14T16:32:18;
400;401.15;762.19;0.00;0.00;0.00;99;2019-06-14T16:32:19;
400;401.15;761.95;0.00;0.00;0.00;99;2019-06-14T16:32:20;
400;404.39;762.30;0.00;0.00;0.00;99;2019-06-14T16:32:21;
400;402.77;761.29;0.00;0.00;0.00;99;2019-06-14T16:32:22;
400;404.39;762.05;0.00;0.00;0.00;99;2019-06-14T16:32:23;
400;397.90;761.94;0.00;0.00;0.00;99;2019-06-14T16:32:24;
400;396.27;761.31;0.00;0.00;0.00;99;2019-06-14T16:32:25;
400;401.15;761.57;0.00;0.00;0.00;99;2019-06-14T16:32:26;
400;399.52;762.10;0.00;0.00;0.00;99;2019-06-14T16:32:27;
400;399.52;762.19;0.00;0.00;0.00;99;2019-06-14T16:32:28;
400;399.52;761.88;0.00;0.00;0.00;99;2019-06-14T16:32:29;
400;401.15;761.66;0.00;0.00;0.00;99;2019-06-14T16:32:30;
400;402.77;761.35;0.00;0.00;0.00;99;2019-06-14T16:32:31;
400;397.90;762.15;0.00;0.00;0.00;99;2019-06-14T16:32:32;
400;401.15;762.33;0.00;0.00;0.00;99;2019-06-14T16:32:33;
400;397.90;761.50;0.00;0.00;0.00;99;2019-06-14T16:32:34;
400;397.90;762.22;0.00;0.00;0.00;99;2019-06-14T16:32:35;
400;399.52;762.34;0.00;0.00;0.00;99;2019-06-14T16:32:36;
400;401.15;762.36;0.00;0.00;0.00;99;2019-06-14T16:32:37;
400;399.52;762.42;0.00;0.00;0.00;99;2019-06-14T16:32:38;
400;397.90;761.77;0.00;0.00;0.00;99;2019-06-14T16:32:39;
400;397.90;762.24;0.00;0.00;0.00;99;2019-06-14T16:32:40;
400;396.27;761.39;0.00;0.00;0.00;99;2019-06-14T16:32:41;
400;396.27;761.14;0.00;0.00;0.00;99;2019-06-14T16:32:42;
400;397.90;761.79;0.00;0.00;0.00;99;2019-06-14T16:32:43;
400;402.77;762.03;0.00;0.00;0.00;99;2019-06-14T16:32:44;
400;399.52;761.42;0.00;0.00;0.00;99;2019-06-14T16:32:45;
400;397.90;762.14;0.00;0.00;0.00;99;2019-06-14T16:32:46;
400;399.52;762.40;0.00;0.00;0.00;99;2019-06-14T16:32:47;
400;401.15;762.00;0.00;0.00;0.00;99;2019-06-14T16:32:48;
400;401.15;762.00;0.00;0.00;0.00;99;2019-06-14T16:32:49;
400;401.15;761.90;0.00;0.00;0.00;99;2019-06-14T16:32:50;
400;399.52;761.92;0.00;0.00;0.00;99;2019-06-14T16:32:51;
400;396.27;761.55;0.00;0.00;0.00;99;2019-06-14T16:32:52;
400;397.90;761.93;0.00;0.00;0.00;99;2019-06-14T16:32:53;
400;397.90;762.02;0.00;0.00;0.00;99;2019-06-14T16:32:54;
400;397.90;761.71;0.00;0.00;0.00;99;2019-06-14T16:32:55;
400;399.52;762.01;0.00;0.00;0.00;99;2019-06-14T16:32:56;
400;401.15;761.39;0.00;0.00;0.00;99;2019-06-14T16:32:57;
400;397.90;762.10;0.00;0.00;0.00;99;2019-06-14T16:32:58;
400;396.27;761.92;0.00;0.00;0.00;99;2019-06-14T16:32:59;
400;396.27;761.61;0.00;0.00;0.00;99;2019-06-14T16:33:00;
400;401.15;761.78;0.00;0.00;0.00;99;2019-06-14T16:33:01;
400;396.27;761.77;0.00;0.00;0.00;99;2019-06-14T16:33:02;
400;399.52;762.19;0.00;0.00;0.00;99;2019-06-14T16:33:03;
400;401.15;762.07;0.00;0.00;0.00;99;2019-06-14T16:33:04;
400;397.90;762.27;0.00;0.00;0.00;99;2019-06-14T16:33:05;
400;396.27;761.83;0.00;0.00;0.00;99;2019-06-14T16:33:06;
400;397.90;761.71;0.00;0.00;0.00;99;2019-06-14T16:33:07;
400;396.27;761.73;0.00;0.00;0.00;99;2019-06-14T16:33:08;
400;397.90;761.62;0.00;0.00;0.00;99;2019-06-14T16:33:09;
400;401.15;762.08;0.00;0.00;0.00;99;2019-06-14T16:33:10;
400;397.90;761.34;0.00;0.00;0.00;99;2019-06-14T16:33:11;
400;401.15;761.28;0.00;0.00;0.00;99;2019-06-14T16:33:12;
400;396.27;761.81;0.00;0.00;0.00;99;2019-06-14T16:33:13;
400;397.90;762.05;0.00;0.00;0.00;99;2019-06-14T16:33:14;
400;397.90;762.11;0.00;0.00;0.00;99;2019-06-14T16:33:15;
400;402.77;762.55;0.00;0.00;0.00;99;2019-06-14T16:33:16;
400;401.15;762.64;0.00;0.00;0.00;99;2019-06-14T16:33:17;
400;397.90;762.82;0.00;0.00;0.00;99;2019-06-14T16:33:18;
400;397.90;762.24;0.00;0.00;0.00;99;2019-06-14T16:33:19;
400;401.15;762.41;0.00;0.00;0.00;99;2019-06-14T16:33:20;
400;401.15;762.01;0.00;0.00;0.00;99;2019-06-14T16:33:21;
400;397.90;762.82;0.00;0.00;0.00;99;2019-06-14T16:33:22;
400;397.90;762.40;0.00;0.00;0.00;99;2019-06-14T16:33:23;
400;404.39;763.02;0.00;0.00;0.00;99;2019-06-14T16:33:24;
400;401.15;762.80;0.00;0.00;0.00;99;2019-06-14T16:33:25;
400;402.77;762.13;0.00;0.00;0.00;99;2019-06-14T16:33:26;
400;396.27;762.63;0.00;0.00;0.00;99;2019-06-14T16:33:27;
400;396.27;762.72;0.00;0.00;0.00;99;2019-06-14T16:33:28;
400;397.90;762.71;0.00;0.00;0.00;99;2019-06-14T16:33:29;
400;397.90;762.38;0.00;0.00;0.00;99;2019-06-14T16:33:30;
400;399.52;763.12;0.00;0.00;0.00;99;2019-06-14T16:33:31;
400;404.39;763.11;0.00;0.00;0.00;99;2019-06-14T16:33:32;
400;397.90;762.84;0.00;0.00;0.00;99;2019-06-14T16:33:33;
400;402.77;763.32;0.00;0.00;0.00;99;2019-06-14T16:33:34;
400;396.27;762.89;0.00;0.00;0.00;99;2019-06-14T16:33:35;
400;397.90;762.49;0.00;0.00;0.00;99;2019-06-14T16:33:36;
400;401.15;763.14;0.00;0.00;0.00;99;2019-06-14T16:33:37;
400;397.90;762.72;0.00;0.00;0.00;99;2019-06-14T16:33:38;
400;401.15;763.28;0.00;0.00;0.00;99;2019-06-14T16:33:39;
400;399.52;763.27;0.00;0.00;0.00;99;2019-06-14T16:33:40;
400;399.52;763.64;0.00;0.00;0.00;99;2019-06-14T16:33:41;
400;401.15;763.66;0.00;0.00;0.00;99;2019-06-14T16:33:42;
400;399.52;763.54;0.00;0.00;0.00;99;2019-06-14T16:33:43;
400;399.52;762.98;0.00;0.00;0.00;99;2019-06-14T16:33:44;
400;404.39;763.30;0.00;0.00;0.00;99;2019-06-14T16:33:45;
400;401.15;763.43;0.00;0.00;0.00;99;2019-06-14T16:33:46;
400;404.39;763.66;0.00;0.00;0.00;99;2019-06-14T16:33:47;
400;404.39;763.71;0.00;0.00;0.00;99;2019-06-14T16:33:48;
400;402.77;763.77;0.00;0.00;0.00;99;2019-06-14T16:33:49;
400;397.90;763.55;0.00;0.00;0.00;99;2019-06-14T16:33:50;
400;399.52;764.27;0.00;0.00;0.00;99;2019-06-14T16:33:51;
400;404.39;764.14;0.00;0.00;0.00;99;2019-06-14T16:33:52;
400;402.77;763.92;0.00;0.00;0.00;99;2019-06-14T16:33:53;
400;402.77;763.64;0.00;0.00;0.00;99;2019-06-14T16:33:54;
400;401.15;764.09;0.00;0.00;0.00;99;2019-06-14T16:33:55;
400;397.90;763.39;0.00;0.00;0.00;99;2019-06-14T16:33:56;
400;399.52;764.07;0.00;0.00;0.00;99;2019-06-14T16:33:57;
400;404.39;764.09;0.00;0.00;0.00;99;2019-06-14T16:33:58;
400;404.39;763.94;0.00;0.00;0.00;99;2019-06-14T16:33:59;
400;404.39;764.02;0.00;0.00;0.00;99;2019-06-14T16:34:00;
400;397.90;763.59;0.00;0.00;0.00;99;2019-06-14T16:34:01;
400;399.52;763.40;0.00;0.00;0.00;99;2019-06-14T16:34:02;
400;397.90;763.39;0.00;0.00;0.00;99;2019-06-14T16:34:03;
400;399.52;763.27;0.00;0.00;0.00;99;2019-06-14T16:34:04;
400;399.52;764.01;0.00;0.00;0.00;99;2019-06-14T16:34:05;
400;402.77;763.58;0.00;0.00;0.00;99;2019-06-14T16:34:06;
400;404.39;764.24;0.00;0.00;0.00;99;2019-06-14T16:34:07;
400;397.90;763.99;0.00;0.00;0.00;99;2019-06-14T16:34:08;
400;399.52;763.63;0.00;0.00;0.00;99;2019-06-14T16:34:09;
400;397.90;763.95;0.00;0.00;0.00;99;2019-06-14T16:34:10;
400;399.52;764.06;0.00;0.00;0.00;99;2019-06-14T16:34:11;
400;401.15;764.15;0.00;0.00;0.00;99;2019-06-14T16:34:12;
400;399.52;763.99;0.00;0.00;0.00;99;2019-06-14T16:34:13;
400;399.52;763.93;0.00;0.00;0.00;99;2019-06-14T16:34:14;
400;399.52;764.04;0.00;0.00;0.00;99;2019-06-14T16:34:15;
400;399.52;763.24;0.00;0.00;0.00;99;2019-06-14T16:34:16;
500;433.63;776.90;0.00;0.00;0.00;99;2019-06-14T16:34:17;
500;451.49;785.55;0.00;0.00;0.00;99;2019-06-14T16:34:18;
500;461.24;791.50;0.00;0.00;0.00;99;2019-06-14T16:34:19;
500;470.98;796.16;0.00;0.00;0.00;99;2019-06-14T16:34:20;
500;475.85;799.53;0.00;0.00;0.00;99;2019-06-14T16:34:21;
500;482.35;802.68;0.00;0.00;0.00;99;2019-06-14T16:34:22;
500;490.47;804.48;0.00;0.00;0.00;99;2019-06-14T16:34:23;
500;487.22;806.85;0.00;0.00;0.00;99;2019-06-14T16:34:24;
500;487.22;807.55;0.00;0.00;0.00;99;2019-06-14T16:34:25;
500;488.85;808.56;0.00;0.00;0.00;99;2019-06-14T16:34:26;
500;492.09;809.23;0.00;0.00;0.00;99;2019-06-14T16:34:27;
500;490.47;810.00;0.00;0.00;0.00;99;2019-06-14T16:34:28;
500;501.67;811.34;0.00;0.00;0.00;99;2019-06-14T16:34:29;
500;493.72;812.17;0.00;0.00;0.00;99;2019-06-14T16:34:30;
500;493.72;811.50;0.00;0.00;0.00;99;2019-06-14T16:34:31;
500;499.56;812.59;0.00;0.00;0.00;99;2019-06-14T16:34:32;
500;497.45;812.56;0.00;0.00;0.00;99;2019-06-14T16:34:33;
500;497.45;813.37;0.00;0.00;0.00;99;2019-06-14T16:34:34;
500;497.45;814.43;0.00;0.00;0.00;99;2019-06-14T16:34:35;
500;493.72;813.59;0.00;0.00;0.00;99;2019-06-14T16:34:36;
500;495.34;813.70;0.00;0.00;0.00;99;2019-06-14T16:34:37;
500;497.45;815.27;0.00;0.00;0.00;99;2019-06-14T16:34:38;
500;497.45;815.11;0.00;0.00;0.00;99;2019-06-14T16:34:39;
500;503.77;815.23;0.00;0.00;0.00;99;2019-06-14T16:34:40;
500;499.56;815.63;0.00;0.00;0.00;99;2019-06-14T16:34:41;
500;501.67;816.02;0.00;0.00;0.00;99;2019-06-14T16:34:42;
500;503.77;815.39;0.00;0.00;0.00;99;2019-06-14T16:34:43;
500;598.98;815.74;0.00;0.00;0.00;99;2019-06-14T16:34:44;
500;499.56;815.93;0.00;0.00;0.00;99;2019-06-14T16:34:45;
500;497.45;814.67;0.00;0.00;0.00;99;2019-06-14T16:34:46;
500;497.45;815.61;0.00;0.00;0.00;99;2019-06-14T16:34:47;
500;499.56;815.77;0.00;0.00;0.00;99;2019-06-14T16:34:48;
500;503.77;815.84;0.00;0.00;0.00;99;2019-06-14T16:34:49;
500;497.45;815.72;0.00;0.00;0.00;99;2019-06-14T16:34:50;
500;495.34;815.84;0.00;0.00;0.00;99;2019-06-14T16:34:51;
500;501.67;814.93;0.00;0.00;0.00;99;2019-06-14T16:34:52;
500;501.67;815.88;0.00;0.00;0.00;99;2019-06-14T16:34:53;
500;497.45;815.71;0.00;0.00;0.00;99;2019-06-14T16:34:54;
500;501.67;815.23;0.00;0.00;0.00;99;2019-06-14T16:34:55;
500;501.67;815.67;0.00;0.00;0.00;99;2019-06-14T16:34:56;
500;495.34;815.98;0.00;0.00;0.00;99;2019-06-14T16:34:57;
500;487.22;816.37;0.00;0.00;0.00;99;2019-06-14T16:34:58;
500;505.88;816.57;0.00;0.00;0.00;99;2019-06-14T16:34:59;
500;499.56;816.37;0.00;0.00;0.00;99;2019-06-14T16:35:00;
500;497.45;815.74;0.00;0.00;0.00;99;2019-06-14T16:35:01;
500;501.67;816.29;0.00;0.00;0.00;99;2019-06-14T16:35:02;
500;501.67;816.72;0.00;0.00;0.00;99;2019-06-14T16:35:03;
500;497.45;816.13;0.00;0.00;0.00;99;2019-06-14T16:35:04;
500;497.45;815.62;0.00;0.00;0.00;99;2019-06-14T16:35:05;
500;499.56;815.73;0.00;0.00;0.00;99;2019-06-14T16:35:06;
500;495.34;815.77;0.00;0.00;0.00;99;2019-06-14T16:35:07;
500;499.56;816.32;0.00;0.00;0.00;99;2019-06-14T16:35:08;
500;497.45;815.42;0.00;0.00;0.00;99;2019-06-14T16:35:09;
500;503.77;816.59;0.00;0.00;0.00;99;2019-06-14T16:35:10;
500;497.45;816.20;0.00;0.00;0.00;99;2019-06-14T16:35:11;
500;503.77;815.88;0.00;0.00;0.00;99;2019-06-14T16:35:12;
500;501.67;816.26;0.00;0.00;0.00;99;2019-06-14T16:35:13;
500;499.56;815.83;0.00;0.00;0.00;99;2019-06-14T16:35:14;
500;505.88;815.55;0.00;0.00;0.00;99;2019-06-14T16:35:15;
500;505.88;815.82;0.00;0.00;0.00;99;2019-06-14T16:35:16;
500;497.45;815.98;0.00;0.00;0.00;99;2019-06-14T16:35:17;
500;495.34;814.76;0.00;0.00;0.00;99;2019-06-14T16:35:18;
500;503.77;816.02;0.00;0.00;0.00;99;2019-06-14T16:35:19;
500;501.67;816.25;0.00;0.00;0.00;99;2019-06-14T16:35:20;
500;495.34;815.74;0.00;0.00;0.00;99;2019-06-14T16:35:21;
500;600.51;815.82;0.00;0.00;0.00;99;2019-06-14T16:35:22;
500;495.34;814.90;0.00;0.00;0.00;99;2019-06-14T16:35:23;
500;503.77;814.81;0.00;0.00;0.00;99;2019-06-14T16:35:24;
500;501.67;813.98;0.00;0.00;0.00;99;2019-06-14T16:35:25;
500;497.45;814.13;0.00;0.00;0.00;99;2019-06-14T16:35:26;
500;503.77;814.25;0.00;0.00;0.00;99;2019-06-14T16:35:27;
500;501.67;813.43;0.00;0.00;0.00;99;2019-06-14T16:35:28;
500;495.34;814.61;0.00;0.00;0.00;99;2019-06-14T16:35:29;
500;495.34;813.79;0.00;0.00;0.00;99;2019-06-14T16:35:30;
500;499.56;814.69;0.00;0.00;0.00;99;2019-06-14T16:35:31;
500;495.34;814.62;0.00;0.00;0.00;99;2019-06-14T16:35:32;
500;497.45;815.48;0.00;0.00;0.00;99;2019-06-14T16:35:33;
500;495.34;814.73;0.00;0.00;0.00;99;2019-06-14T16:35:34;
500;501.67;815.25;0.00;0.00;0.00;99;2019-06-14T16:35:35;
500;495.34;813.82;0.00;0.00;0.00;99;2019-06-14T16:35:36;
500;497.45;813.50;0.00;0.00;0.00;99;2019-06-14T16:35:37;
500;501.67;814.55;0.00;0.00;0.00;99;2019-06-14T16:35:38;
500;497.45;814.59;0.00;0.00;0.00;99;2019-06-14T16:35:39;
500;501.67;814.95;0.00;0.00;0.00;99;2019-06-14T16:35:40;
500;499.56;815.15;0.00;0.00;0.00;99;2019-06-14T16:35:41;
500;503.77;815.50;0.00;0.00;0.00;99;2019-06-14T16:35:42;
500;503.77;814.45;0.00;0.00;0.00;99;2019-06-14T16:35:43;
500;497.45;815.62;0.00;0.00;0.00;99;2019-06-14T16:35:44;
500;501.67;815.18;0.00;0.00;0.00;99;2019-06-14T16:35:45;
500;499.56;815.82;0.00;0.00;0.00;99;2019-06-14T16:35:46;
500;501.67;814.81;0.00;0.00;0.00;99;2019-06-14T16:35:47;
500;499.56;815.05;0.00;0.00;0.00;99;2019-06-14T16:35:48;
500;501.67;814.61;0.00;0.00;0.00;99;2019-06-14T16:35:49;
500;499.56;813.98;0.00;0.00;0.00;99;2019-06-14T16:35:50;
500;501.67;813.81;0.00;0.00;0.00;99;2019-06-14T16:35:51;
500;493.72;812.12;0.00;0.00;0.00;99;2019-06-14T16:35:52;
500;497.45;812.05;0.00;0.00;0.00;99;2019-06-14T16:35:53;
500;493.72;813.83;0.00;0.00;0.00;99;2019-06-14T16:35:54;
500;495.34;814.66;0.00;0.00;0.00;99;2019-06-14T16:35:55;
500;499.56;814.57;0.00;0.00;0.00;99;2019-06-14T16:35:56;
500;495.34;814.16;0.00;0.00;0.00;99;2019-06-14T16:35:57;
500;495.34;813.52;0.00;0.00;0.00;99;2019-06-14T16:35:58;
500;495.34;813.73;0.00;0.00;0.00;99;2019-06-14T16:35:59;
500;497.45;812.72;0.00;0.00;0.00;99;2019-06-14T16:36:00;
500;493.72;812.76;0.00;0.00;0.00;99;2019-06-14T16:36:01;
500;503.77;813.55;0.00;0.00;0.00;99;2019-06-14T16:36:02;
500;495.34;814.02;0.00;0.00;0.00;99;2019-06-14T16:36:03;
500;499.56;814.11;0.00;0.00;0.00;99;2019-06-14T16:36:04;
500;495.34;814.89;0.00;0.00;0.00;99;2019-06-14T16:36:05;
500;497.45;815.20;0.00;0.00;0.00;99;2019-06-14T16:36:06;
500;497.45;815.48;0.00;0.00;0.00;99;2019-06-14T16:36:07;
500;497.45;815.75;0.00;0.00;0.00;99;2019-06-14T16:36:08;
500;503.77;815.12;0.00;0.00;0.00;99;2019-06-14T16:36:09;
500;499.56;816.17;0.00;0.00;0.00;99;2019-06-14T16:36:10;
500;501.67;814.67;0.00;0.00;0.00;99;2019-06-14T16:36:11;
500;495.34;814.88;0.00;0.00;0.00;99;2019-06-14T16:36:12;
500;501.67;815.04;0.00;0.00;0.00;99;2019-06-14T16:36:13;
500;497.45;815.28;0.00;0.00;0.00;99;2019-06-14T16:36:14;
500;503.77;814.64;0.00;0.00;0.00;99;2019-06-14T16:36:15;
500;501.67;814.93;0.00;0.00;0.00;99;2019-06-14T16:36:16;
500;497.45;814.88;0.00;0.00;0.00;99;2019-06-14T16:36:17;
500;499.56;815.16;0.00;0.00;0.00;99;2019-06-14T16:36:18;
500;495.34;813.80;0.00;0.00;0.00;99;2019-06-14T16:36:19;
500;503.77;814.03;0.00;0.00;0.00;99;2019-06-14T16:36:20;
500;497.45;814.02;0.00;0.00;0.00;99;2019-06-14T16:36:21;
500;602.03;815.24;0.00;0.00;0.00;99;2019-06-14T16:36:22;
500;499.56;814.22;0.00;0.00;0.00;99;2019-06-14T16:36:23;
500;499.56;814.89;0.00;0.00;0.00;99;2019-06-14T16:36:24;
500;499.56;815.29;0.00;0.00;0.00;99;2019-06-14T16:36:25;
500;499.56;815.99;0.00;0.00;0.00;99;2019-06-14T16:36:26;
500;495.34;815.05;0.00;0.00;0.00;99;2019-06-14T16:36:27;
500;495.34;815.72;0.00;0.00;0.00;99;2019-06-14T16:36:28;
500;497.45;816.35;0.00;0.00;0.00;99;2019-06-14T16:36:29;
500;495.34;816.28;0.00;0.00;0.00;99;2019-06-14T16:36:30;
500;499.56;816.71;0.00;0.00;0.00;99;2019-06-14T16:36:31;
500;495.34;816.83;0.00;0.00;0.00;99;2019-06-14T16:36:32;
500;499.56;816.20;0.00;0.00;0.00;99;2019-06-14T16:36:33;
500;497.45;816.67;0.00;0.00;0.00;99;2019-06-14T16:36:34;
500;497.45;816.63;0.00;0.00;0.00;99;2019-06-14T16:36:35;
500;499.56;815.72;0.00;0.00;0.00;99;2019-06-14T16:36:36;
500;499.56;816.81;0.00;0.00;0.00;99;2019-06-14T16:36:37;
500;503.77;817.02;0.00;0.00;0.00;99;2019-06-14T16:36:38;
500;499.56;816.97;0.00;0.00;0.00;99;2019-06-14T16:36:39;
500;499.56;817.16;0.00;0.00;0.00;99;2019-06-14T16:36:40;
500;505.88;817.40;0.00;0.00;0.00;99;2019-06-14T16:36:41;
500;503.77;816.69;0.00;0.00;0.00;99;2019-06-14T16:36:42;
500;499.56;817.41;0.00;0.00;0.00;99;2019-06-14T16:36:43;
500;495.34;817.40;0.00;0.00;0.00;99;2019-06-14T16:36:44;
500;497.45;817.44;0.00;0.00;0.00;99;2019-06-14T16:36:45;
500;497.45;816.46;0.00;0.00;0.00;99;2019-06-14T16:36:46;
500;505.88;817.28;0.00;0.00;0.00;99;2019-06-14T16:36:47;
500;497.45;817.52;0.00;0.00;0.00;99;2019-06-14T16:36:48;
500;501.67;817.44;0.00;0.00;0.00;99;2019-06-14T16:36:49;
500;497.45;816.49;0.00;0.00;0.00;99;2019-06-14T16:36:50;
500;499.56;817.31;0.00;0.00;0.00;99;2019-06-14T16:36:51;
500;499.56;817.46;0.00;0.00;0.00;99;2019-06-14T16:36:52;
500;497.45;818.06;0.00;0.00;0.00;99;2019-06-14T16:36:53;
500;503.77;816.83;0.00;0.00;0.00;99;2019-06-14T16:36:54;
500;497.45;816.99;0.00;0.00;0.00;99;2019-06-14T16:36:55;
500;449.87;817.18;0.00;0.00;0.00;99;2019-06-14T16:36:56;
500;499.56;817.81;0.00;0.00;0.00;99;2019-06-14T16:36:57;
500;448.24;817.71;0.00;0.00;0.00;99;2019-06-14T16:36:58;
500;505.88;819.61;0.00;0.00;0.00;99;2019-06-14T16:36:59;
500;485.60;816.97;0.00;0.00;0.00;99;2019-06-14T16:37:00;
500;497.45;815.12;0.00;0.00;0.00;99;2019-06-14T16:37:01;
500;499.56;814.75;0.00;0.00;0.00;99;2019-06-14T16:37:02;
500;505.88;815.25;0.00;0.00;0.00;99;2019-06-14T16:37:03;
500;495.34;814.89;0.00;0.00;0.00;99;2019-06-14T16:37:04;
500;499.56;814.81;0.00;0.00;0.00;99;2019-06-14T16:37:05;
500;495.34;813.83;0.00;0.00;0.00;99;2019-06-14T16:37:06;
500;501.67;814.84;0.00;0.00;0.00;99;2019-06-14T16:37:07;
500;497.45;814.64;0.00;0.00;0.00;99;2019-06-14T16:37:08;
500;503.77;814.21;0.00;0.00;0.00;99;2019-06-14T16:37:09;
500;499.56;813.73;0.00;0.00;0.00;99;2019-06-14T16:37:10;
500;503.77;814.83;0.00;0.00;0.00;99;2019-06-14T16:37:11;
500;505.88;814.79;0.00;0.00;0.00;99;2019-06-14T16:37:12;
500;499.56;813.93;0.00;0.00;0.00;99;2019-06-14T16:37:13;
500;499.56;814.71;0.00;0.00;0.00;99;2019-06-14T16:37:14;
500;499.56;814.36;0.00;0.00;0.00;99;2019-06-14T16:37:15;
500;501.67;814.67;0.00;0.00;0.00;99;2019-06-14T16:37:16;
500;501.67;814.95;0.00;0.00;0.00;99;2019-06-14T16:37:17;
500;608.13;814.31;0.00;0.00;0.00;99;2019-06-14T16:37:18;
500;497.45;813.40;0.00;0.00;0.00;99;2019-06-14T16:37:19;
500;499.56;814.23;0.00;0.00;0.00;99;2019-06-14T16:37:20;
500;497.45;813.51;0.00;0.00;0.00;99;2019-06-14T16:37:21;
500;505.88;814.23;0.00;0.00;0.00;99;2019-06-14T16:37:22;
500;495.34;812.78;0.00;0.00;0.00;99;2019-06-14T16:37:23;
500;497.45;812.97;0.00;0.00;0.00;99;2019-06-14T16:37:24;
500;493.72;812.96;0.00;0.00;0.00;99;2019-06-14T16:37:25;
500;501.67;813.98;0.00;0.00;0.00;99;2019-06-14T16:37:26;
500;497.45;814.19;0.00;0.00;0.00;99;2019-06-14T16:37:27;
500;495.34;814.70;0.00;0.00;0.00;99;2019-06-14T16:37:28;
500;505.88;814.54;0.00;0.00;0.00;99;2019-06-14T16:37:29;
500;497.45;814.63;0.00;0.00;0.00;99;2019-06-14T16:37:30;
500;495.34;814.26;0.00;0.00;0.00;99;2019-06-14T16:37:31;
500;497.45;814.41;0.00;0.00;0.00;99;2019-06-14T16:37:32;
500;497.45;814.33;0.00;0.00;0.00;99;2019-06-14T16:37:33;
500;503.77;815.31;0.00;0.00;0.00;99;2019-06-14T16:37:34;
500;503.77;815.04;0.00;0.00;0.00;99;2019-06-14T16:37:35;
500;497.45;813.33;0.00;0.00;0.00;99;2019-06-14T16:37:36;
500;501.67;813.02;0.00;0.00;0.00;99;2019-06-14T16:37:37;
500;495.34;813.49;0.00;0.00;0.00;99;2019-06-14T16:37:38;
500;497.45;814.67;0.00;0.00;0.00;99;2019-06-14T16:37:39;
500;495.34;814.94;0.00;0.00;0.00;99;2019-06-14T16:37:40;
500;497.45;815.49;0.00;0.00;0.00;99;2019-06-14T16:37:41;
500;497.45;815.69;0.00;0.00;0.00;99;2019-06-14T16:37:42;
500;505.88;815.78;0.00;0.00;0.00;99;2019-06-14T16:37:43;
500;497.45;816.24;0.00;0.00;0.00;99;2019-06-14T16:37:44;
500;499.56;814.64;0.00;0.00;0.00;99;2019-06-14T16:37:45;
500;495.34;814.20;0.00;0.00;0.00;99;2019-06-14T16:37:46;
500;495.34;814.83;0.00;0.00;0.00;99;2019-06-14T16:37:47;
500;495.34;815.11;0.00;0.00;0.00;99;2019-06-14T16:37:48;
500;497.45;815.31;0.00;0.00;0.00;99;2019-06-14T16:37:49;
500;497.45;814.99;0.00;0.00;0.00;99;2019-06-14T16:37:50;
500;497.45;815.43;0.00;0.00;0.00;99;2019-06-14T16:37:51;
500;495.34;815.63;0.00;0.00;0.00;99;2019-06-14T16:37:52;
500;497.45;814.69;0.00;0.00;0.00;99;2019-06-14T16:37:53;
500;501.67;815.23;0.00;0.00;0.00;99;2019-06-14T16:37:54;
500;495.34;814.10;0.00;0.00;0.00;99;2019-06-14T16:37:55;
500;493.72;814.58;0.00;0.00;0.00;99;2019-06-14T16:37:56;
500;497.45;813.48;0.00;0.00;0.00;99;2019-06-14T16:37:57;
500;495.34;814.65;0.00;0.00;0.00;99;2019-06-14T16:37:58;
500;499.56;814.46;0.00;0.00;0.00;99;2019-06-14T16:37:59;
500;501.67;814.97;0.00;0.00;0.00;99;2019-06-14T16:38:00;
500;503.77;815.18;0.00;0.00;0.00;99;2019-06-14T16:38:01;
500;497.45;815.61;0.00;0.00;0.00;99;2019-06-14T16:38:02;
500;499.56;815.76;0.00;0.00;0.00;99;2019-06-14T16:38:03;
500;503.77;815.30;0.00;0.00;0.00;99;2019-06-14T16:38:04;
500;495.34;814.47;0.00;0.00;0.00;99;2019-06-14T16:38:05;
500;495.34;813.47;0.00;0.00;0.00;99;2019-06-14T16:38:06;
500;493.72;813.56;0.00;0.00;0.00;99;2019-06-14T16:38:07;
500;495.34;814.34;0.00;0.00;0.00;99;2019-06-14T16:38:08;
500;499.56;814.67;0.00;0.00;0.00;99;2019-06-14T16:38:09;
500;497.45;814.72;0.00;0.00;0.00;99;2019-06-14T16:38:10;
500;493.72;814.92;0.00;0.00;0.00;99;2019-06-14T16:38:11;
500;505.88;815.16;0.00;0.00;0.00;99;2019-06-14T16:38:12;
500;497.45;815.12;0.00;0.00;0.00;99;2019-06-14T16:38:13;
500;497.45;815.56;0.00;0.00;0.00;99;2019-06-14T16:38:14;
500;495.34;815.44;0.00;0.00;0.00;99;2019-06-14T16:38:15;
500;495.34;815.79;0.00;0.00;0.00;99;2019-06-14T16:38:16;
500;507.99;816.23;0.00;0.00;0.00;99;2019-06-14T16:38:17;
500;501.67;816.42;0.00;0.00;0.00;99;2019-06-14T16:38:18;
500;499.56;816.93;0.00;0.00;0.00;99;2019-06-14T16:38:19;
500;505.88;816.43;0.00;0.00;0.00;99;2019-06-14T16:38:20;
500;503.77;816.97;0.00;0.00;0.00;99;2019-06-14T16:38:21;
500;499.56;817.45;0.00;0.00;0.00;99;2019-06-14T16:38:22;
500;499.56;815.75;0.00;0.00;0.00;99;2019-06-14T16:38:23;
500;497.45;816.80;0.00;0.00;0.00;99;2019-06-14T16:38:24;
500;497.45;816.57;0.00;0.00;0.00;99;2019-06-14T16:38:25;
500;499.56;816.45;0.00;0.00;0.00;99;2019-06-14T16:38:26;
500;505.88;816.22;0.00;0.00;0.00;99;2019-06-14T16:38:27;
500;501.67;817.00;0.00;0.00;0.00;99;2019-06-14T16:38:28;
500;505.88;817.35;0.00;0.00;0.00;99;2019-06-14T16:38:29;
500;503.77;816.22;0.00;0.00;0.00;99;2019-06-14T16:38:30;
500;497.45;816.80;0.00;0.00;0.00;99;2019-06-14T16:38:31;
500;497.45;816.88;0.00;0.00;0.00;99;2019-06-14T16:38:32;
500;501.67;816.92;0.00;0.00;0.00;99;2019-06-14T16:38:33;
500;501.67;817.19;0.00;0.00;0.00;99;2019-06-14T16:38:34;
500;497.45;816.96;0.00;0.00;0.00;99;2019-06-14T16:38:35;
500;497.45;816.49;0.00;0.00;0.00;99;2019-06-14T16:38:36;
500;503.77;816.84;0.00;0.00;0.00;99;2019-06-14T16:38:37;
500;497.45;816.13;0.00;0.00;0.00;99;2019-06-14T16:38:38;
500;505.88;817.55;0.00;0.00;0.00;99;2019-06-14T16:38:39;
500;501.67;817.19;0.00;0.00;0.00;99;2019-06-14T16:38:40;
500;501.67;816.72;0.00;0.00;0.00;99;2019-06-14T16:38:41;
500;499.56;816.71;0.00;0.00;0.00;99;2019-06-14T16:38:42;
500;505.88;817.14;0.00;0.00;0.00;99;2019-06-14T16:38:43;
500;497.45;816.63;0.00;0.00;0.00;99;2019-06-14T16:38:44;
500;501.67;816.20;0.00;0.00;0.00;99;2019-06-14T16:38:45;
500;499.56;817.14;0.00;0.00;0.00;99;2019-06-14T16:38:46;
500;497.45;817.05;0.00;0.00;0.00;99;2019-06-14T16:38:47;
500;499.56;817.45;0.00;0.00;0.00;99;2019-06-14T16:38:48;
500;501.67;817.28;0.00;0.00;0.00;99;2019-06-14T16:38:49;
500;501.67;816.10;0.00;0.00;0.00;99;2019-06-14T16:38:50;
500;505.88;816.80;0.00;0.00;0.00;99;2019-06-14T16:38:51;
500;503.77;816.72;0.00;0.00;0.00;99;2019-06-14T16:38:52;
500;501.67;816.72;0.00;0.00;0.00;99;2019-06-14T16:38:53;
500;505.88;816.94;0.00;0.00;0.00;99;2019-06-14T16:38:54;
500;497.45;815.60;0.00;0.00;0.00;99;2019-06-14T16:38:55;
500;499.56;816.23;0.00;0.00;0.00;99;2019-06-14T16:38:56;
500;501.67;816.33;0.00;0.00;0.00;99;2019-06-14T16:38:57;
500;495.34;814.47;0.00;0.00;0.00;99;2019-06-14T16:38:58;
500;499.56;815.30;0.00;0.00;0.00;99;2019-06-14T16:38:59;
500;501.67;814.28;0.00;0.00;0.00;99;2019-06-14T16:39:00;
500;499.56;815.72;0.00;0.00;0.00;99;2019-06-14T16:39:01;
500;493.72;813.61;0.00;0.00;0.00;99;2019-06-14T16:39:02;
500;492.09;812.90;0.00;0.00;0.00;99;2019-06-14T16:39:03;
500;493.72;814.28;0.00;0.00;0.00;99;2019-06-14T16:39:04;
500;495.34;814.00;0.00;0.00;0.00;99;2019-06-14T16:39:05;
500;493.72;814.72;0.00;0.00;0.00;99;2019-06-14T16:39:06;
500;495.34;814.96;0.00;0.00;0.00;99;2019-06-14T16:39:07;
500;499.56;815.61;0.00;0.00;0.00;99;2019-06-14T16:39:08;
500;495.34;813.33;0.00;0.00;0.00;99;2019-06-14T16:39:09;
500;495.34;814.89;0.00;0.00;0.00;99;2019-06-14T16:39:10;
500;497.45;815.55;0.00;0.00;0.00;99;2019-06-14T16:39:11;
500;495.34;815.07;0.00;0.00;0.00;99;2019-06-14T16:39:12;
500;495.34;815.06;0.00;0.00;0.00;99;2019-06-14T16:39:13;
500;493.72;814.66;0.00;0.00;0.00;99;2019-06-14T16:39:14;
500;495.34;815.23;0.00;0.00;0.00;99;2019-06-14T16:39:15;
500;495.34;814.90;0.00;0.00;0.00;99;2019-06-14T16:39:16;
500;495.34;814.58;0.00;0.00;0.00;99;2019-06-14T16:39:17;
500;499.56;815.64;0.00;0.00;0.00;99;2019-06-14T16:39:18;
500;503.77;816.04;0.00;0.00;0.00;99;2019-06-14T16:39:19;
500;495.34;815.56;0.00;0.00;0.00;99;2019-06-14T16:39:20;
500;497.45;815.24;0.00;0.00;0.00;99;2019-06-14T16:39:21;
500;497.45;816.18;0.00;0.00;0.00;99;2019-06-14T16:39:22;
500;499.56;816.06;0.00;0.00;0.00;99;2019-06-14T16:39:23;
500;501.67;815.95;0.00;0.00;0.00;99;2019-06-14T16:39:24;
500;497.45;816.62;0.00;0.00;0.00;99;2019-06-14T16:39:25;
500;503.77;815.63;0.00;0.00;0.00;99;2019-06-14T16:39:26;
500;497.45;816.50;0.00;0.00;0.00;99;2019-06-14T16:39:27;
500;495.34;816.81;0.00;0.00;0.00;99;2019-06-14T16:39:28;
500;497.45;815.95;0.00;0.00;0.00;99;2019-06-14T16:39:29;
500;495.34;817.01;0.00;0.00;0.00;99;2019-06-14T16:39:30;
500;497.45;816.57;0.00;0.00;0.00;99;2019-06-14T16:39:31;
500;499.56;817.48;0.00;0.00;0.00;99;2019-06-14T16:39:32;
500;503.77;817.13;0.00;0.00;0.00;99;2019-06-14T16:39:33;
500;497.45;817.71;0.00;0.00;0.00;99;2019-06-14T16:39:34;
500;501.67;816.85;0.00;0.00;0.00;99;2019-06-14T16:39:35;
500;497.45;817.91;0.00;0.00;0.00;99;2019-06-14T16:39:36;
500;499.56;817.83;0.00;0.00;0.00;99;2019-06-14T16:39:37;
500;499.56;817.99;0.00;0.00;0.00;99;2019-06-14T16:39:38;
500;503.77;816.37;0.00;0.00;0.00;99;2019-06-14T16:39:39;
500;499.56;818.52;0.00;0.00;0.00;99;2019-06-14T16:39:40;
500;503.77;817.42;0.00;0.00;0.00;99;2019-06-14T16:39:41;
500;501.67;818.05;0.00;0.00;0.00;99;2019-06-14T16:39:42;
500;501.67;818.28;0.00;0.00;0.00;99;2019-06-14T16:39:43;
500;497.45;818.55;0.00;0.00;0.00;99;2019-06-14T16:39:44;
500;503.77;817.73;0.00;0.00;0.00;99;2019-06-14T16:39:45;
500;503.77;819.44;0.00;0.00;0.00;99;2019-06-14T16:39:46;
500;499.56;819.39;0.00;0.00;0.00;99;2019-06-14T16:39:47;
500;503.77;818.81;0.00;0.00;0.00;99;2019-06-14T16:39:48;
500;507.99;818.56;0.00;0.00;0.00;99;2019-06-14T16:39:49;
500;499.56;818.56;0.00;0.00;0.00;99;2019-06-14T16:39:50;
500;503.77;818.36;0.00;0.00;0.00;99;2019-06-14T16:39:51;
500;512.21;824.11;0.00;0.00;0.00;99;2019-06-14T16:39:52;
500;499.56;818.61;0.00;0.00;0.00;99;2019-06-14T16:39:53;
500;499.56;818.72;0.00;0.00;0.00;99;2019-06-14T16:39:54;
500;499.56;818.68;0.00;0.00;0.00;99;2019-06-14T16:39:55;
500;501.67;818.29;0.00;0.00;0.00;99;2019-06-14T16:39:56;
500;501.67;819.44;0.00;0.00;0.00;99;2019-06-14T16:39:57;
500;503.77;819.25;0.00;0.00;0.00;99;2019-06-14T16:39:58;
500;499.56;819.43;0.00;0.00;0.00;99;2019-06-14T16:39:59;
500;497.45;817.97;0.00;0.00;0.00;99;2019-06-14T16:40:00;
500;499.56;818.87;0.00;0.00;0.00;99;2019-06-14T16:40:01;
500;499.56;817.65;0.00;0.00;0.00;99;2019-06-14T16:40:02;
500;505.88;818.26;0.00;0.00;0.00;99;2019-06-14T16:40:03;
500;497.45;818.02;0.00;0.00;0.00;99;2019-06-14T16:40:04;
500;505.88;818.52;0.00;0.00;0.00;99;2019-06-14T16:40:05;
500;503.77;818.29;0.00;0.00;0.00;99;2019-06-14T16:40:06;
500;499.56;818.48;0.00;0.00;0.00;99;2019-06-14T16:40:07;
500;499.56;819.22;0.00;0.00;0.00;99;2019-06-14T16:40:08;
500;503.77;817.76;0.00;0.00;0.00;99;2019-06-14T16:40:09;
500;501.67;817.67;0.00;0.00;0.00;99;2019-06-14T16:40:10;
500;497.45;818.41;0.00;0.00;0.00;99;2019-06-14T16:40:11;
500;499.56;817.42;0.00;0.00;0.00;99;2019-06-14T16:40:12;
500;497.45;818.04;0.00;0.00;0.00;99;2019-06-14T16:40:13;
500;495.34;816.83;0.00;0.00;0.00;99;2019-06-14T16:40:14;
500;499.56;817.76;0.00;0.00;0.00;99;2019-06-14T16:40:15;
500;497.45;817.65;0.00;0.00;0.00;99;2019-06-14T16:40:16;
500;499.56;818.04;0.00;0.00;0.00;99;2019-06-14T16:40:17;
500;497.45;817.88;0.00;0.00;0.00;99;2019-06-14T16:40:18;
500;501.67;818.16;0.00;0.00;0.00;99;2019-06-14T16:40:19;
500;499.56;817.49;0.00;0.00;0.00;99;2019-06-14T16:40:20;
500;497.45;816.90;0.00;0.00;0.00;99;2019-06-14T16:40:21;
