394;50;0.29;0.00;2019-03-01T15:03:54;
394;50;0.00;0.00;2019-03-01T15:03:55;
394;50;0.00;0.00;2019-03-01T15:03:56;
394;50;0.00;0.00;2019-03-01T15:03:57;
394;50;0.00;0.00;2019-03-01T15:03:58;
394;50;0.00;0.00;2019-03-01T15:03:59;
394;50;0.00;0.00;2019-03-01T15:04:00;
394;50;0.00;0.00;2019-03-01T15:04:01;
394;50;0.00;0.00;2019-03-01T15:04:02;
394;50;0.00;0.00;2019-03-01T15:04:03;
394;50;0.00;0.00;2019-03-01T15:04:04;
394;50;0.00;0.00;2019-03-01T15:04:05;
394;50;0.00;0.00;2019-03-01T15:04:06;
394;50;0.00;0.00;2019-03-01T15:04:07;
394;50;0.00;0.00;2019-03-01T15:04:08;
800;50;0.00;0.00;2019-03-01T15:04:09;
800;50;0.00;0.00;2019-03-01T15:04:10;
800;50;0.00;0.00;2019-03-01T15:04:11;
800;50;0.00;0.00;2019-03-01T15:04:12;
800;50;0.00;0.00;2019-03-01T15:04:13;
800;50;0.00;0.00;2019-03-01T15:04:14;
800;50;0.00;0.00;2019-03-01T15:04:15;
800;50;0.00;0.00;2019-03-01T15:04:16;
800;50;0.00;0.00;2019-03-01T15:04:17;
800;50;0.00;0.00;2019-03-01T15:04:18;
0;50;0.00;0.00;2019-03-01T15:04:19;
0;50;0.00;0.00;2019-03-01T15:04:20;
0;50;0.00;0.00;2019-03-01T15:04:21;
0;50;0.00;0.00;2019-03-01T15:04:22;
0;50;0.00;0.00;2019-03-01T15:04:23;
0;50;0.00;0.00;2019-03-01T15:04:24;
0;50;0.00;0.00;2019-03-01T15:04:25;
0;50;0.00;0.00;2019-03-01T15:04:26;
0;50;0.00;0.00;2019-03-01T15:04:27;
0;50;0.00;0.00;2019-03-01T15:04:28;
700;50;0.00;0.00;2019-03-01T15:04:29;
700;50;0.00;0.00;2019-03-01T15:04:30;
700;50;0.00;0.00;2019-03-01T15:04:31;
700;50;0.00;0.00;2019-03-01T15:04:32;
700;50;0.00;0.00;2019-03-01T15:04:33;
700;50;0.00;0.00;2019-03-01T15:04:34;
700;50;0.00;0.00;2019-03-01T15:04:35;
700;50;0.00;0.00;2019-03-01T15:04:36;
700;50;0.00;0.00;2019-03-01T15:04:37;
700;50;0.00;0.00;2019-03-01T15:04:38;
700;50;0.00;0.00;2019-03-01T15:04:39;
700;50;0.00;0.00;2019-03-01T15:04:40;
700;50;0.00;0.00;2019-03-01T15:04:41;
700;50;0.00;0.00;2019-03-01T15:04:42;
700;50;0.00;0.00;2019-03-01T15:04:43;
700;50;0.00;0.00;2019-03-01T15:04:44;
700;50;0.00;0.00;2019-03-01T15:04:45;
700;50;0.00;0.00;2019-03-01T15:04:46;
700;50;0.00;0.00;2019-03-01T15:04:47;
700;50;0.00;0.00;2019-03-01T15:04:48;
700;50;0.00;0.00;2019-03-01T15:04:49;
700;50;0.00;0.00;2019-03-01T15:04:50;
700;50;0.00;0.00;2019-03-01T15:04:51;
700;50;0.00;0.00;2019-03-01T15:04:52;
700;50;0.00;0.00;2019-03-01T15:04:53;
700;50;0.00;0.00;2019-03-01T15:04:54;
700;50;0.00;0.00;2019-03-01T15:04:55;
700;50;0.00;0.00;2019-03-01T15:04:56;
700;50;0.00;0.00;2019-03-01T15:04:57;
700;50;0.00;0.00;2019-03-01T15:04:58;
700;50;0.00;0.00;2019-03-01T15:04:59;
700;50;0.00;0.00;2019-03-01T15:05:00;
700;50;0.00;0.00;2019-03-01T15:05:01;
700;50;0.00;0.00;2019-03-01T15:05:02;
700;50;0.00;0.00;2019-03-01T15:05:03;
700;50;0.00;0.00;2019-03-01T15:05:04;
700;50;0.00;0.00;2019-03-01T15:05:05;
700;50;0.00;0.00;2019-03-01T15:05:06;
700;50;0.00;0.00;2019-03-01T15:05:07;
700;50;0.00;0.00;2019-03-01T15:05:08;
700;50;0.00;0.00;2019-03-01T15:05:09;
700;50;0.00;0.00;2019-03-01T15:05:10;
700;50;0.00;0.00;2019-03-01T15:05:11;
70;50;0.00;0.00;2019-03-01T15:05:13;
70;50;0.00;0.00;2019-03-01T15:05:14;
70;50;0.00;0.00;2019-03-01T15:05:15;
70;50;0.00;0.00;2019-03-01T15:05:16;
70;50;0.00;0.00;2019-03-01T15:05:17;
70;50;0.00;0.00;2019-03-01T15:05:18;
70;50;0.00;0.00;2019-03-01T15:05:19;
70;50;0.00;0.00;2019-03-01T15:05:21;
70;50;0.00;0.00;2019-03-01T15:05:22;
70;50;0.00;0.00;2019-03-01T15:05:23;
70;50;0.00;0.00;2019-03-01T15:05:24;
70;50;0.00;0.00;2019-03-01T15:05:25;
70;50;0.00;0.00;2019-03-01T15:05:26;
70;50;0.00;0.00;2019-03-01T15:05:27;
70;50;0.00;0.00;2019-03-01T15:05:28;
70;50;0.00;0.00;2019-03-01T15:05:29;
70;50;0.00;0.00;2019-03-01T15:05:30;
70;50;0.00;0.00;2019-03-01T15:05:31;
70;50;0.00;0.00;2019-03-01T15:05:32;
70;50;0.00;0.00;2019-03-01T15:05:33;
70;50;0.00;0.00;2019-03-01T15:05:34;
70;50;0.00;0.00;2019-03-01T15:05:35;
70;50;0.00;0.00;2019-03-01T15:05:36;
70;50;0.00;0.00;2019-03-01T15:05:38;
70;50;0.00;0.00;2019-03-01T15:05:39;
70;50;0.00;0.00;2019-03-01T15:05:40;
70;50;0.00;0.00;2019-03-01T15:05:41;
70;50;0.00;0.00;2019-03-01T15:05:42;
70;50;0.00;0.00;2019-03-01T15:05:43;
70;50;0.00;0.00;2019-03-01T15:05:44;
70;50;0.00;0.00;2019-03-01T15:05:45;
70;50;0.00;0.00;2019-03-01T15:05:46;
70;50;0.00;0.00;2019-03-01T15:05:47;
70;50;0.00;0.00;2019-03-01T15:05:48;
70;50;0.00;0.00;2019-03-01T15:05:49;
70;50;0.00;0.00;2019-03-01T15:05:50;
70;50;0.00;0.00;2019-03-01T15:05:51;
70;50;0.00;0.00;2019-03-01T15:05:52;
70;50;0.00;0.00;2019-03-01T15:05:53;
70;50;0.00;0.00;2019-03-01T15:05:55;
70;50;0.00;0.00;2019-03-01T15:05:56;
70;50;0.00;0.00;2019-03-01T15:05:57;
0;50;0.00;0.00;2019-03-01T15:05:58;
0;50;0.00;0.00;2019-03-01T15:05:59;
0;50;0.00;0.00;2019-03-01T15:06:00;
0;50;0.00;0.00;2019-03-01T15:06:01;
0;50;0.00;0.00;2019-03-01T15:06:02;
0;50;0.00;0.00;2019-03-01T15:06:03;
0;50;0.00;0.00;2019-03-01T15:06:04;
0;50;0.00;0.00;2019-03-01T15:06:05;
0;50;0.00;0.00;2019-03-01T15:06:06;
0;50;0.00;0.00;2019-03-01T15:06:07;
0;50;0.00;0.00;2019-03-01T15:06:08;
0;50;0.00;0.00;2019-03-01T15:06:09;
0;50;0.00;0.00;2019-03-01T15:06:10;
0;50;0.00;0.00;2019-03-01T15:06:12;
0;50;0.00;0.00;2019-03-01T15:06:13;
0;50;0.00;0.00;2019-03-01T15:06:14;
0;50;0.00;0.00;2019-03-01T15:06:15;
0;50;0.00;0.00;2019-03-01T15:06:16;
0;50;0.00;0.00;2019-03-01T15:06:17;
0;50;0.00;0.00;2019-03-01T15:06:18;
0;50;0.00;0.00;2019-03-01T15:06:19;
0;50;0.00;0.00;2019-03-01T15:06:20;
0;50;0.00;0.00;2019-03-01T15:06:21;
0;50;0.00;0.00;2019-03-01T15:06:22;
0;50;0.00;0.00;2019-03-01T15:06:23;
0;50;0.00;0.00;2019-03-01T15:06:24;
0;50;0.00;0.00;2019-03-01T15:06:25;
0;50;0.00;0.00;2019-03-01T15:06:26;
0;50;0.00;0.00;2019-03-01T15:06:27;
0;50;0.00;0.00;2019-03-01T15:06:28;
0;50;0.00;0.00;2019-03-01T15:06:30;
0;50;0.00;0.00;2019-03-01T15:06:31;
0;50;0.00;0.00;2019-03-01T15:06:32;
0;50;0.00;0.00;2019-03-01T15:06:33;
0;50;0.00;0.00;2019-03-01T15:06:34;
0;50;0.00;0.00;2019-03-01T15:06:35;
0;50;0.00;0.00;2019-03-01T15:06:36;
0;50;0.00;0.00;2019-03-01T15:06:37;
0;50;0.00;0.00;2019-03-01T15:06:38;
0;50;0.00;0.00;2019-03-01T15:06:39;
0;50;0.00;0.00;2019-03-01T15:06:40;
0;50;0.00;0.00;2019-03-01T15:06:41;
0;50;0.00;0.00;2019-03-01T15:06:42;
7;50;0.00;0.00;2019-03-01T15:06:43;
7;50;0.00;0.00;2019-03-01T15:06:44;
7;50;0.00;0.00;2019-03-01T15:06:45;
7;50;0.00;0.00;2019-03-01T15:06:46;
7;50;0.00;0.00;2019-03-01T15:06:47;
7;50;0.00;0.00;2019-03-01T15:06:48;
7;50;0.00;0.00;2019-03-01T15:06:49;
7;50;0.00;0.00;2019-03-01T15:06:50;
7;50;0.00;0.00;2019-03-01T15:06:51;
7;50;0.00;0.00;2019-03-01T15:06:52;
7;50;0.00;0.00;2019-03-01T15:06:53;
7;50;0.00;0.00;2019-03-01T15:06:54;
7;50;0.00;0.00;2019-03-01T15:06:55;
7;50;0.00;0.00;2019-03-01T15:06:56;
7;50;0.00;0.00;2019-03-01T15:06:57;
7;50;0.00;0.00;2019-03-01T15:06:58;
7;50;0.00;0.00;2019-03-01T15:06:59;
7;50;0.00;0.00;2019-03-01T15:07:00;
7;50;0.00;0.00;2019-03-01T15:07:01;
7;50;0.00;0.00;2019-03-01T15:07:02;
7;50;0.00;0.00;2019-03-01T15:07:03;
7;50;0.00;0.00;2019-03-01T15:07:04;
7;50;0.00;0.00;2019-03-01T15:07:05;
7;50;0.00;0.00;2019-03-01T15:07:06;
7;50;0.00;0.00;2019-03-01T15:07:07;
7;50;0.00;0.00;2019-03-01T15:07:08;
7;50;0.00;0.00;2019-03-01T15:07:09;
7;50;0.00;0.00;2019-03-01T15:07:10;
7;50;0.00;0.00;2019-03-01T15:07:11;
7;50;0.00;0.00;2019-03-01T15:07:12;
7;50;0.00;0.00;2019-03-01T15:07:13;
7;50;0.00;0.00;2019-03-01T15:07:14;
7;50;0.00;0.00;2019-03-01T15:07:15;
7;50;0.00;0.00;2019-03-01T15:07:16;
7;50;0.00;0.00;2019-03-01T15:07:17;
7;50;0.00;0.00;2019-03-01T15:07:18;
7;50;0.00;0.00;2019-03-01T15:07:19;
7;50;0.00;0.00;2019-03-01T15:07:20;
7;50;0.00;0.00;2019-03-01T15:07:21;
7;50;0.00;0.00;2019-03-01T15:07:22;
7;50;0.00;0.00;2019-03-01T15:07:23;
7;50;0.00;0.00;2019-03-01T15:07:24;
7;50;0.00;0.00;2019-03-01T15:07:25;
7;50;0.00;0.00;2019-03-01T15:07:26;
70;50;0.00;0.00;2019-03-01T15:07:28;
70;50;0.00;0.00;2019-03-01T15:07:29;
70;50;0.00;0.00;2019-03-01T15:07:30;
70;50;0.00;0.00;2019-03-01T15:07:31;
70;50;0.00;0.00;2019-03-01T15:07:32;
70;50;0.00;0.00;2019-03-01T15:07:33;
70;50;0.00;0.00;2019-03-01T15:07:34;
70;50;0.00;0.00;2019-03-01T15:07:35;
70;50;0.00;0.00;2019-03-01T15:07:37;
70;50;0.00;0.00;2019-03-01T15:07:38;
70;50;0.00;0.00;2019-03-01T15:07:39;
70;50;0.00;0.00;2019-03-01T15:07:40;
70;50;0.00;0.00;2019-03-01T15:07:41;
70;50;0.00;0.00;2019-03-01T15:07:42;
70;50;0.00;0.00;2019-03-01T15:07:43;
70;50;0.00;0.00;2019-03-01T15:07:44;
70;50;0.00;0.00;2019-03-01T15:07:45;
70;50;0.00;0.00;2019-03-01T15:07:46;
70;50;0.00;0.00;2019-03-01T15:07:47;
70;50;0.00;0.00;2019-03-01T15:07:48;
70;50;0.00;0.00;2019-03-01T15:07:49;
70;50;0.00;0.00;2019-03-01T15:07:50;
70;50;0.00;0.00;2019-03-01T15:07:51;
70;50;0.00;0.00;2019-03-01T15:07:53;
70;50;0.00;0.00;2019-03-01T15:07:54;
70;50;0.00;0.00;2019-03-01T15:07:55;
70;50;0.00;0.00;2019-03-01T15:07:56;
70;50;0.00;0.00;2019-03-01T15:07:57;
70;50;0.00;0.00;2019-03-01T15:07:58;
70;50;0.00;0.00;2019-03-01T15:07:59;
70;50;0.00;0.00;2019-03-01T15:08:00;
70;50;0.00;0.00;2019-03-01T15:08:01;
70;50;0.00;0.00;2019-03-01T15:08:02;
70;50;0.00;0.00;2019-03-01T15:08:03;
70;50;0.00;0.00;2019-03-01T15:08:04;
70;50;0.00;0.00;2019-03-01T15:08:05;
70;50;0.00;0.00;2019-03-01T15:08:06;
70;50;0.00;0.00;2019-03-01T15:08:07;
70;50;0.00;0.00;2019-03-01T15:08:09;
70;50;0.00;0.00;2019-03-01T15:08:10;
70;50;0.00;0.00;2019-03-01T15:08:11;
70;50;0.00;0.00;2019-03-01T15:08:12;
0;50;0.00;0.00;2019-03-01T15:08:13;
0;50;0.00;0.00;2019-03-01T15:08:14;
0;50;0.00;0.00;2019-03-01T15:08:15;
0;50;0.00;0.00;2019-03-01T15:08:16;
0;50;0.00;0.00;2019-03-01T15:08:17;
0;50;0.00;0.00;2019-03-01T15:08:18;
0;50;0.00;0.00;2019-03-01T15:08:19;
0;50;0.00;0.00;2019-03-01T15:08:20;
0;50;0.00;0.00;2019-03-01T15:08:21;
0;50;0.00;0.00;2019-03-01T15:08:22;
0;50;0.00;0.00;2019-03-01T15:08:23;
0;50;0.00;0.00;2019-03-01T15:08:25;
0;50;0.00;0.00;2019-03-01T15:08:26;
0;50;0.00;0.00;2019-03-01T15:08:27;
0;50;0.00;0.00;2019-03-01T15:08:28;
0;50;0.00;0.00;2019-03-01T15:08:29;
0;50;0.00;0.00;2019-03-01T15:08:30;
0;50;0.00;0.00;2019-03-01T15:08:31;
0;50;0.00;0.00;2019-03-01T15:08:32;
0;50;0.00;0.00;2019-03-01T15:08:33;
0;50;0.00;0.00;2019-03-01T15:08:34;
0;50;0.00;0.00;2019-03-01T15:08:35;
0;50;0.00;0.00;2019-03-01T15:08:36;
0;50;0.00;0.00;2019-03-01T15:08:37;
0;50;0.00;0.00;2019-03-01T15:08:38;
0;50;0.00;0.00;2019-03-01T15:08:39;
0;50;0.00;0.00;2019-03-01T15:08:40;
0;50;0.00;0.00;2019-03-01T15:08:42;
0;50;0.00;0.00;2019-03-01T15:08:43;
0;50;0.00;0.00;2019-03-01T15:08:44;
0;50;0.00;0.00;2019-03-01T15:08:45;
0;50;0.00;0.00;2019-03-01T15:08:46;
0;50;0.00;0.00;2019-03-01T15:08:47;
0;50;0.00;0.00;2019-03-01T15:08:48;
0;50;0.00;0.00;2019-03-01T15:08:49;
0;50;0.00;0.00;2019-03-01T15:08:50;
0;50;0.00;0.00;2019-03-01T15:08:51;
0;50;0.00;0.00;2019-03-01T15:08:52;
0;50;0.00;0.00;2019-03-01T15:08:53;
0;50;0.00;0.00;2019-03-01T15:08:54;
0;50;0.00;0.00;2019-03-01T15:08:55;
0;50;0.00;0.00;2019-03-01T15:08:56;
0;50;0.00;0.00;2019-03-01T15:08:58;
7;50;0.00;0.00;2019-03-01T15:08:59;
7;50;0.00;0.00;2019-03-01T15:09:00;
7;50;0.00;0.00;2019-03-01T15:09:01;
7;50;0.00;0.00;2019-03-01T15:09:02;
7;50;0.00;0.00;2019-03-01T15:09:03;
7;50;0.00;0.00;2019-03-01T15:09:04;
7;50;0.00;0.00;2019-03-01T15:09:05;
7;50;0.00;0.00;2019-03-01T15:09:06;
7;50;0.00;0.00;2019-03-01T15:09:07;
7;50;0.00;0.00;2019-03-01T15:09:08;
7;50;0.00;0.00;2019-03-01T15:09:09;
7;50;0.00;0.00;2019-03-01T15:09:10;
7;50;0.00;0.00;2019-03-01T15:09:11;
7;50;0.00;0.00;2019-03-01T15:09:12;
7;50;0.00;0.00;2019-03-01T15:09:13;
7;50;0.00;0.00;2019-03-01T15:09:14;
7;50;0.00;0.00;2019-03-01T15:09:15;
7;50;0.00;0.00;2019-03-01T15:09:16;
7;50;0.00;0.00;2019-03-01T15:09:17;
7;50;0.00;0.00;2019-03-01T15:09:18;
7;50;0.00;0.00;2019-03-01T15:09:19;
7;50;0.00;0.00;2019-03-01T15:09:20;
7;50;0.00;0.00;2019-03-01T15:09:21;
7;50;0.00;0.00;2019-03-01T15:09:22;
7;50;0.00;0.00;2019-03-01T15:09:23;
7;50;0.00;0.00;2019-03-01T15:09:24;
7;50;0.00;0.00;2019-03-01T15:09:25;
7;50;0.00;0.00;2019-03-01T15:09:26;
7;50;0.00;0.00;2019-03-01T15:09:27;
7;50;0.00;0.00;2019-03-01T15:09:28;
7;50;0.00;0.00;2019-03-01T15:09:29;
7;50;0.00;0.00;2019-03-01T15:09:30;
7;50;0.00;0.00;2019-03-01T15:09:31;
7;50;0.00;0.00;2019-03-01T15:09:32;
7;50;0.00;0.00;2019-03-01T15:09:33;
7;50;0.00;0.00;2019-03-01T15:09:34;
7;50;0.00;0.00;2019-03-01T15:09:35;
7;50;0.00;0.00;2019-03-01T15:09:36;
7;50;0.00;0.00;2019-03-01T15:09:37;
7;50;0.00;0.00;2019-03-01T15:09:38;
7;50;0.00;0.00;2019-03-01T15:09:39;
7;50;0.00;0.00;2019-03-01T15:09:40;
7;50;0.00;0.00;2019-03-01T15:09:41;
7;50;0.00;0.00;2019-03-01T15:09:42;
70;50;0.00;0.00;2019-03-01T15:09:44;
70;50;0.00;0.00;2019-03-01T15:09:45;
70;50;0.00;0.00;2019-03-01T15:09:46;
70;50;0.00;0.00;2019-03-01T15:09:47;
70;50;0.00;0.00;2019-03-01T15:09:48;
70;50;0.00;0.00;2019-03-01T15:09:49;
70;50;0.00;0.00;2019-03-01T15:09:50;
70;50;0.00;0.00;2019-03-01T15:09:51;
70;50;0.00;0.00;2019-03-01T15:09:52;
70;50;0.00;0.00;2019-03-01T15:09:53;
70;50;0.00;0.00;2019-03-01T15:09:54;
70;50;0.00;0.00;2019-03-01T15:09:55;
70;50;0.00;0.00;2019-03-01T15:09:56;
70;50;0.00;0.00;2019-03-01T15:09:57;
70;50;0.00;0.00;2019-03-01T15:09:58;
70;50;0.00;0.00;2019-03-01T15:09:59;
70;50;0.00;0.00;2019-03-01T15:10:01;
70;50;0.00;0.00;2019-03-01T15:10:02;
70;50;0.00;0.00;2019-03-01T15:10:03;
70;50;0.00;0.00;2019-03-01T15:10:04;
70;50;0.00;0.00;2019-03-01T15:10:05;
70;50;0.00;0.00;2019-03-01T15:10:06;
70;50;0.00;0.00;2019-03-01T15:10:07;
70;50;0.00;0.00;2019-03-01T15:10:08;
70;50;0.00;0.00;2019-03-01T15:10:09;
70;50;0.00;0.00;2019-03-01T15:10:10;
70;50;0.00;0.00;2019-03-01T15:10:11;
70;50;0.00;0.00;2019-03-01T15:10:12;
70;50;0.00;0.00;2019-03-01T15:10:13;
70;50;0.00;0.00;2019-03-01T15:10:14;
70;50;0.00;0.00;2019-03-01T15:10:16;
70;50;0.00;0.00;2019-03-01T15:10:17;
70;50;0.00;0.00;2019-03-01T15:10:18;
70;50;0.00;0.00;2019-03-01T15:10:19;
70;50;0.00;0.00;2019-03-01T15:10:20;
70;50;0.00;0.00;2019-03-01T15:10:21;
70;50;0.00;0.00;2019-03-01T15:10:22;
70;50;0.00;0.00;2019-03-01T15:10:23;
70;50;0.00;0.00;2019-03-01T15:10:24;
70;50;0.00;0.00;2019-03-01T15:10:25;
70;50;0.00;0.00;2019-03-01T15:10:26;
70;50;0.00;0.00;2019-03-01T15:10:27;
0;50;0.00;0.00;2019-03-01T15:10:28;
0;50;0.00;0.00;2019-03-01T15:10:29;
0;50;0.00;0.00;2019-03-01T15:10:30;
0;50;0.00;0.00;2019-03-01T15:10:32;
0;50;0.00;0.00;2019-03-01T15:10:33;
0;50;0.00;0.00;2019-03-01T15:10:34;
0;50;0.00;0.00;2019-03-01T15:10:35;
0;50;0.00;0.00;2019-03-01T15:10:36;
0;50;0.00;0.00;2019-03-01T15:10:37;
0;50;0.00;0.00;2019-03-01T15:10:38;
0;50;0.00;0.00;2019-03-01T15:10:39;
0;50;0.00;0.00;2019-03-01T15:10:40;
0;50;0.00;0.00;2019-03-01T15:10:41;
0;50;0.00;0.00;2019-03-01T15:10:42;
0;50;0.00;0.00;2019-03-01T15:10:43;
0;50;0.00;0.00;2019-03-01T15:10:44;
0;50;0.00;0.00;2019-03-01T15:10:45;
0;50;0.00;0.00;2019-03-01T15:10:47;
0;50;0.00;0.00;2019-03-01T15:10:48;
0;50;0.00;0.00;2019-03-01T15:10:49;
0;50;0.00;0.00;2019-03-01T15:10:50;
0;50;0.00;0.00;2019-03-01T15:10:51;
0;50;0.00;0.00;2019-03-01T15:10:52;
0;50;0.00;0.00;2019-03-01T15:10:53;
0;50;0.00;0.00;2019-03-01T15:10:54;
0;50;0.00;0.00;2019-03-01T15:10:55;
0;50;0.00;0.00;2019-03-01T15:10:56;
0;50;0.00;0.00;2019-03-01T15:10:57;
0;50;0.00;0.00;2019-03-01T15:10:58;
0;50;0.00;0.00;2019-03-01T15:10:59;
0;50;0.00;0.00;2019-03-01T15:11:00;
0;50;0.00;0.00;2019-03-01T15:11:02;
0;50;0.00;0.00;2019-03-01T15:11:03;
0;50;0.00;0.00;2019-03-01T15:11:04;
0;50;0.00;0.00;2019-03-01T15:11:05;
0;50;0.00;0.00;2019-03-01T15:11:06;
0;50;0.00;0.00;2019-03-01T15:11:07;
0;50;0.00;0.00;2019-03-01T15:11:08;
0;50;0.00;0.00;2019-03-01T15:11:09;
0;50;0.00;0.00;2019-03-01T15:11:10;
0;50;0.00;0.00;2019-03-01T15:11:11;
0;50;0.00;0.00;2019-03-01T15:11:12;
0;50;0.00;0.00;2019-03-01T15:11:13;
7;50;0.00;0.00;2019-03-01T15:11:14;
7;50;0.00;0.00;2019-03-01T15:11:15;
7;50;0.00;0.00;2019-03-01T15:11:16;
7;50;0.00;0.00;2019-03-01T15:11:17;
7;50;0.00;0.00;2019-03-01T15:11:18;
7;50;0.00;0.00;2019-03-01T15:11:19;
7;50;0.00;0.00;2019-03-01T15:11:20;
7;50;0.00;0.00;2019-03-01T15:11:21;
7;50;0.00;0.00;2019-03-01T15:11:22;
7;50;0.00;0.00;2019-03-01T15:11:23;
7;50;0.00;0.00;2019-03-01T15:11:24;
7;50;0.00;0.00;2019-03-01T15:11:25;
7;50;0.00;0.00;2019-03-01T15:11:26;
7;50;0.00;0.00;2019-03-01T15:11:27;
7;50;0.00;0.00;2019-03-01T15:11:28;
7;50;0.00;0.00;2019-03-01T15:11:29;
7;50;0.00;0.00;2019-03-01T15:11:30;
7;50;0.00;0.00;2019-03-01T15:11:31;
7;50;0.00;0.00;2019-03-01T15:11:32;
7;50;0.00;0.00;2019-03-01T15:11:33;
7;50;0.00;0.00;2019-03-01T15:11:34;
7;50;0.00;0.00;2019-03-01T15:11:35;
7;50;0.00;0.00;2019-03-01T15:11:36;
7;50;0.00;0.00;2019-03-01T15:11:37;
7;50;0.00;0.00;2019-03-01T15:11:38;
7;50;0.00;0.00;2019-03-01T15:11:39;
7;50;0.00;0.00;2019-03-01T15:11:40;
7;50;0.00;0.00;2019-03-01T15:11:41;
7;50;0.00;0.00;2019-03-01T15:11:42;
7;50;0.00;0.00;2019-03-01T15:11:43;
7;50;0.00;0.00;2019-03-01T15:11:44;
7;50;0.00;0.00;2019-03-01T15:11:45;
7;50;0.00;0.00;2019-03-01T15:11:46;
7;50;0.00;0.00;2019-03-01T15:11:47;
7;50;0.00;0.00;2019-03-01T15:11:48;
7;50;0.00;0.00;2019-03-01T15:11:49;
7;50;0.00;0.00;2019-03-01T15:11:50;
7;50;0.00;0.00;2019-03-01T15:11:51;
7;50;0.00;0.00;2019-03-01T15:11:52;
7;50;0.00;0.00;2019-03-01T15:11:53;
7;50;0.00;0.00;2019-03-01T15:11:54;
7;50;0.00;0.00;2019-03-01T15:11:55;
7;50;0.00;0.00;2019-03-01T15:11:56;
7;50;0.00;0.00;2019-03-01T15:11:57;
70;50;0.00;0.00;2019-03-01T15:11:59;
70;50;0.00;0.00;2019-03-01T15:12:00;
70;50;0.00;0.00;2019-03-01T15:12:01;
70;50;0.00;0.00;2019-03-01T15:12:02;
70;50;0.00;0.00;2019-03-01T15:12:04;
70;50;0.00;0.00;2019-03-01T15:12:05;
70;50;0.00;0.00;2019-03-01T15:12:06;
70;50;0.00;0.00;2019-03-01T15:12:07;
70;50;0.00;0.00;2019-03-01T15:12:08;
70;50;0.00;0.00;2019-03-01T15:12:09;
70;50;0.00;0.00;2019-03-01T15:12:10;
70;50;0.00;0.00;2019-03-01T15:12:11;
70;50;0.00;0.00;2019-03-01T15:12:12;
70;50;0.00;0.00;2019-03-01T15:12:13;
70;50;0.00;0.00;2019-03-01T15:12:14;
70;50;0.00;0.00;2019-03-01T15:12:15;
70;50;0.00;0.00;2019-03-01T15:12:16;
70;50;0.00;0.00;2019-03-01T15:12:17;
70;50;0.00;0.00;2019-03-01T15:12:18;
70;50;0.00;0.00;2019-03-01T15:12:19;
70;50;0.00;0.00;2019-03-01T15:12:21;
70;50;0.00;0.00;2019-03-01T15:12:22;
70;50;0.00;0.00;2019-03-01T15:12:23;
70;50;0.00;0.00;2019-03-01T15:12:24;
70;50;0.00;0.00;2019-03-01T15:12:25;
70;50;0.00;0.00;2019-03-01T15:12:26;
70;50;0.00;0.00;2019-03-01T15:12:27;
70;50;0.00;0.00;2019-03-01T15:12:28;
70;50;0.00;0.00;2019-03-01T15:12:29;
70;50;0.00;0.00;2019-03-01T15:12:30;
70;50;0.00;0.00;2019-03-01T15:12:31;
70;50;0.00;0.00;2019-03-01T15:12:32;
70;50;0.00;0.00;2019-03-01T15:12:33;
70;50;0.00;0.00;2019-03-01T15:12:34;
70;50;0.00;0.00;2019-03-01T15:12:35;
70;50;0.00;0.00;2019-03-01T15:12:37;
70;50;0.00;0.00;2019-03-01T15:12:38;
70;50;0.00;0.00;2019-03-01T15:12:39;
70;50;0.00;0.00;2019-03-01T15:12:40;
70;50;0.00;0.00;2019-03-01T15:12:41;
70;50;0.00;0.00;2019-03-01T15:12:42;
70;50;0.00;0.00;2019-03-01T15:12:43;
0;50;0.00;0.00;2019-03-01T15:12:44;
0;50;0.00;0.00;2019-03-01T15:12:45;
0;50;0.00;0.00;2019-03-01T15:12:46;
0;50;0.00;0.00;2019-03-01T15:12:47;
0;50;0.00;0.00;2019-03-01T15:12:48;
0;50;0.00;0.00;2019-03-01T15:12:49;
0;50;0.00;0.00;2019-03-01T15:12:50;
0;50;0.00;0.00;2019-03-01T15:12:51;
0;50;0.00;0.00;2019-03-01T15:12:52;
0;50;0.00;0.00;2019-03-01T15:12:53;
0;50;0.00;0.00;2019-03-01T15:12:55;
0;50;0.00;0.00;2019-03-01T15:12:56;
0;50;0.00;0.00;2019-03-01T15:12:57;
0;50;0.00;0.00;2019-03-01T15:12:58;
0;50;0.00;0.00;2019-03-01T15:12:59;
0;50;0.00;0.00;2019-03-01T15:13:00;
0;50;0.00;0.00;2019-03-01T15:13:01;
0;50;0.00;0.00;2019-03-01T15:13:02;
0;50;0.00;0.00;2019-03-01T15:13:03;
0;50;0.00;0.00;2019-03-01T15:13:04;
0;50;0.00;0.00;2019-03-01T15:13:05;
0;50;0.00;0.00;2019-03-01T15:13:06;
0;50;0.00;0.00;2019-03-01T15:13:07;
0;50;0.00;0.00;2019-03-01T15:13:08;
0;50;0.00;0.00;2019-03-01T15:13:09;
0;50;0.00;0.00;2019-03-01T15:13:10;
0;50;0.00;0.00;2019-03-01T15:13:11;
0;50;0.00;0.00;2019-03-01T15:13:13;
0;50;0.00;0.00;2019-03-01T15:13:14;
0;50;0.00;0.00;2019-03-01T15:13:15;
0;50;0.00;0.00;2019-03-01T15:13:16;
0;50;0.00;0.00;2019-03-01T15:13:17;
0;50;0.00;0.00;2019-03-01T15:13:18;
0;50;0.00;0.00;2019-03-01T15:13:19;
0;50;0.00;0.00;2019-03-01T15:13:20;
0;50;0.00;0.00;2019-03-01T15:13:21;
0;50;0.00;0.00;2019-03-01T15:13:22;
0;50;0.00;0.00;2019-03-01T15:13:23;
0;50;0.00;0.00;2019-03-01T15:13:24;
0;50;0.00;0.00;2019-03-01T15:13:25;
0;50;0.00;0.00;2019-03-01T15:13:26;
0;50;0.00;0.00;2019-03-01T15:13:28;
0;50;0.00;0.00;2019-03-01T15:13:29;
7;50;0.00;0.00;2019-03-01T15:13:30;
7;50;0.00;0.00;2019-03-01T15:13:31;
7;50;0.00;0.00;2019-03-01T15:13:32;
7;50;0.00;0.00;2019-03-01T15:13:33;
7;50;0.00;0.00;2019-03-01T15:13:34;
7;50;0.00;0.00;2019-03-01T15:13:35;
7;50;0.00;0.00;2019-03-01T15:13:36;
7;50;0.00;0.00;2019-03-01T15:13:37;
7;50;0.00;0.00;2019-03-01T15:13:38;
7;50;0.00;0.00;2019-03-01T15:13:39;
7;50;0.00;0.00;2019-03-01T15:13:40;
7;50;0.00;0.00;2019-03-01T15:13:41;
7;50;0.00;0.00;2019-03-01T15:13:42;
7;50;0.00;0.00;2019-03-01T15:13:43;
7;50;0.00;0.00;2019-03-01T15:13:44;
7;50;0.00;0.00;2019-03-01T15:13:45;
7;50;0.00;0.00;2019-03-01T15:13:46;
7;50;0.00;0.00;2019-03-01T15:13:47;
7;50;0.00;0.00;2019-03-01T15:13:48;
7;50;0.00;0.00;2019-03-01T15:13:49;
7;50;0.00;0.00;2019-03-01T15:13:50;
7;50;0.00;0.00;2019-03-01T15:13:51;
7;50;0.00;0.00;2019-03-01T15:13:52;
7;50;0.00;0.00;2019-03-01T15:13:53;
7;50;0.00;0.00;2019-03-01T15:13:54;
7;50;0.00;0.00;2019-03-01T15:13:55;
7;50;0.00;0.00;2019-03-01T15:13:56;
7;50;0.00;0.00;2019-03-01T15:13:57;
7;50;0.00;0.00;2019-03-01T15:13:58;
7;50;0.00;0.00;2019-03-01T15:13:59;
7;50;0.00;0.00;2019-03-01T15:14:00;
7;50;0.00;0.00;2019-03-01T15:14:01;
7;50;0.00;0.00;2019-03-01T15:14:02;
7;50;0.00;0.00;2019-03-01T15:14:03;
7;50;0.00;0.00;2019-03-01T15:14:04;
7;50;0.00;0.00;2019-03-01T15:14:05;
7;50;0.00;0.00;2019-03-01T15:14:06;
7;50;0.00;0.00;2019-03-01T15:14:07;
7;50;0.00;0.00;2019-03-01T15:14:08;
7;50;0.00;0.00;2019-03-01T15:14:09;
7;50;0.00;0.00;2019-03-01T15:14:10;
7;50;0.00;0.00;2019-03-01T15:14:11;
7;50;0.00;0.00;2019-03-01T15:14:12;
7;50;0.00;0.00;2019-03-01T15:14:13;
70;50;0.00;0.00;2019-03-01T15:14:15;
70;50;0.00;0.00;2019-03-01T15:14:16;
70;50;0.00;0.00;2019-03-01T15:14:17;
70;50;0.00;0.00;2019-03-01T15:14:18;
70;50;0.00;0.00;2019-03-01T15:14:19;
70;50;0.00;0.00;2019-03-01T15:14:20;
70;50;0.00;0.00;2019-03-01T15:14:21;
70;50;0.00;0.00;2019-03-01T15:14:22;
70;50;0.00;0.00;2019-03-01T15:14:23;
70;50;0.00;0.00;2019-03-01T15:14:24;
70;50;0.00;0.00;2019-03-01T15:14:25;
70;50;0.00;0.00;2019-03-01T15:14:26;
70;50;0.00;0.00;2019-03-01T15:14:27;
70;50;0.00;0.00;2019-03-01T15:14:28;
70;50;0.00;0.00;2019-03-01T15:14:30;
70;50;0.00;0.00;2019-03-01T15:14:31;
70;50;0.00;0.00;2019-03-01T15:14:32;
70;50;0.00;0.00;2019-03-01T15:14:33;
70;50;0.00;0.00;2019-03-01T15:14:34;
70;50;0.00;0.00;2019-03-01T15:14:35;
70;50;0.00;0.00;2019-03-01T15:14:36;
70;50;0.00;0.00;2019-03-01T15:14:37;
70;50;0.00;0.00;2019-03-01T15:14:38;
70;50;0.00;0.00;2019-03-01T15:14:39;
70;50;0.00;0.00;2019-03-01T15:14:40;
70;50;0.00;0.00;2019-03-01T15:14:41;
70;50;0.00;0.00;2019-03-01T15:14:42;
70;50;0.00;0.00;2019-03-01T15:14:43;
70;50;0.00;0.00;2019-03-01T15:14:44;
70;50;0.00;0.00;2019-03-01T15:14:46;
70;50;0.00;0.00;2019-03-01T15:14:47;
70;50;0.00;0.00;2019-03-01T15:14:48;
70;50;0.00;0.00;2019-03-01T15:14:49;
70;50;0.00;0.00;2019-03-01T15:14:50;
70;50;0.00;0.00;2019-03-01T15:14:51;
70;50;0.00;0.00;2019-03-01T15:14:52;
70;50;0.00;0.00;2019-03-01T15:14:53;
70;50;0.00;0.00;2019-03-01T15:14:54;
70;50;0.00;0.00;2019-03-01T15:14:55;
70;50;0.00;0.00;2019-03-01T15:14:56;
70;50;0.00;0.00;2019-03-01T15:14:57;
70;50;0.00;0.00;2019-03-01T15:14:58;
0;50;0.00;0.00;2019-03-01T15:14:59;
0;50;0.00;0.00;2019-03-01T15:15:00;
0;50;0.00;0.00;2019-03-01T15:15:02;
0;50;0.00;0.00;2019-03-01T15:15:03;
0;50;0.00;0.00;2019-03-01T15:15:04;
0;50;0.00;0.00;2019-03-01T15:15:05;
0;50;0.00;0.00;2019-03-01T15:15:06;
0;50;0.00;0.00;2019-03-01T15:15:07;
0;50;0.00;0.00;2019-03-01T15:15:08;
0;50;0.00;0.00;2019-03-01T15:15:09;
0;50;0.00;0.00;2019-03-01T15:15:10;
0;50;0.00;0.00;2019-03-01T15:15:11;
0;50;0.00;0.00;2019-03-01T15:15:12;
0;50;0.00;0.00;2019-03-01T15:15:13;
0;50;0.00;0.00;2019-03-01T15:15:14;
0;50;0.00;0.00;2019-03-01T15:15:15;
0;50;0.00;0.00;2019-03-01T15:15:17;
0;50;0.00;0.00;2019-03-01T15:15:18;
0;50;0.00;0.00;2019-03-01T15:15:19;
0;50;0.00;0.00;2019-03-01T15:15:20;
0;50;0.00;0.00;2019-03-01T15:15:21;
0;50;0.00;0.00;2019-03-01T15:15:22;
0;50;0.00;0.00;2019-03-01T15:15:23;
0;50;0.00;0.00;2019-03-01T15:15:24;
0;50;0.00;0.00;2019-03-01T15:15:25;
0;50;0.00;0.00;2019-03-01T15:15:26;
0;50;0.00;0.00;2019-03-01T15:15:27;
0;50;0.00;0.00;2019-03-01T15:15:28;
0;50;0.00;0.00;2019-03-01T15:15:29;
0;50;0.00;0.00;2019-03-01T15:15:30;
0;50;0.00;0.00;2019-03-01T15:15:32;
0;50;0.00;0.00;2019-03-01T15:15:33;
0;50;0.00;0.00;2019-03-01T15:15:34;
0;50;0.00;0.00;2019-03-01T15:15:35;
0;50;0.00;0.00;2019-03-01T15:15:36;
0;50;0.00;0.00;2019-03-01T15:15:37;
0;50;0.00;0.00;2019-03-01T15:15:38;
0;50;0.00;0.00;2019-03-01T15:15:39;
0;50;0.00;0.00;2019-03-01T15:15:40;
0;50;0.00;0.00;2019-03-01T15:15:41;
0;50;0.00;0.00;2019-03-01T15:15:42;
0;50;0.00;0.00;2019-03-01T15:15:43;
0;50;0.00;0.00;2019-03-01T15:15:44;
7;50;0.00;0.00;2019-03-01T15:15:45;
7;50;0.00;0.00;2019-03-01T15:15:46;
7;50;0.00;0.00;2019-03-01T15:15:47;
7;50;0.00;0.00;2019-03-01T15:15:48;
7;50;0.00;0.00;2019-03-01T15:15:49;
7;50;0.00;0.00;2019-03-01T15:15:50;
7;50;0.00;0.00;2019-03-01T15:15:51;
7;50;0.00;0.00;2019-03-01T15:15:52;
7;50;0.00;0.00;2019-03-01T15:15:53;
7;50;0.00;0.00;2019-03-01T15:15:54;
7;50;0.00;0.00;2019-03-01T15:15:55;
7;50;0.00;0.00;2019-03-01T15:15:56;
7;50;0.00;0.00;2019-03-01T15:15:57;
7;50;0.00;0.00;2019-03-01T15:15:58;
7;50;0.00;0.00;2019-03-01T15:15:59;
7;50;0.00;0.00;2019-03-01T15:16:00;
7;50;0.00;0.00;2019-03-01T15:16:01;
7;50;0.00;0.00;2019-03-01T15:16:02;
7;50;0.00;0.00;2019-03-01T15:16:03;
7;50;0.00;0.00;2019-03-01T15:16:04;
7;50;0.00;0.00;2019-03-01T15:16:05;
7;50;0.00;0.00;2019-03-01T15:16:06;
7;50;0.00;0.00;2019-03-01T15:16:07;
7;50;0.00;0.00;2019-03-01T15:16:08;
7;50;0.00;0.00;2019-03-01T15:16:09;
7;50;0.00;0.00;2019-03-01T15:16:10;
7;50;0.00;0.00;2019-03-01T15:16:11;
7;50;0.00;0.00;2019-03-01T15:16:12;
7;50;0.00;0.00;2019-03-01T15:16:13;
7;50;0.00;0.00;2019-03-01T15:16:14;
7;50;0.00;0.00;2019-03-01T15:16:15;
7;50;0.00;0.00;2019-03-01T15:16:16;
7;50;0.00;0.00;2019-03-01T15:16:17;
7;50;0.00;0.00;2019-03-01T15:16:18;
7;50;0.00;0.00;2019-03-01T15:16:19;
7;50;0.00;0.00;2019-03-01T15:16:20;
7;50;0.00;0.00;2019-03-01T15:16:21;
7;50;0.00;0.00;2019-03-01T15:16:22;
7;50;0.00;0.00;2019-03-01T15:16:23;
7;50;0.00;0.00;2019-03-01T15:16:24;
7;50;0.00;0.00;2019-03-01T15:16:25;
7;50;0.00;0.00;2019-03-01T15:16:26;
7;50;0.00;0.00;2019-03-01T15:16:27;
7;50;0.00;0.00;2019-03-01T15:16:28;
70;50;0.00;0.00;2019-03-01T15:16:30;
70;50;0.00;0.00;2019-03-01T15:16:31;
70;50;0.00;0.00;2019-03-01T15:16:32;
70;50;0.00;0.00;2019-03-01T15:16:33;
70;50;0.00;0.00;2019-03-01T15:16:34;
70;50;0.00;0.00;2019-03-01T15:16:35;
70;50;0.00;0.00;2019-03-01T15:16:37;
70;50;0.00;0.00;2019-03-01T15:16:38;
70;50;0.00;0.00;2019-03-01T15:16:39;
70;50;0.00;0.00;2019-03-01T15:16:40;
70;50;0.00;0.00;2019-03-01T15:16:41;
70;50;0.00;0.00;2019-03-01T15:16:42;
70;50;0.00;0.00;2019-03-01T15:16:43;
70;50;0.00;0.00;2019-03-01T15:16:44;
70;50;0.00;0.00;2019-03-01T15:16:45;
70;50;0.00;0.00;2019-03-01T15:16:46;
70;50;0.00;0.00;2019-03-01T15:16:47;
70;50;0.00;0.00;2019-03-01T15:16:48;
70;50;0.00;0.00;2019-03-01T15:16:49;
70;50;0.00;0.00;2019-03-01T15:16:51;
70;50;0.00;0.00;2019-03-01T15:16:52;
70;50;0.00;0.00;2019-03-01T15:16:53;
70;50;0.00;0.00;2019-03-01T15:16:54;
70;50;0.00;0.00;2019-03-01T15:16:55;
70;50;0.00;0.00;2019-03-01T15:16:56;
70;50;0.00;0.00;2019-03-01T15:16:57;
70;50;0.00;0.00;2019-03-01T15:16:58;
70;50;0.00;0.00;2019-03-01T15:16:59;
70;50;0.00;0.00;2019-03-01T15:17:00;
70;50;0.00;0.00;2019-03-01T15:17:01;
70;50;0.00;0.00;2019-03-01T15:17:02;
70;50;0.00;0.00;2019-03-01T15:17:03;
70;50;0.00;0.00;2019-03-01T15:17:04;
70;50;0.00;0.00;2019-03-01T15:17:06;
70;50;0.00;0.00;2019-03-01T15:17:07;
70;50;0.00;0.00;2019-03-01T15:17:08;
70;50;0.00;0.00;2019-03-01T15:17:09;
70;50;0.00;0.00;2019-03-01T15:17:10;
70;50;0.00;0.00;2019-03-01T15:17:11;
70;50;0.00;0.00;2019-03-01T15:17:12;
70;50;0.00;0.00;2019-03-01T15:17:13;
70;50;0.00;0.00;2019-03-01T15:17:14;
0;50;0.00;0.00;2019-03-01T15:17:15;
0;50;0.00;0.00;2019-03-01T15:17:16;
0;50;0.00;0.00;2019-03-01T15:17:17;
0;50;0.00;0.00;2019-03-01T15:17:18;
0;50;0.00;0.00;2019-03-01T15:17:19;
0;50;0.00;0.00;2019-03-01T15:17:21;
0;50;0.00;0.00;2019-03-01T15:17:22;
0;50;0.00;0.00;2019-03-01T15:17:23;
0;50;0.00;0.00;2019-03-01T15:17:24;
0;50;0.00;0.00;2019-03-01T15:17:25;
0;50;0.00;0.00;2019-03-01T15:17:26;
0;50;0.00;0.00;2019-03-01T15:17:27;
0;50;0.00;0.00;2019-03-01T15:17:28;
0;50;0.00;0.00;2019-03-01T15:17:29;
0;50;0.00;0.00;2019-03-01T15:17:30;
0;50;0.00;0.00;2019-03-01T15:17:31;
0;50;0.00;0.00;2019-03-01T15:17:32;
0;50;0.00;0.00;2019-03-01T15:17:33;
0;50;0.00;0.00;2019-03-01T15:17:34;
0;50;0.00;0.00;2019-03-01T15:17:35;
0;50;0.00;0.00;2019-03-01T15:17:37;
0;50;0.00;0.00;2019-03-01T15:17:38;
0;50;0.00;0.00;2019-03-01T15:17:39;
0;50;0.00;0.00;2019-03-01T15:17:40;
0;50;0.00;0.00;2019-03-01T15:17:41;
0;50;0.00;0.00;2019-03-01T15:17:42;
0;50;0.00;0.00;2019-03-01T15:17:43;
0;50;0.00;0.00;2019-03-01T15:17:44;
0;50;0.00;0.00;2019-03-01T15:17:45;
0;50;0.00;0.00;2019-03-01T15:17:46;
0;50;0.00;0.00;2019-03-01T15:17:47;
0;50;0.00;0.00;2019-03-01T15:17:48;
0;50;0.00;0.00;2019-03-01T15:17:49;
0;50;0.00;0.00;2019-03-01T15:17:50;
0;50;0.00;0.00;2019-03-01T15:17:52;
0;50;0.00;0.00;2019-03-01T15:17:53;
0;50;0.00;0.00;2019-03-01T15:17:54;
0;50;0.00;0.00;2019-03-01T15:17:55;
0;50;0.00;0.00;2019-03-01T15:17:56;
0;50;0.00;0.00;2019-03-01T15:17:57;
0;50;0.00;0.00;2019-03-01T15:17:58;
0;50;0.00;0.00;2019-03-01T15:17:59;
0;50;0.00;0.00;2019-03-01T15:18:00;
7;50;0.00;0.00;2019-03-01T15:18:01;
7;50;0.00;0.00;2019-03-01T15:18:02;
7;50;0.00;0.00;2019-03-01T15:18:03;
7;50;0.00;0.00;2019-03-01T15:18:04;
7;50;0.00;0.00;2019-03-01T15:18:05;
7;50;0.00;0.00;2019-03-01T15:18:06;
7;50;0.00;0.00;2019-03-01T15:18:07;
7;50;0.00;0.00;2019-03-01T15:18:08;
7;50;0.00;0.00;2019-03-01T15:18:09;
7;50;0.00;0.00;2019-03-01T15:18:10;
7;50;0.00;0.00;2019-03-01T15:18:11;
7;50;0.00;0.00;2019-03-01T15:18:12;
7;50;0.00;0.00;2019-03-01T15:18:13;
7;50;0.00;0.00;2019-03-01T15:18:14;
7;50;0.00;0.00;2019-03-01T15:18:15;
7;50;0.00;0.00;2019-03-01T15:18:16;
7;50;0.00;0.00;2019-03-01T15:18:17;
7;50;0.00;0.00;2019-03-01T15:18:18;
7;50;0.00;0.00;2019-03-01T15:18:19;
7;50;0.00;0.00;2019-03-01T15:18:20;
7;50;0.00;0.00;2019-03-01T15:18:21;
7;50;0.00;0.00;2019-03-01T15:18:22;
7;50;0.00;0.00;2019-03-01T15:18:23;
7;50;0.00;0.00;2019-03-01T15:18:24;
7;50;0.00;0.00;2019-03-01T15:18:25;
7;50;0.00;0.00;2019-03-01T15:18:26;
7;50;0.00;0.00;2019-03-01T15:18:27;
7;50;0.00;0.00;2019-03-01T15:18:28;
7;50;0.00;0.00;2019-03-01T15:18:29;
7;50;0.00;0.00;2019-03-01T15:18:30;
7;50;0.00;0.00;2019-03-01T15:18:31;
7;50;0.00;0.00;2019-03-01T15:18:32;
7;50;0.00;0.00;2019-03-01T15:18:33;
7;50;0.00;0.00;2019-03-01T15:18:34;
7;50;0.00;0.00;2019-03-01T15:18:35;
7;50;0.00;0.00;2019-03-01T15:18:36;
7;50;0.00;0.00;2019-03-01T15:18:37;
7;50;0.00;0.00;2019-03-01T15:18:38;
7;50;0.00;0.00;2019-03-01T15:18:39;
7;50;0.00;0.00;2019-03-01T15:18:40;
7;50;0.00;0.00;2019-03-01T15:18:41;
7;50;0.00;0.00;2019-03-01T15:18:42;
7;50;0.00;0.00;2019-03-01T15:18:43;
7;50;0.00;0.00;2019-03-01T15:18:44;
70;50;0.00;0.00;2019-03-01T15:18:46;
70;50;0.00;0.00;2019-03-01T15:18:47;
70;50;0.00;0.00;2019-03-01T15:18:48;
70;50;0.00;0.00;2019-03-01T15:18:49;
70;50;0.00;0.00;2019-03-01T15:18:50;
70;50;0.00;0.00;2019-03-01T15:18:51;
70;50;0.00;0.00;2019-03-01T15:18:52;
70;50;0.00;0.00;2019-03-01T15:18:53;
70;50;0.00;0.00;2019-03-01T15:18:54;
70;50;0.00;0.00;2019-03-01T15:18:55;
70;50;0.00;0.00;2019-03-01T15:18:56;
70;50;0.00;0.00;2019-03-01T15:18:57;
70;50;0.00;0.00;2019-03-01T15:18:58;
70;50;0.00;0.00;2019-03-01T15:18:59;
70;50;0.00;0.00;2019-03-01T15:19:01;
70;50;0.00;0.00;2019-03-01T15:19:02;
70;50;0.00;0.00;2019-03-01T15:19:03;
70;50;0.00;0.00;2019-03-01T15:19:04;
70;50;0.00;0.00;2019-03-01T15:19:05;
70;50;0.00;0.00;2019-03-01T15:19:06;
70;50;0.00;0.00;2019-03-01T15:19:07;
70;50;0.00;0.00;2019-03-01T15:19:08;
70;50;0.00;0.00;2019-03-01T15:19:09;
70;50;0.00;0.00;2019-03-01T15:19:10;
70;50;0.00;0.00;2019-03-01T15:19:11;
70;50;0.00;0.00;2019-03-01T15:19:12;
70;50;0.00;0.00;2019-03-01T15:19:13;
70;50;0.00;0.00;2019-03-01T15:19:14;
70;50;0.00;0.00;2019-03-01T15:19:16;
70;50;0.00;0.00;2019-03-01T15:19:17;
70;50;0.00;0.00;2019-03-01T15:19:18;
70;50;0.00;0.00;2019-03-01T15:19:19;
70;50;0.00;0.00;2019-03-01T15:19:20;
70;50;0.00;0.00;2019-03-01T15:19:21;
70;50;0.00;0.00;2019-03-01T15:19:22;
70;50;0.00;0.00;2019-03-01T15:19:23;
70;50;0.00;0.00;2019-03-01T15:19:24;
70;50;0.00;0.00;2019-03-01T15:19:25;
70;50;0.00;0.00;2019-03-01T15:19:26;
7;50;0.00;0.00;2019-03-01T15:19:27;
7;50;0.00;0.00;2019-03-01T15:19:28;
7;50;0.00;0.00;2019-03-01T15:19:29;
7;50;0.00;0.00;2019-03-01T15:19:30;
7;50;0.00;0.00;2019-03-01T15:19:31;
7;50;0.00;0.00;2019-03-01T15:19:32;
7;50;0.00;0.00;2019-03-01T15:19:33;
7;50;0.00;0.00;2019-03-01T15:19:34;
7;50;0.00;0.00;2019-03-01T15:19:35;
7;50;0.00;0.00;2019-03-01T15:19:36;
7;50;0.00;0.00;2019-03-01T15:19:37;
7;50;0.00;0.00;2019-03-01T15:19:38;
7;50;0.00;0.00;2019-03-01T15:19:39;
7;50;0.00;0.00;2019-03-01T15:19:40;
7;50;0.00;0.00;2019-03-01T15:19:41;
7;50;0.00;0.00;2019-03-01T15:19:42;
7;50;0.00;0.00;2019-03-01T15:19:57;
7;50;0.00;0.00;2019-03-01T15:19:58;
7;50;0.00;0.00;2019-03-01T15:19:59;
7;50;0.00;0.00;2019-03-01T15:20:00;
7;50;0.00;0.00;2019-03-01T15:20:01;
7;50;0.00;0.00;2019-03-01T15:20:02;
7;50;0.00;0.00;2019-03-01T15:20:03;
7;50;0.00;0.00;2019-03-01T15:20:04;
7;50;0.00;0.00;2019-03-01T15:20:05;
7;50;0.00;0.00;2019-03-01T15:20:06;
7;50;0.00;0.00;2019-03-01T15:20:07;
7;50;0.00;0.00;2019-03-01T15:20:08;
7;50;0.00;0.00;2019-03-01T15:20:09;
7;50;0.00;0.00;2019-03-01T15:20:10;
7;50;0.00;0.00;2019-03-01T15:20:11;
7;50;0.00;0.00;2019-03-01T15:20:12;
7;50;0.00;0.00;2019-03-01T15:20:13;
7;50;0.00;0.00;2019-03-01T15:20:14;
7;50;0.00;0.00;2019-03-01T15:20:15;
7;50;0.00;0.00;2019-03-01T15:20:16;
7;50;0.00;0.00;2019-03-01T15:20:17;
7;50;0.00;0.00;2019-03-01T15:20:18;
7;50;0.00;0.00;2019-03-01T15:20:19;
7;50;0.00;0.00;2019-03-01T15:20:20;
7;50;0.00;0.00;2019-03-01T15:20:21;
7;50;0.00;0.00;2019-03-01T15:20:22;
7;50;0.00;0.00;2019-03-01T15:20:23;
7;50;0.00;0.00;2019-03-01T15:20:24;
7;50;0.00;0.00;2019-03-01T15:20:25;
7;50;0.00;0.00;2019-03-01T15:20:26;
7;50;0.00;0.00;2019-03-01T15:20:27;
7;50;0.00;0.00;2019-03-01T15:20:28;
7;50;0.00;0.00;2019-03-01T15:20:29;
7;50;0.00;0.00;2019-03-01T15:20:30;
7;50;0.00;0.00;2019-03-01T15:20:31;
7;50;0.00;0.00;2019-03-01T15:20:32;
7;50;0.00;0.00;2019-03-01T15:20:33;
7;50;0.00;0.00;2019-03-01T15:20:34;
7;50;0.00;0.00;2019-03-01T15:20:35;
7;50;0.00;0.00;2019-03-01T15:20:36;
7;50;0.00;0.00;2019-03-01T15:20:37;
7;50;0.00;0.00;2019-03-01T15:20:38;
1023;25;0.00;0.00;2019-03-01T15:21:15;
1023;25;0.00;0.00;2019-03-01T15:21:16;
1023;25;0.00;0.00;2019-03-01T15:21:17;
1023;25;0.00;0.00;2019-03-01T15:21:18;
700;25;0.00;0.00;2019-03-01T15:21:19;
700;25;0.00;0.00;2019-03-01T15:21:20;
700;25;0.00;0.00;2019-03-01T15:21:21;
700;25;0.00;0.00;2019-03-01T15:21:22;
700;25;0.00;0.00;2019-03-01T15:21:23;
700;25;0.00;0.00;2019-03-01T15:21:24;
700;25;0.00;0.00;2019-03-01T15:21:25;
700;25;0.00;0.00;2019-03-01T15:21:26;
700;25;0.00;0.00;2019-03-01T15:21:27;
700;25;0.00;0.00;2019-03-01T15:21:28;
700;25;0.00;0.00;2019-03-01T15:21:29;
700;25;0.00;0.00;2019-03-01T15:21:30;
700;25;0.00;0.00;2019-03-01T15:21:31;
700;25;0.00;0.00;2019-03-01T15:21:32;
700;25;0.00;0.00;2019-03-01T15:21:33;
700;25;0.00;0.00;2019-03-01T15:21:34;
700;25;0.00;0.00;2019-03-01T15:21:35;
700;25;0.00;0.00;2019-03-01T15:21:36;
700;25;0.00;0.00;2019-03-01T15:21:37;
700;25;0.00;0.00;2019-03-01T15:21:38;
700;25;0.00;0.00;2019-03-01T15:21:39;
700;25;0.00;0.00;2019-03-01T15:21:40;
700;25;0.00;0.00;2019-03-01T15:21:41;
700;25;0.00;0.00;2019-03-01T15:21:42;
700;25;0.00;0.00;2019-03-01T15:21:43;
700;25;0.00;0.00;2019-03-01T15:21:44;
700;25;0.00;0.00;2019-03-01T15:21:45;
700;25;0.00;0.00;2019-03-01T15:21:46;
700;25;0.00;0.00;2019-03-01T15:21:47;
700;25;0.00;0.00;2019-03-01T15:21:48;
700;25;0.00;0.00;2019-03-01T15:21:49;
700;25;0.00;0.00;2019-03-01T15:21:50;
700;25;0.00;0.00;2019-03-01T15:21:51;
700;25;0.00;0.00;2019-03-01T15:21:52;
700;25;0.00;0.00;2019-03-01T15:21:53;
700;25;0.00;0.00;2019-03-01T15:21:54;
700;25;0.00;0.00;2019-03-01T15:21:55;
700;25;0.00;0.00;2019-03-01T15:21:56;
700;25;0.00;0.00;2019-03-01T15:21:57;
700;25;0.00;0.00;2019-03-01T15:21:58;
700;25;0.00;0.00;2019-03-01T15:21:59;
700;25;0.00;0.00;2019-03-01T15:22:00;
700;25;0.00;0.00;2019-03-01T15:22:01;
700;25;0.00;0.00;2019-03-01T15:22:02;
700;25;0.00;0.00;2019-03-01T15:22:03;
700;25;0.00;0.00;2019-03-01T15:22:04;
700;25;0.00;0.00;2019-03-01T15:22:05;
700;25;0.00;0.00;2019-03-01T15:22:06;
700;25;0.00;0.00;2019-03-01T15:22:07;
700;25;0.00;0.00;2019-03-01T15:22:08;
700;25;0.00;0.00;2019-03-01T15:22:09;
700;25;0.00;0.00;2019-03-01T15:22:10;
700;25;0.00;0.00;2019-03-01T15:22:11;
700;25;0.00;0.00;2019-03-01T15:22:12;
700;25;0.00;0.00;2019-03-01T15:22:13;
700;25;0.00;0.00;2019-03-01T15:22:14;
700;25;0.00;0.00;2019-03-01T15:22:15;
700;25;0.00;0.00;2019-03-01T15:22:16;
700;25;0.00;0.00;2019-03-01T15:22:17;
700;25;0.00;0.00;2019-03-01T15:22:18;
700;25;0.00;0.00;2019-03-01T15:22:19;
700;25;0.00;0.00;2019-03-01T15:22:20;
700;25;0.00;0.00;2019-03-01T15:22:21;
700;25;0.00;0.00;2019-03-01T15:22:22;
700;25;0.00;0.00;2019-03-01T15:22:23;
700;25;0.00;0.00;2019-03-01T15:22:24;
700;25;0.00;0.00;2019-03-01T15:22:25;
700;25;0.00;0.00;2019-03-01T15:22:26;
700;25;0.00;0.00;2019-03-01T15:22:27;
700;25;0.00;0.00;2019-03-01T15:22:28;
700;25;0.00;0.00;2019-03-01T15:22:29;
700;25;0.00;0.00;2019-03-01T15:22:30;
700;25;0.00;0.00;2019-03-01T15:22:31;
700;25;0.00;0.00;2019-03-01T15:22:32;
700;25;0.00;0.00;2019-03-01T15:22:33;
700;25;0.00;0.00;2019-03-01T15:22:34;
700;25;0.00;0.00;2019-03-01T15:22:35;
700;25;0.00;0.00;2019-03-01T15:22:36;
700;25;0.00;0.00;2019-03-01T15:22:37;
700;25;0.00;0.00;2019-03-01T15:22:38;
700;25;0.00;0.00;2019-03-01T15:22:39;
700;25;0.00;0.00;2019-03-01T15:22:40;
700;25;0.00;0.00;2019-03-01T15:22:41;
700;25;0.00;0.00;2019-03-01T15:22:42;
700;25;0.00;0.00;2019-03-01T15:22:43;
700;25;0.00;0.00;2019-03-01T15:22:44;
700;25;0.00;0.00;2019-03-01T15:22:45;
700;50;0.00;0.00;2019-03-01T15:22:46;
700;50;0.00;0.00;2019-03-01T15:22:47;
700;50;0.00;0.00;2019-03-01T15:22:48;
700;50;0.00;0.00;2019-03-01T15:22:49;
700;50;0.00;0.00;2019-03-01T15:22:50;
700;50;0.00;0.00;2019-03-01T15:22:51;
700;50;0.00;0.00;2019-03-01T15:22:52;
700;50;0.00;0.00;2019-03-01T15:22:53;
700;50;0.00;0.00;2019-03-01T15:22:54;
700;50;0.00;0.00;2019-03-01T15:22:55;
700;50;0.00;0.00;2019-03-01T15:22:56;
700;50;0.00;0.00;2019-03-01T15:22:57;
700;50;0.00;0.00;2019-03-01T15:22:58;
700;50;0.00;0.00;2019-03-01T15:22:59;
700;50;0.00;0.00;2019-03-01T15:23:00;
700;50;0.00;0.00;2019-03-01T15:23:01;
700;50;0.00;0.00;2019-03-01T15:23:02;
700;50;0.00;0.00;2019-03-01T15:23:03;
700;50;0.00;0.00;2019-03-01T15:23:04;
700;50;0.00;0.00;2019-03-01T15:23:05;
700;50;0.00;0.00;2019-03-01T15:23:06;
700;50;0.00;0.00;2019-03-01T15:23:07;
700;50;0.00;0.00;2019-03-01T15:23:08;
700;50;0.00;0.00;2019-03-01T15:23:09;
700;50;0.00;0.00;2019-03-01T15:23:10;
700;50;0.00;0.00;2019-03-01T15:23:11;
700;50;0.00;0.00;2019-03-01T15:23:12;
700;50;0.00;0.00;2019-03-01T15:23:13;
700;50;0.00;0.00;2019-03-01T15:23:14;
700;50;0.00;0.00;2019-03-01T15:23:15;
700;50;0.00;0.00;2019-03-01T15:23:16;
700;50;0.00;0.00;2019-03-01T15:23:17;
700;50;0.00;0.00;2019-03-01T15:23:18;
700;50;0.00;0.00;2019-03-01T15:23:19;
700;50;0.00;0.00;2019-03-01T15:23:20;
700;50;0.00;0.00;2019-03-01T15:23:21;
700;50;0.00;0.00;2019-03-01T15:23:22;
700;50;0.00;0.00;2019-03-01T15:23:23;
700;50;0.00;0.00;2019-03-01T15:23:24;
700;50;0.00;0.00;2019-03-01T15:23:25;
700;50;0.00;0.00;2019-03-01T15:23:26;
700;50;0.00;0.00;2019-03-01T15:23:27;
700;50;0.00;0.00;2019-03-01T15:23:28;
700;50;0.00;0.00;2019-03-01T15:23:29;
700;50;0.00;0.00;2019-03-01T15:23:30;
700;50;0.00;0.00;2019-03-01T15:23:31;
700;50;0.00;0.00;2019-03-01T15:23:32;
700;50;0.00;0.00;2019-03-01T15:23:33;
700;50;0.00;0.00;2019-03-01T15:23:34;
700;50;0.00;0.00;2019-03-01T15:23:35;
700;50;0.00;0.00;2019-03-01T15:23:36;
700;50;0.00;0.00;2019-03-01T15:23:37;
700;50;0.00;0.00;2019-03-01T15:23:38;
700;50;0.00;0.00;2019-03-01T15:23:39;
700;50;0.00;0.00;2019-03-01T15:23:40;
700;50;0.00;0.00;2019-03-01T15:23:41;
700;50;0.00;0.00;2019-03-01T15:23:42;
700;50;0.00;0.00;2019-03-01T15:23:43;
700;50;0.00;0.00;2019-03-01T15:23:44;
700;50;0.00;0.00;2019-03-01T15:23:45;
700;50;0.00;0.00;2019-03-01T15:23:46;
700;50;0.00;0.00;2019-03-01T15:23:47;
700;50;0.00;0.00;2019-03-01T15:23:48;
700;50;0.00;0.00;2019-03-01T15:23:49;
700;50;0.00;0.00;2019-03-01T15:23:50;
700;50;0.00;0.00;2019-03-01T15:23:51;
700;50;0.00;0.00;2019-03-01T15:23:52;
700;50;0.00;0.00;2019-03-01T15:23:53;
700;50;0.00;0.00;2019-03-01T15:23:54;
700;50;0.00;0.00;2019-03-01T15:23:55;
700;50;0.00;0.00;2019-03-01T15:23:56;
700;50;0.00;0.00;2019-03-01T15:23:57;
700;50;0.00;0.00;2019-03-01T15:23:58;
700;50;0.00;0.00;2019-03-01T15:23:59;
700;50;0.00;0.00;2019-03-01T15:24:00;
700;50;0.00;0.00;2019-03-01T15:24:01;
700;50;0.00;0.00;2019-03-01T15:24:02;
700;50;0.00;0.00;2019-03-01T15:24:03;
700;50;0.00;0.00;2019-03-01T15:24:04;
700;50;0.00;0.00;2019-03-01T15:24:05;
700;50;0.00;0.00;2019-03-01T15:24:06;
700;50;0.00;0.00;2019-03-01T15:24:07;
700;50;0.00;0.00;2019-03-01T15:24:08;
700;50;0.00;0.00;2019-03-01T15:24:09;
700;50;0.00;0.00;2019-03-01T15:24:10;
700;50;0.00;0.00;2019-03-01T15:24:11;
700;50;0.00;0.00;2019-03-01T15:24:12;
700;50;0.00;0.00;2019-03-01T15:24:13;
700;50;0.00;0.00;2019-03-01T15:24:14;
700;50;0.00;0.00;2019-03-01T15:24:15;
700;50;0.00;0.00;2019-03-01T15:24:16;
700;50;0.00;0.00;2019-03-01T15:24:17;
700;50;0.00;0.00;2019-03-01T15:24:18;
700;50;0.00;0.00;2019-03-01T15:24:19;
700;50;0.00;0.00;2019-03-01T15:24:20;
700;50;0.00;0.00;2019-03-01T15:24:21;
700;50;0.00;0.00;2019-03-01T15:24:22;
700;50;0.00;0.00;2019-03-01T15:24:23;
700;50;0.00;0.00;2019-03-01T15:24:24;
700;50;0.00;0.00;2019-03-01T15:24:25;
700;50;0.00;0.00;2019-03-01T15:24:26;
700;50;0.00;0.00;2019-03-01T15:24:27;
700;50;0.00;0.00;2019-03-01T15:24:28;
700;50;0.00;0.00;2019-03-01T15:24:29;
700;50;0.00;0.00;2019-03-01T15:24:30;
700;50;0.00;0.00;2019-03-01T15:24:31;
700;50;0.00;0.00;2019-03-01T15:24:32;
700;50;0.00;0.00;2019-03-01T15:24:33;
700;50;0.00;0.00;2019-03-01T15:24:34;
700;50;0.00;0.00;2019-03-01T15:24:35;
700;50;0.00;0.00;2019-03-01T15:24:36;
700;50;0.00;0.00;2019-03-01T15:24:37;
700;50;0.00;0.00;2019-03-01T15:24:38;
700;50;0.00;0.00;2019-03-01T15:24:39;
700;50;0.00;0.00;2019-03-01T15:24:40;
700;50;0.00;0.00;2019-03-01T15:24:41;
700;50;0.00;0.00;2019-03-01T15:24:42;
700;50;0.00;0.00;2019-03-01T15:24:43;
700;50;0.00;0.00;2019-03-01T15:24:44;
700;50;0.00;0.00;2019-03-01T15:24:45;
700;50;0.00;0.00;2019-03-01T15:24:46;
700;50;0.00;0.00;2019-03-01T15:24:47;
700;50;0.00;0.00;2019-03-01T15:24:48;
700;50;0.00;0.00;2019-03-01T15:24:49;
700;50;0.00;0.00;2019-03-01T15:24:50;
700;50;0.00;0.00;2019-03-01T15:24:51;
700;50;0.00;0.00;2019-03-01T15:24:52;
700;50;0.00;0.00;2019-03-01T15:24:53;
700;50;0.00;0.00;2019-03-01T15:24:54;
700;50;0.00;0.00;2019-03-01T15:24:55;
700;50;0.00;0.00;2019-03-01T15:24:56;
700;50;0.00;0.00;2019-03-01T15:24:57;
700;50;0.00;0.00;2019-03-01T15:24:58;
700;50;0.00;0.00;2019-03-01T15:24:59;
700;50;0.00;0.00;2019-03-01T15:25:00;
700;50;0.00;0.00;2019-03-01T15:25:01;
700;50;0.00;0.00;2019-03-01T15:25:02;
700;50;0.00;0.00;2019-03-01T15:25:03;
700;50;0.00;0.00;2019-03-01T15:25:04;
700;50;0.00;0.00;2019-03-01T15:25:05;
700;50;0.00;0.00;2019-03-01T15:25:06;
700;50;0.00;0.00;2019-03-01T15:25:07;
700;50;0.00;0.00;2019-03-01T15:25:08;
700;50;0.00;0.00;2019-03-01T15:25:09;
700;50;0.00;0.00;2019-03-01T15:25:10;
700;50;0.00;0.00;2019-03-01T15:25:11;
700;50;0.00;0.00;2019-03-01T15:25:12;
700;50;0.00;0.00;2019-03-01T15:25:13;
700;50;0.00;0.00;2019-03-01T15:25:14;
700;50;0.00;0.00;2019-03-01T15:25:15;
700;50;0.00;0.00;2019-03-01T15:25:16;
700;50;0.00;0.00;2019-03-01T15:25:17;
700;50;0.00;0.00;2019-03-01T15:25:18;
700;50;0.00;0.00;2019-03-01T15:25:19;
700;50;0.00;0.00;2019-03-01T15:25:20;
700;50;0.00;0.00;2019-03-01T15:25:21;
700;50;0.00;0.00;2019-03-01T15:25:22;
700;50;0.00;0.00;2019-03-01T15:25:23;
700;50;0.00;0.00;2019-03-01T15:25:24;
700;50;0.00;0.00;2019-03-01T15:25:25;
700;50;0.00;0.00;2019-03-01T15:25:26;
700;50;0.00;0.00;2019-03-01T15:25:27;
700;50;0.00;0.00;2019-03-01T15:25:28;
700;50;0.00;0.00;2019-03-01T15:25:29;
700;50;0.00;0.00;2019-03-01T15:25:30;
700;50;0.00;0.00;2019-03-01T15:25:31;
700;50;0.00;0.00;2019-03-01T15:25:32;
700;50;0.00;0.00;2019-03-01T15:25:33;
700;50;0.00;0.00;2019-03-01T15:25:34;
700;50;0.00;0.00;2019-03-01T15:25:35;
700;50;0.00;0.00;2019-03-01T15:25:36;
700;50;0.00;0.00;2019-03-01T15:25:37;
700;50;0.00;0.00;2019-03-01T15:25:38;
700;50;0.00;0.00;2019-03-01T15:25:39;
700;50;0.00;0.00;2019-03-01T15:25:40;
700;50;0.00;0.00;2019-03-01T15:25:41;
700;50;0.00;0.00;2019-03-01T15:25:42;
700;50;0.00;0.00;2019-03-01T15:25:43;
700;50;0.00;0.00;2019-03-01T15:25:44;
700;50;0.00;0.00;2019-03-01T15:25:45;
700;50;0.00;0.00;2019-03-01T15:25:46;
700;50;0.00;0.00;2019-03-01T15:25:47;
700;50;0.00;0.00;2019-03-01T15:25:48;
700;50;0.00;0.00;2019-03-01T15:25:49;
700;50;0.00;0.00;2019-03-01T15:25:50;
700;50;0.00;0.00;2019-03-01T15:25:51;
700;50;0.00;0.00;2019-03-01T15:25:52;
700;50;0.00;0.00;2019-03-01T15:25:53;
700;50;0.00;0.00;2019-03-01T15:25:54;
700;50;0.00;0.00;2019-03-01T15:25:55;
700;50;0.00;0.00;2019-03-01T15:25:56;
700;50;0.00;0.00;2019-03-01T15:25:57;
700;50;0.00;0.00;2019-03-01T15:25:58;
700;50;0.00;0.00;2019-03-01T15:25:59;
700;50;0.00;0.00;2019-03-01T15:26:00;
700;50;0.00;0.00;2019-03-01T15:26:01;
700;50;0.00;0.00;2019-03-01T15:26:02;
700;50;0.00;0.00;2019-03-01T15:26:03;
700;50;0.00;0.00;2019-03-01T15:26:04;
700;50;0.00;0.00;2019-03-01T15:26:05;
700;50;0.00;0.00;2019-03-01T15:26:06;
700;50;0.00;0.00;2019-03-01T15:26:07;
700;50;0.00;0.00;2019-03-01T15:26:08;
700;50;0.00;0.00;2019-03-01T15:26:09;
700;50;0.00;0.00;2019-03-01T15:26:10;
700;50;0.00;0.00;2019-03-01T15:26:11;
700;50;0.00;0.00;2019-03-01T15:26:12;
700;50;0.00;0.00;2019-03-01T15:26:14;
700;50;0.00;0.00;2019-03-01T15:26:15;
700;50;0.00;0.00;2019-03-01T15:26:15;
700;50;0.00;0.00;2019-03-01T15:26:17;
700;50;0.00;0.00;2019-03-01T15:26:18;
700;50;0.00;0.00;2019-03-01T15:26:18;
700;50;0.00;0.00;2019-03-01T15:26:20;
700;50;0.00;0.00;2019-03-01T15:26:21;
700;50;0.00;0.00;2019-03-01T15:26:22;
700;50;0.00;0.00;2019-03-01T15:26:23;
700;50;0.00;0.00;2019-03-01T15:26:24;
700;50;0.00;0.00;2019-03-01T15:26:25;
700;50;0.00;0.00;2019-03-01T15:26:26;
700;50;0.00;0.00;2019-03-01T15:26:27;
700;50;0.00;0.00;2019-03-01T15:26:28;
700;50;0.00;0.00;2019-03-01T15:26:29;
700;50;0.00;0.00;2019-03-01T15:26:30;
700;50;0.00;0.00;2019-03-01T15:26:31;
700;50;0.00;0.00;2019-03-01T15:26:32;
700;50;0.00;0.00;2019-03-01T15:26:33;
700;50;0.00;0.00;2019-03-01T15:26:34;
700;50;0.00;0.00;2019-03-01T15:26:35;
700;50;0.00;0.00;2019-03-01T15:26:36;
700;50;0.00;0.00;2019-03-01T15:26:37;
700;50;0.00;0.00;2019-03-01T15:26:38;
700;50;0.00;0.00;2019-03-01T15:26:39;
700;50;0.00;0.00;2019-03-01T15:26:40;
700;50;0.00;0.00;2019-03-01T15:26:41;
700;50;0.00;0.00;2019-03-01T15:26:42;
700;50;0.00;0.00;2019-03-01T15:26:43;
700;50;0.00;0.00;2019-03-01T15:26:44;
700;50;0.00;0.00;2019-03-01T15:26:45;
700;50;0.00;0.00;2019-03-01T15:26:46;
700;50;0.00;0.00;2019-03-01T15:26:47;
700;50;0.00;0.00;2019-03-01T15:26:48;
700;50;0.00;0.00;2019-03-01T15:26:49;
700;50;0.00;0.00;2019-03-01T15:26:50;
700;50;0.00;0.00;2019-03-01T15:26:51;
700;50;0.00;0.00;2019-03-01T15:26:52;
700;50;0.00;0.00;2019-03-01T15:26:53;
700;50;0.00;0.00;2019-03-01T15:26:54;
700;50;0.00;0.00;2019-03-01T15:26:55;
700;50;0.00;0.00;2019-03-01T15:26:56;
700;50;0.00;0.00;2019-03-01T15:26:57;
700;50;0.00;0.00;2019-03-01T15:26:58;
700;50;0.00;0.00;2019-03-01T15:26:59;
700;50;0.00;0.00;2019-03-01T15:27:00;
700;50;0.00;0.00;2019-03-01T15:27:01;
700;50;0.00;0.00;2019-03-01T15:27:02;
700;50;0.00;0.00;2019-03-01T15:27:03;
700;50;0.00;0.00;2019-03-01T15:27:04;
700;50;0.00;0.00;2019-03-01T15:27:05;
700;50;0.00;0.00;2019-03-01T15:27:06;
700;50;0.00;0.00;2019-03-01T15:27:07;
700;50;0.00;0.00;2019-03-01T15:27:08;
700;50;0.00;0.00;2019-03-01T15:27:09;
700;50;0.00;0.00;2019-03-01T15:27:10;
700;50;0.00;0.00;2019-03-01T15:27:11;
700;50;0.00;0.00;2019-03-01T15:27:12;
700;50;0.00;0.00;2019-03-01T15:27:13;
700;50;0.00;0.00;2019-03-01T15:27:14;
700;50;0.00;0.00;2019-03-01T15:27:15;
700;50;0.00;0.00;2019-03-01T15:27:16;
700;50;0.00;0.00;2019-03-01T15:27:17;
700;50;0.00;0.00;2019-03-01T15:27:18;
700;50;0.00;0.00;2019-03-01T15:27:19;
700;50;0.00;0.00;2019-03-01T15:27:20;
700;50;0.00;0.00;2019-03-01T15:27:21;
700;50;0.00;0.00;2019-03-01T15:27:22;
700;50;0.00;0.00;2019-03-01T15:27:23;
700;50;0.00;0.00;2019-03-01T15:27:24;
700;50;0.00;0.00;2019-03-01T15:27:25;
700;50;0.00;0.00;2019-03-01T15:27:26;
700;50;0.00;0.00;2019-03-01T15:27:27;
700;50;0.00;0.00;2019-03-01T15:27:28;
700;50;0.00;0.00;2019-03-01T15:27:29;
700;50;0.00;0.00;2019-03-01T15:27:30;
700;50;0.00;0.00;2019-03-01T15:27:31;
700;50;0.00;0.00;2019-03-01T15:27:32;
700;50;0.00;0.00;2019-03-01T15:27:33;
700;50;0.00;0.00;2019-03-01T15:27:34;
700;50;0.00;0.00;2019-03-01T15:27:35;
700;50;0.00;0.00;2019-03-01T15:27:36;
700;50;0.00;0.00;2019-03-01T15:27:37;
700;50;0.00;0.00;2019-03-01T15:27:38;
700;50;0.00;0.00;2019-03-01T15:27:39;
700;50;0.00;0.00;2019-03-01T15:27:40;
700;50;0.00;0.00;2019-03-01T15:27:41;
700;50;0.00;0.00;2019-03-01T15:27:42;
700;50;0.00;0.00;2019-03-01T15:27:43;
700;50;0.00;0.00;2019-03-01T15:27:44;
700;50;0.00;0.00;2019-03-01T15:27:45;
700;50;0.00;0.00;2019-03-01T15:27:46;
700;50;0.00;0.00;2019-03-01T15:27:47;
700;50;0.00;0.00;2019-03-01T15:27:48;
700;50;0.00;0.00;2019-03-01T15:27:49;
700;50;0.00;0.00;2019-03-01T15:27:50;
700;50;0.00;0.00;2019-03-01T15:27:51;
700;50;0.00;0.00;2019-03-01T15:27:52;
700;50;0.00;0.00;2019-03-01T15:27:53;
700;50;0.00;0.00;2019-03-01T15:27:54;
700;50;0.00;0.00;2019-03-01T15:27:55;
700;50;0.00;0.00;2019-03-01T15:27:56;
700;50;0.00;0.00;2019-03-01T15:27:57;
700;50;0.00;0.00;2019-03-01T15:27:58;
700;50;0.00;0.00;2019-03-01T15:27:59;
700;50;0.00;0.00;2019-03-01T15:28:00;
700;50;0.00;0.00;2019-03-01T15:28:01;
700;50;0.00;0.00;2019-03-01T15:28:02;
700;50;0.00;0.00;2019-03-01T15:28:03;
700;50;0.00;0.00;2019-03-01T15:28:04;
700;50;0.00;0.00;2019-03-01T15:28:05;
700;50;0.00;0.00;2019-03-01T15:28:06;
700;50;0.00;0.00;2019-03-01T15:28:07;
700;50;0.00;0.00;2019-03-01T15:28:08;
700;50;0.00;0.00;2019-03-01T15:28:09;
700;50;0.00;0.00;2019-03-01T15:28:10;
700;50;0.00;0.00;2019-03-01T15:28:11;
700;50;0.00;0.00;2019-03-01T15:28:12;
700;50;0.00;0.00;2019-03-01T15:28:13;
700;50;0.00;0.00;2019-03-01T15:28:14;
700;50;0.00;0.00;2019-03-01T15:28:15;
700;50;0.00;0.00;2019-03-01T15:28:16;
700;50;0.00;0.00;2019-03-01T15:28:17;
700;50;0.00;0.00;2019-03-01T15:28:18;
700;50;0.00;0.00;2019-03-01T15:28:19;
700;50;0.00;0.00;2019-03-01T15:28:20;
700;50;0.00;0.00;2019-03-01T15:28:21;
700;50;0.00;0.00;2019-03-01T15:28:22;
700;50;0.00;0.00;2019-03-01T15:28:23;
700;50;0.00;0.00;2019-03-01T15:28:24;
700;50;0.00;0.00;2019-03-01T15:28:25;
700;50;0.00;0.00;2019-03-01T15:28:26;
700;50;0.00;0.00;2019-03-01T15:28:27;
700;50;0.00;0.00;2019-03-01T15:28:28;
700;50;0.00;0.00;2019-03-01T15:28:29;
700;50;0.00;0.00;2019-03-01T15:28:30;
700;50;0.00;0.00;2019-03-01T15:28:31;
700;50;0.00;0.00;2019-03-01T15:28:32;
700;50;0.00;0.00;2019-03-01T15:28:33;
700;50;0.00;0.00;2019-03-01T15:28:34;
700;50;0.00;0.00;2019-03-01T15:28:35;
700;50;0.00;0.00;2019-03-01T15:28:36;
700;50;0.00;0.00;2019-03-01T15:28:37;
700;50;0.00;0.00;2019-03-01T15:28:38;
700;50;0.00;0.00;2019-03-01T15:28:39;
700;50;0.00;0.00;2019-03-01T15:28:40;
700;50;0.00;0.00;2019-03-01T15:28:41;
700;50;0.00;0.00;2019-03-01T15:28:42;
700;50;0.00;0.00;2019-03-01T15:28:43;
700;50;0.00;0.00;2019-03-01T15:28:44;
700;50;0.00;0.00;2019-03-01T15:28:45;
700;50;0.00;0.00;2019-03-01T15:28:46;
700;50;0.00;0.00;2019-03-01T15:28:47;
700;50;0.00;0.00;2019-03-01T15:28:48;
700;50;0.00;0.00;2019-03-01T15:28:49;
700;50;0.00;0.00;2019-03-01T15:28:50;
700;50;0.00;0.00;2019-03-01T15:28:51;
700;50;0.00;0.00;2019-03-01T15:28:52;
700;50;0.00;0.00;2019-03-01T15:28:53;
700;50;0.00;0.00;2019-03-01T15:28:54;
700;50;0.00;0.00;2019-03-01T15:28:55;
700;50;0.00;0.00;2019-03-01T15:28:56;
700;50;0.00;0.00;2019-03-01T15:28:57;
700;50;0.00;0.00;2019-03-01T15:28:58;
700;50;0.00;0.00;2019-03-01T15:28:59;
700;50;0.00;0.00;2019-03-01T15:29:00;
700;50;0.00;0.00;2019-03-01T15:29:01;
700;50;0.00;0.00;2019-03-01T15:29:02;
700;50;0.00;0.00;2019-03-01T15:29:03;
700;50;0.00;0.00;2019-03-01T15:29:04;
700;50;0.00;0.00;2019-03-01T15:29:05;
700;50;0.00;0.00;2019-03-01T15:29:06;
700;50;0.00;0.00;2019-03-01T15:29:07;
700;50;0.00;0.00;2019-03-01T15:29:08;
700;50;0.00;0.00;2019-03-01T15:29:09;
700;50;0.00;0.00;2019-03-01T15:29:10;
700;50;0.00;0.00;2019-03-01T15:29:11;
700;50;0.00;0.00;2019-03-01T15:29:12;
700;50;0.00;0.00;2019-03-01T15:29:13;
700;50;0.00;0.00;2019-03-01T15:29:14;
700;50;0.00;0.00;2019-03-01T15:29:15;
700;50;0.00;0.00;2019-03-01T15:29:16;
700;50;0.00;0.00;2019-03-01T15:29:17;
700;50;0.00;0.00;2019-03-01T15:29:18;
700;50;0.00;0.00;2019-03-01T15:29:19;
700;50;0.00;0.00;2019-03-01T15:29:20;
700;50;0.00;0.00;2019-03-01T15:29:21;
700;50;0.00;0.00;2019-03-01T15:29:22;
700;50;0.00;0.00;2019-03-01T15:29:23;
700;50;0.00;0.00;2019-03-01T15:29:24;
700;50;0.00;0.00;2019-03-01T15:29:25;
700;50;0.00;0.00;2019-03-01T15:29:26;
700;50;0.00;0.00;2019-03-01T15:29:27;
700;50;0.00;0.00;2019-03-01T15:29:28;
700;50;0.00;0.00;2019-03-01T15:29:29;
700;50;0.00;0.00;2019-03-01T15:29:30;
700;50;0.00;0.00;2019-03-01T15:29:31;
700;50;0.00;0.00;2019-03-01T15:29:32;
700;50;0.00;0.00;2019-03-01T15:29:33;
700;50;0.00;0.00;2019-03-01T15:29:34;
700;50;0.00;0.00;2019-03-01T15:29:35;
700;50;0.00;0.00;2019-03-01T15:29:36;
700;50;0.00;0.00;2019-03-01T15:29:37;
700;50;0.00;0.00;2019-03-01T15:29:38;
700;50;0.00;0.00;2019-03-01T15:29:39;
700;50;0.00;0.00;2019-03-01T15:29:40;
700;50;0.00;0.00;2019-03-01T15:29:41;
700;50;0.00;0.00;2019-03-01T15:29:42;
700;50;0.00;0.00;2019-03-01T15:29:43;
700;50;0.00;0.00;2019-03-01T15:29:44;
700;50;0.00;0.00;2019-03-01T15:29:45;
700;50;0.00;0.00;2019-03-01T15:29:46;
700;50;0.00;0.00;2019-03-01T15:29:47;
700;50;0.00;0.00;2019-03-01T15:29:48;
700;50;0.00;0.00;2019-03-01T15:29:49;
700;50;0.00;0.00;2019-03-01T15:29:50;
700;50;0.00;0.00;2019-03-01T15:29:51;
700;50;0.00;0.00;2019-03-01T15:29:52;
700;50;0.00;0.00;2019-03-01T15:29:53;
700;50;0.00;0.00;2019-03-01T15:29:54;
700;50;0.00;0.00;2019-03-01T15:29:55;
700;50;0.00;0.00;2019-03-01T15:29:56;
700;50;0.00;0.00;2019-03-01T15:29:57;
700;50;0.00;0.00;2019-03-01T15:29:58;
700;50;0.00;0.00;2019-03-01T15:29:59;
700;50;0.00;0.00;2019-03-01T15:30:00;
700;50;0.00;0.00;2019-03-01T15:30:01;
700;50;0.00;0.00;2019-03-01T15:30:02;
700;50;0.00;0.00;2019-03-01T15:30:03;
700;50;0.00;0.00;2019-03-01T15:30:04;
700;50;0.00;0.00;2019-03-01T15:30:05;
700;50;0.00;0.00;2019-03-01T15:30:06;
700;50;0.00;0.00;2019-03-01T15:30:07;
700;50;0.00;0.00;2019-03-01T15:30:08;
700;50;0.00;0.00;2019-03-01T15:30:09;
700;50;0.00;0.00;2019-03-01T15:30:10;
700;50;0.00;0.00;2019-03-01T15:30:11;
700;50;0.00;0.00;2019-03-01T15:30:12;
700;50;0.00;0.00;2019-03-01T15:30:13;
700;50;0.00;0.00;2019-03-01T15:30:14;
700;50;0.00;0.00;2019-03-01T15:30:15;
700;50;0.00;0.00;2019-03-01T15:30:16;
700;50;0.00;0.00;2019-03-01T15:30:17;
700;50;0.00;0.00;2019-03-01T15:30:18;
700;50;0.00;0.00;2019-03-01T15:30:19;
700;50;0.00;0.00;2019-03-01T15:30:20;
700;50;0.00;0.00;2019-03-01T15:30:21;
700;50;0.00;0.00;2019-03-01T15:30:22;
700;50;0.00;0.00;2019-03-01T15:30:23;
700;50;0.00;0.00;2019-03-01T15:30:24;
700;50;0.00;0.00;2019-03-01T15:30:25;
700;50;0.00;0.00;2019-03-01T15:30:26;
700;50;0.00;0.00;2019-03-01T15:30:27;
700;50;0.00;0.00;2019-03-01T15:30:28;
700;50;0.00;0.00;2019-03-01T15:30:29;
700;50;0.00;0.00;2019-03-01T15:30:30;
700;50;0.00;0.00;2019-03-01T15:30:31;
700;50;0.00;0.00;2019-03-01T15:30:32;
700;50;0.00;0.00;2019-03-01T15:30:33;
700;50;0.00;0.00;2019-03-01T15:30:34;
700;50;0.00;0.00;2019-03-01T15:30:35;
700;50;0.00;0.00;2019-03-01T15:30:36;
700;50;0.00;0.00;2019-03-01T15:30:37;
700;50;0.00;0.00;2019-03-01T15:30:38;
700;50;0.00;0.00;2019-03-01T15:30:39;
700;50;0.00;0.00;2019-03-01T15:30:40;
700;50;0.00;0.00;2019-03-01T15:30:41;
700;50;0.00;0.00;2019-03-01T15:30:42;
700;50;0.00;0.00;2019-03-01T15:30:43;
700;50;0.00;0.00;2019-03-01T15:30:44;
700;50;0.00;0.00;2019-03-01T15:30:45;
700;50;0.00;0.00;2019-03-01T15:30:46;
700;50;0.00;0.00;2019-03-01T15:30:47;
700;50;0.00;0.00;2019-03-01T15:30:48;
700;50;0.00;0.00;2019-03-01T15:30:49;
700;50;0.00;0.00;2019-03-01T15:30:50;
700;50;0.00;0.00;2019-03-01T15:30:51;
700;50;0.00;0.00;2019-03-01T15:30:52;
700;50;0.00;0.00;2019-03-01T15:30:53;
700;50;0.00;0.00;2019-03-01T15:30:54;
700;50;0.00;0.00;2019-03-01T15:30:55;
700;50;0.00;0.00;2019-03-01T15:30:56;
700;50;0.00;0.00;2019-03-01T15:30:57;
700;50;0.00;0.00;2019-03-01T15:30:58;
700;50;0.00;0.00;2019-03-01T15:30:59;
700;50;0.00;0.00;2019-03-01T15:31:00;
700;50;0.00;0.00;2019-03-01T15:31:01;
700;50;0.00;0.00;2019-03-01T15:31:02;
700;50;0.00;0.00;2019-03-01T15:31:03;
700;50;0.00;0.00;2019-03-01T15:31:04;
700;50;0.00;0.00;2019-03-01T15:31:05;
700;50;0.00;0.00;2019-03-01T15:31:06;
700;50;0.00;0.00;2019-03-01T15:31:07;
700;50;0.00;0.00;2019-03-01T15:31:08;
700;50;0.00;0.00;2019-03-01T15:31:09;
700;50;0.00;0.00;2019-03-01T15:31:10;
700;50;0.00;0.00;2019-03-01T15:31:11;
700;50;0.00;0.00;2019-03-01T15:31:12;
700;50;0.00;0.00;2019-03-01T15:31:13;
700;50;0.00;0.00;2019-03-01T15:31:14;
700;50;0.00;0.00;2019-03-01T15:31:15;
700;50;0.00;0.00;2019-03-01T15:31:16;
700;50;0.00;0.00;2019-03-01T15:31:17;
700;50;0.00;0.00;2019-03-01T15:31:18;
700;50;0.00;0.00;2019-03-01T15:31:19;
700;50;0.00;0.00;2019-03-01T15:31:20;
700;50;0.00;0.00;2019-03-01T15:31:21;
700;50;0.00;0.00;2019-03-01T15:31:22;
700;50;0.00;0.00;2019-03-01T15:31:23;
700;50;0.00;0.00;2019-03-01T15:31:24;
700;50;0.00;0.00;2019-03-01T15:31:25;
700;50;0.00;0.00;2019-03-01T15:31:26;
700;50;0.00;0.00;2019-03-01T15:31:27;
700;50;0.00;0.00;2019-03-01T15:31:28;
700;50;0.00;0.00;2019-03-01T15:31:29;
700;50;0.00;0.00;2019-03-01T15:31:30;
700;50;0.00;0.00;2019-03-01T15:31:31;
700;50;0.00;0.00;2019-03-01T15:31:32;
700;50;0.00;0.00;2019-03-01T15:31:33;
700;50;0.00;0.00;2019-03-01T15:31:34;
700;50;0.00;0.00;2019-03-01T15:31:35;
700;50;0.00;0.00;2019-03-01T15:31:36;
700;50;0.00;0.00;2019-03-01T15:31:37;
700;50;0.00;0.00;2019-03-01T15:31:38;
700;50;0.00;0.00;2019-03-01T15:31:39;
700;50;0.00;0.00;2019-03-01T15:31:40;
700;50;0.00;0.00;2019-03-01T15:31:41;
700;50;0.00;0.00;2019-03-01T15:31:42;
700;50;0.00;0.00;2019-03-01T15:31:43;
700;50;0.00;0.00;2019-03-01T15:31:44;
700;50;0.00;0.00;2019-03-01T15:31:45;
700;50;0.00;0.00;2019-03-01T15:31:46;
700;50;0.00;0.00;2019-03-01T15:31:47;
700;50;0.00;0.00;2019-03-01T15:31:48;
700;50;0.00;0.00;2019-03-01T15:31:49;
700;50;0.00;0.00;2019-03-01T15:31:50;
700;50;0.00;0.00;2019-03-01T15:31:51;
700;50;0.00;0.00;2019-03-01T15:31:52;
700;50;0.00;0.00;2019-03-01T15:31:53;
700;50;0.00;0.00;2019-03-01T15:31:54;
700;50;0.00;0.00;2019-03-01T15:31:55;
700;50;0.00;0.00;2019-03-01T15:31:56;
700;50;0.00;0.00;2019-03-01T15:31:57;
700;50;0.00;0.00;2019-03-01T15:31:58;
700;50;0.00;0.00;2019-03-01T15:31:59;
700;50;0.00;0.00;2019-03-01T15:32:00;
700;50;0.00;0.00;2019-03-01T15:32:01;
700;50;0.00;0.00;2019-03-01T15:32:02;
700;50;0.00;0.00;2019-03-01T15:32:03;
700;50;0.00;0.00;2019-03-01T15:32:04;
700;50;0.00;0.00;2019-03-01T15:32:05;
700;50;0.00;0.00;2019-03-01T15:32:06;
700;50;0.00;0.00;2019-03-01T15:32:07;
700;50;0.00;0.00;2019-03-01T15:32:08;
700;50;0.00;0.00;2019-03-01T15:32:09;
700;50;0.00;0.00;2019-03-01T15:32:10;
700;50;0.00;0.00;2019-03-01T15:32:11;
700;50;0.00;0.00;2019-03-01T15:32:12;
700;50;0.00;0.00;2019-03-01T15:32:13;
700;50;0.00;0.00;2019-03-01T15:32:14;
700;50;0.00;0.00;2019-03-01T15:32:15;
700;50;0.00;0.00;2019-03-01T15:32:16;
700;50;0.00;0.00;2019-03-01T15:32:17;
700;50;0.00;0.00;2019-03-01T15:32:18;
700;50;0.00;0.00;2019-03-01T15:32:19;
700;50;0.00;0.00;2019-03-01T15:32:20;
700;50;0.00;0.00;2019-03-01T15:32:21;
700;50;0.00;0.00;2019-03-01T15:32:22;
700;50;0.00;0.00;2019-03-01T15:32:23;
700;50;0.00;0.00;2019-03-01T15:32:24;
700;50;0.00;0.00;2019-03-01T15:32:25;
700;50;0.00;0.00;2019-03-01T15:32:26;
700;50;0.00;0.00;2019-03-01T15:32:27;
700;50;0.00;0.00;2019-03-01T15:32:28;
700;50;0.00;0.00;2019-03-01T15:32:29;
700;50;0.00;0.00;2019-03-01T15:32:30;
700;50;0.00;0.00;2019-03-01T15:32:31;
700;50;0.00;0.00;2019-03-01T15:32:32;
700;50;0.00;0.00;2019-03-01T15:32:33;
700;50;0.00;0.00;2019-03-01T15:32:34;
700;50;0.00;0.00;2019-03-01T15:32:35;
700;50;0.00;0.00;2019-03-01T15:32:36;
700;50;0.00;0.00;2019-03-01T15:32:37;
700;50;0.00;0.00;2019-03-01T15:32:38;
700;50;0.00;0.00;2019-03-01T15:32:39;
700;50;0.00;0.00;2019-03-01T15:32:40;
700;50;0.00;0.00;2019-03-01T15:32:41;
700;50;0.00;0.00;2019-03-01T15:32:42;
700;50;0.00;0.00;2019-03-01T15:32:43;
700;50;0.00;0.00;2019-03-01T15:32:44;
700;50;0.00;0.00;2019-03-01T15:32:45;
700;50;0.00;0.00;2019-03-01T15:32:46;
700;50;0.00;0.00;2019-03-01T15:32:47;
700;50;0.00;0.00;2019-03-01T15:32:48;
700;50;0.00;0.00;2019-03-01T15:32:49;
700;50;0.00;0.00;2019-03-01T15:32:50;
700;50;0.00;0.00;2019-03-01T15:32:51;
700;50;0.00;0.00;2019-03-01T15:32:52;
700;50;0.00;0.00;2019-03-01T15:32:53;
700;50;0.00;0.00;2019-03-01T15:32:54;
700;50;0.00;0.00;2019-03-01T15:32:55;
700;50;0.00;0.00;2019-03-01T15:32:56;
700;50;0.00;0.00;2019-03-01T15:32:57;
700;50;0.00;0.00;2019-03-01T15:32:58;
