Dbg: 20445184 - 3856 | 560 496 132019-03-01T15:03:48;
Connected: COM2019-03-01T15:03:54;
Sending: p2019-03-01T15:03:55;
Sending: p2019-03-01T15:03:56;
Sending: p2019-03-01T15:03:57;
Sending: p2019-03-01T15:03:58;
Sending: p2019-03-01T15:03:59;
Sending: p2019-03-01T15:04:00;
Sending: p2019-03-01T15:04:01;
Sending: p2019-03-01T15:04:02;
Sending: p2019-03-01T15:04:03;
Sending: p2019-03-01T15:04:04;
Sending: p2019-03-01T15:04:05;
Sending: p2019-03-01T15:04:07;
Sending: p2019-03-01T15:04:08;
Sending: p2019-03-01T15:04:09;
Sending: v802019-03-01T15:04:09;
Valve PWM: 8002019-03-01T15:04:09;
Sending: p2019-03-01T15:04:10;
Sending: p2019-03-01T15:04:11;
Sending: p2019-03-01T15:04:12;
Sending: p2019-03-01T15:04:13;
Sending: p2019-03-01T15:04:14;
Sending: p2019-03-01T15:04:15;
Sending: p2019-03-01T15:04:16;
Sending: p2019-03-01T15:04:17;
Sending: p2019-03-01T15:04:18;
Sending: v2019-03-01T15:04:19;
Valve PWM: 02019-03-01T15:04:19;
Sending: p2019-03-01T15:04:19;
Sending: p2019-03-01T15:04:20;
Sending: p2019-03-01T15:04:21;
Sending: p2019-03-01T15:04:22;
Sending: p2019-03-01T15:04:23;
Sending: p2019-03-01T15:04:24;
Sending: p2019-03-01T15:04:25;
Sending: p2019-03-01T15:04:26;
Sending: p2019-03-01T15:04:27;
Sending: p2019-03-01T15:04:28;
Sending: v702019-03-01T15:04:29;
Valve PWM: 7002019-03-01T15:04:29;
Sending: p2019-03-01T15:04:29;
Sending: p2019-03-01T15:04:30;
Sending: p2019-03-01T15:04:31;
Sending: p2019-03-01T15:04:32;
Sending: p2019-03-01T15:04:33;
Sending: p2019-03-01T15:04:34;
Sending: p2019-03-01T15:04:36;
Sending: p2019-03-01T15:04:37;
Sending: p2019-03-01T15:04:38;
Sending: p2019-03-01T15:04:39;
Sending: p2019-03-01T15:04:40;
Sending: p2019-03-01T15:04:41;
Sending: p2019-03-01T15:04:42;
Sending: p2019-03-01T15:04:43;
Sending: p2019-03-01T15:04:44;
Sending: p2019-03-01T15:04:45;
Sending: p2019-03-01T15:04:46;
Sending: p2019-03-01T15:04:47;
Sending: p2019-03-01T15:04:48;
Sending: p2019-03-01T15:04:49;
Sending: p2019-03-01T15:04:50;
Sending: p2019-03-01T15:04:51;
Sending: p2019-03-01T15:04:52;
Sending: p2019-03-01T15:04:53;
Sending: p2019-03-01T15:04:54;
Sending: p2019-03-01T15:04:55;
Sending: p2019-03-01T15:04:57;
Sending: p2019-03-01T15:04:58;
Sending: p2019-03-01T15:04:59;
Sending: p2019-03-01T15:05:00;
Sending: p2019-03-01T15:05:01;
Sending: p2019-03-01T15:05:02;
Sending: p2019-03-01T15:05:03;
Sending: p2019-03-01T15:05:04;
Sending: p2019-03-01T15:05:05;
Sending: p2019-03-01T15:05:06;
Sending: p2019-03-01T15:05:07;
Sending: p2019-03-01T15:05:08;
Sending: p2019-03-01T15:05:09;
Sending: p2019-03-01T15:05:10;
Sending: p2019-03-01T15:05:11;
Sending: p2019-03-01T15:05:12;
Valve PWM: 702019-03-01T15:05:13;
Sending: p2019-03-01T15:05:13;
Sending: p2019-03-01T15:05:14;
Sending: p2019-03-01T15:05:15;
Sending: p2019-03-01T15:05:16;
Sending: p2019-03-01T15:05:17;
Sending: p2019-03-01T15:05:18;
Sending: p2019-03-01T15:05:20;
Sending: p2019-03-01T15:05:21;
Sending: p2019-03-01T15:05:22;
Sending: p2019-03-01T15:05:23;
Sending: p2019-03-01T15:05:24;
Sending: p2019-03-01T15:05:25;
Sending: p2019-03-01T15:05:26;
Sending: p2019-03-01T15:05:27;
Sending: p2019-03-01T15:05:28;
Sending: p2019-03-01T15:05:29;
Sending: p2019-03-01T15:05:30;
Sending: p2019-03-01T15:05:31;
Sending: p2019-03-01T15:05:32;
Sending: p2019-03-01T15:05:33;
Sending: p2019-03-01T15:05:34;
Sending: p2019-03-01T15:05:35;
Sending: p2019-03-01T15:05:36;
Sending: p2019-03-01T15:05:38;
Sending: p2019-03-01T15:05:39;
Sending: p2019-03-01T15:05:40;
Sending: p2019-03-01T15:05:41;
Sending: p2019-03-01T15:05:42;
Sending: p2019-03-01T15:05:43;
Sending: p2019-03-01T15:05:44;
Sending: p2019-03-01T15:05:45;
Sending: p2019-03-01T15:05:46;
Sending: p2019-03-01T15:05:47;
Sending: p2019-03-01T15:05:48;
Sending: p2019-03-01T15:05:49;
Sending: p2019-03-01T15:05:50;
Sending: p2019-03-01T15:05:51;
Sending: p2019-03-01T15:05:52;
Sending: p2019-03-01T15:05:54;
Sending: p2019-03-01T15:05:55;
Sending: p2019-03-01T15:05:56;
Sending: p2019-03-01T15:05:57;
Valve PWM: 02019-03-01T15:05:58;
Sending: p2019-03-01T15:05:58;
Sending: p2019-03-01T15:05:59;
Sending: p2019-03-01T15:06:00;
Sending: p2019-03-01T15:06:01;
Sending: p2019-03-01T15:06:02;
Sending: p2019-03-01T15:06:03;
Sending: p2019-03-01T15:06:04;
Sending: p2019-03-01T15:06:05;
Sending: p2019-03-01T15:06:06;
Sending: p2019-03-01T15:06:07;
Sending: p2019-03-01T15:06:08;
Sending: p2019-03-01T15:06:09;
Sending: p2019-03-01T15:06:10;
Sending: p2019-03-01T15:06:12;
Sending: p2019-03-01T15:06:13;
Sending: p2019-03-01T15:06:14;
Sending: p2019-03-01T15:06:15;
Sending: p2019-03-01T15:06:16;
Sending: p2019-03-01T15:06:17;
Sending: p2019-03-01T15:06:18;
Sending: p2019-03-01T15:06:19;
Sending: p2019-03-01T15:06:20;
Sending: p2019-03-01T15:06:21;
Sending: p2019-03-01T15:06:22;
Sending: p2019-03-01T15:06:23;
Sending: p2019-03-01T15:06:24;
Sending: p2019-03-01T15:06:25;
Sending: p2019-03-01T15:06:26;
Sending: p2019-03-01T15:06:27;
Sending: p2019-03-01T15:06:29;
Sending: p2019-03-01T15:06:30;
Sending: p2019-03-01T15:06:31;
Sending: p2019-03-01T15:06:32;
Sending: p2019-03-01T15:06:33;
Sending: p2019-03-01T15:06:34;
Sending: p2019-03-01T15:06:35;
Sending: p2019-03-01T15:06:36;
Sending: p2019-03-01T15:06:37;
Sending: p2019-03-01T15:06:38;
Sending: p2019-03-01T15:06:39;
Sending: p2019-03-01T15:06:40;
Sending: p2019-03-01T15:06:41;
Sending: p2019-03-01T15:06:42;
Valve PWM: 72019-03-01T15:06:43;
Sending: p2019-03-01T15:06:43;
Sending: p2019-03-01T15:06:44;
Sending: p2019-03-01T15:06:45;
Sending: p2019-03-01T15:06:47;
Sending: p2019-03-01T15:06:48;
Sending: p2019-03-01T15:06:49;
Sending: p2019-03-01T15:06:50;
Sending: p2019-03-01T15:06:51;
Sending: p2019-03-01T15:06:52;
Sending: p2019-03-01T15:06:53;
Sending: p2019-03-01T15:06:54;
Sending: p2019-03-01T15:06:55;
Sending: p2019-03-01T15:06:56;
Sending: p2019-03-01T15:06:57;
Sending: p2019-03-01T15:06:58;
Sending: p2019-03-01T15:06:59;
Sending: p2019-03-01T15:07:00;
Sending: p2019-03-01T15:07:01;
Sending: p2019-03-01T15:07:02;
Sending: p2019-03-01T15:07:03;
Sending: p2019-03-01T15:07:04;
Sending: p2019-03-01T15:07:05;
Sending: p2019-03-01T15:07:06;
Sending: p2019-03-01T15:07:07;
Sending: p2019-03-01T15:07:08;
Sending: p2019-03-01T15:07:09;
Sending: p2019-03-01T15:07:10;
Sending: p2019-03-01T15:07:11;
Sending: p2019-03-01T15:07:12;
Sending: p2019-03-01T15:07:13;
Sending: p2019-03-01T15:07:15;
Sending: p2019-03-01T15:07:16;
Sending: p2019-03-01T15:07:17;
Sending: p2019-03-01T15:07:18;
Sending: p2019-03-01T15:07:19;
Sending: p2019-03-01T15:07:20;
Sending: p2019-03-01T15:07:21;
Sending: p2019-03-01T15:07:22;
Sending: p2019-03-01T15:07:23;
Sending: p2019-03-01T15:07:24;
Sending: p2019-03-01T15:07:25;
Sending: p2019-03-01T15:07:26;
Sending: p2019-03-01T15:07:27;
Valve PWM: 702019-03-01T15:07:28;
Sending: p2019-03-01T15:07:28;
Sending: p2019-03-01T15:07:29;
Sending: p2019-03-01T15:07:30;
Sending: p2019-03-01T15:07:31;
Sending: p2019-03-01T15:07:32;
Sending: p2019-03-01T15:07:33;
Sending: p2019-03-01T15:07:34;
Sending: p2019-03-01T15:07:36;
Sending: p2019-03-01T15:07:37;
Sending: p2019-03-01T15:07:38;
Sending: p2019-03-01T15:07:39;
Sending: p2019-03-01T15:07:40;
Sending: p2019-03-01T15:07:41;
Sending: p2019-03-01T15:07:42;
Sending: p2019-03-01T15:07:43;
Sending: p2019-03-01T15:07:44;
Sending: p2019-03-01T15:07:45;
Sending: p2019-03-01T15:07:46;
Sending: p2019-03-01T15:07:47;
Sending: p2019-03-01T15:07:48;
Sending: p2019-03-01T15:07:49;
Sending: p2019-03-01T15:07:50;
Sending: p2019-03-01T15:07:52;
Sending: p2019-03-01T15:07:53;
Sending: p2019-03-01T15:07:54;
Sending: p2019-03-01T15:07:55;
Sending: p2019-03-01T15:07:56;
Sending: p2019-03-01T15:07:57;
Sending: p2019-03-01T15:07:58;
Sending: p2019-03-01T15:07:59;
Sending: p2019-03-01T15:08:00;
Sending: p2019-03-01T15:08:01;
Sending: p2019-03-01T15:08:02;
Sending: p2019-03-01T15:08:03;
Sending: p2019-03-01T15:08:04;
Sending: p2019-03-01T15:08:05;
Sending: p2019-03-01T15:08:06;
Sending: p2019-03-01T15:08:08;
Sending: p2019-03-01T15:08:09;
Sending: p2019-03-01T15:08:10;
Sending: p2019-03-01T15:08:11;
Sending: p2019-03-01T15:08:12;
Valve PWM: 02019-03-01T15:08:13;
Sending: p2019-03-01T15:08:13;
Sending: p2019-03-01T15:08:14;
Sending: p2019-03-01T15:08:15;
Sending: p2019-03-01T15:08:16;
Sending: p2019-03-01T15:08:17;
Sending: p2019-03-01T15:08:18;
Sending: p2019-03-01T15:08:19;
Sending: p2019-03-01T15:08:20;
Sending: p2019-03-01T15:08:21;
Sending: p2019-03-01T15:08:22;
Sending: p2019-03-01T15:08:23;
Sending: p2019-03-01T15:08:25;
Sending: p2019-03-01T15:08:26;
Sending: p2019-03-01T15:08:27;
Sending: p2019-03-01T15:08:28;
Sending: p2019-03-01T15:08:29;
Sending: p2019-03-01T15:08:30;
Sending: p2019-03-01T15:08:31;
Sending: p2019-03-01T15:08:32;
Sending: p2019-03-01T15:08:33;
Sending: p2019-03-01T15:08:34;
Sending: p2019-03-01T15:08:35;
Sending: p2019-03-01T15:08:36;
Sending: p2019-03-01T15:08:37;
Sending: p2019-03-01T15:08:38;
Sending: p2019-03-01T15:08:39;
Sending: p2019-03-01T15:08:41;
Sending: p2019-03-01T15:08:42;
Sending: p2019-03-01T15:08:43;
Sending: p2019-03-01T15:08:44;
Sending: p2019-03-01T15:08:45;
Sending: p2019-03-01T15:08:46;
Sending: p2019-03-01T15:08:47;
Sending: p2019-03-01T15:08:48;
Sending: p2019-03-01T15:08:49;
Sending: p2019-03-01T15:08:50;
Sending: p2019-03-01T15:08:51;
Sending: p2019-03-01T15:08:52;
Sending: p2019-03-01T15:08:53;
Sending: p2019-03-01T15:08:54;
Sending: p2019-03-01T15:08:55;
Sending: p2019-03-01T15:08:57;
Sending: p2019-03-01T15:08:58;
Valve PWM: 72019-03-01T15:08:59;
Sending: p2019-03-01T15:08:59;
Sending: p2019-03-01T15:09:00;
Sending: p2019-03-01T15:09:01;
Sending: p2019-03-01T15:09:02;
Sending: p2019-03-01T15:09:03;
Sending: p2019-03-01T15:09:04;
Sending: p2019-03-01T15:09:05;
Sending: p2019-03-01T15:09:06;
Sending: p2019-03-01T15:09:07;
Sending: p2019-03-01T15:09:08;
Sending: p2019-03-01T15:09:09;
Sending: p2019-03-01T15:09:10;
Sending: p2019-03-01T15:09:11;
Sending: p2019-03-01T15:09:12;
Sending: p2019-03-01T15:09:13;
Sending: p2019-03-01T15:09:14;
Sending: p2019-03-01T15:09:15;
Sending: p2019-03-01T15:09:16;
Sending: p2019-03-01T15:09:17;
Sending: p2019-03-01T15:09:18;
Sending: p2019-03-01T15:09:19;
Sending: p2019-03-01T15:09:21;
Sending: p2019-03-01T15:09:22;
Sending: p2019-03-01T15:09:23;
Sending: p2019-03-01T15:09:24;
Sending: p2019-03-01T15:09:25;
Sending: p2019-03-01T15:09:26;
Sending: p2019-03-01T15:09:27;
Sending: p2019-03-01T15:09:28;
Sending: p2019-03-01T15:09:29;
Sending: p2019-03-01T15:09:30;
Sending: p2019-03-01T15:09:31;
Sending: p2019-03-01T15:09:32;
Sending: p2019-03-01T15:09:33;
Sending: p2019-03-01T15:09:34;
Sending: p2019-03-01T15:09:35;
Sending: p2019-03-01T15:09:36;
Sending: p2019-03-01T15:09:37;
Sending: p2019-03-01T15:09:38;
Sending: p2019-03-01T15:09:39;
Sending: p2019-03-01T15:09:40;
Sending: p2019-03-01T15:09:41;
Sending: p2019-03-01T15:09:42;
Valve PWM: 702019-03-01T15:09:43;
Sending: p2019-03-01T15:09:44;
Sending: p2019-03-01T15:09:45;
Sending: p2019-03-01T15:09:46;
Sending: p2019-03-01T15:09:47;
Sending: p2019-03-01T15:09:48;
Sending: p2019-03-01T15:09:49;
Sending: p2019-03-01T15:09:50;
Sending: p2019-03-01T15:09:51;
Sending: p2019-03-01T15:09:52;
Sending: p2019-03-01T15:09:53;
Sending: p2019-03-01T15:09:54;
Sending: p2019-03-01T15:09:55;
Sending: p2019-03-01T15:09:56;
Sending: p2019-03-01T15:09:57;
Sending: p2019-03-01T15:09:58;
Sending: p2019-03-01T15:10:00;
Sending: p2019-03-01T15:10:01;
Sending: p2019-03-01T15:10:02;
Sending: p2019-03-01T15:10:03;
Sending: p2019-03-01T15:10:04;
Sending: p2019-03-01T15:10:05;
Sending: p2019-03-01T15:10:06;
Sending: p2019-03-01T15:10:07;
Sending: p2019-03-01T15:10:08;
Sending: p2019-03-01T15:10:09;
Sending: p2019-03-01T15:10:10;
Sending: p2019-03-01T15:10:11;
Sending: p2019-03-01T15:10:12;
Sending: p2019-03-01T15:10:13;
Sending: p2019-03-01T15:10:14;
Sending: p2019-03-01T15:10:16;
Sending: p2019-03-01T15:10:17;
Sending: p2019-03-01T15:10:18;
Sending: p2019-03-01T15:10:19;
Sending: p2019-03-01T15:10:20;
Sending: p2019-03-01T15:10:21;
Sending: p2019-03-01T15:10:22;
Sending: p2019-03-01T15:10:23;
Sending: p2019-03-01T15:10:24;
Sending: p2019-03-01T15:10:25;
Sending: p2019-03-01T15:10:26;
Sending: p2019-03-01T15:10:27;
Valve PWM: 02019-03-01T15:10:28;
Sending: p2019-03-01T15:10:28;
Sending: p2019-03-01T15:10:29;
Sending: p2019-03-01T15:10:31;
Sending: p2019-03-01T15:10:32;
Sending: p2019-03-01T15:10:33;
Sending: p2019-03-01T15:10:34;
Sending: p2019-03-01T15:10:35;
Sending: p2019-03-01T15:10:36;
Sending: p2019-03-01T15:10:37;
Sending: p2019-03-01T15:10:38;
Sending: p2019-03-01T15:10:39;
Sending: p2019-03-01T15:10:40;
Sending: p2019-03-01T15:10:41;
Sending: p2019-03-01T15:10:42;
Sending: p2019-03-01T15:10:43;
Sending: p2019-03-01T15:10:44;
Sending: p2019-03-01T15:10:46;
Sending: p2019-03-01T15:10:47;
Sending: p2019-03-01T15:10:48;
Sending: p2019-03-01T15:10:49;
Sending: p2019-03-01T15:10:50;
Sending: p2019-03-01T15:10:51;
Sending: p2019-03-01T15:10:52;
Sending: p2019-03-01T15:10:53;
Sending: p2019-03-01T15:10:54;
Sending: p2019-03-01T15:10:55;
Sending: p2019-03-01T15:10:56;
Sending: p2019-03-01T15:10:57;
Sending: p2019-03-01T15:10:58;
Sending: p2019-03-01T15:10:59;
Sending: p2019-03-01T15:11:00;
Sending: p2019-03-01T15:11:02;
Sending: p2019-03-01T15:11:03;
Sending: p2019-03-01T15:11:04;
Sending: p2019-03-01T15:11:05;
Sending: p2019-03-01T15:11:06;
Sending: p2019-03-01T15:11:07;
Sending: p2019-03-01T15:11:08;
Sending: p2019-03-01T15:11:09;
Sending: p2019-03-01T15:11:10;
Sending: p2019-03-01T15:11:11;
Sending: p2019-03-01T15:11:12;
Sending: p2019-03-01T15:11:13;
Valve PWM: 72019-03-01T15:11:14;
Sending: p2019-03-01T15:11:14;
Sending: p2019-03-01T15:11:15;
Sending: p2019-03-01T15:11:17;
Sending: p2019-03-01T15:11:18;
Sending: p2019-03-01T15:11:19;
Sending: p2019-03-01T15:11:20;
Sending: p2019-03-01T15:11:21;
Sending: p2019-03-01T15:11:22;
Sending: p2019-03-01T15:11:23;
Sending: p2019-03-01T15:11:24;
Sending: p2019-03-01T15:11:25;
Sending: p2019-03-01T15:11:26;
Sending: p2019-03-01T15:11:27;
Sending: p2019-03-01T15:11:28;
Sending: p2019-03-01T15:11:29;
Sending: p2019-03-01T15:11:30;
Sending: p2019-03-01T15:11:31;
Sending: p2019-03-01T15:11:32;
Sending: p2019-03-01T15:11:33;
Sending: p2019-03-01T15:11:34;
Sending: p2019-03-01T15:11:35;
Sending: p2019-03-01T15:11:36;
Sending: p2019-03-01T15:11:37;
Sending: p2019-03-01T15:11:38;
Sending: p2019-03-01T15:11:39;
Sending: p2019-03-01T15:11:40;
Sending: p2019-03-01T15:11:42;
Sending: p2019-03-01T15:11:43;
Sending: p2019-03-01T15:11:44;
Sending: p2019-03-01T15:11:45;
Sending: p2019-03-01T15:11:46;
Sending: p2019-03-01T15:11:47;
Sending: p2019-03-01T15:11:48;
Sending: p2019-03-01T15:11:49;
Sending: p2019-03-01T15:11:50;
Sending: p2019-03-01T15:11:51;
Sending: p2019-03-01T15:11:52;
Sending: p2019-03-01T15:11:53;
Sending: p2019-03-01T15:11:54;
Sending: p2019-03-01T15:11:55;
Sending: p2019-03-01T15:11:56;
Sending: p2019-03-01T15:11:57;
Sending: p2019-03-01T15:11:58;
Valve PWM: 702019-03-01T15:11:59;
Sending: p2019-03-01T15:11:59;
Sending: p2019-03-01T15:12:00;
Sending: p2019-03-01T15:12:01;
Sending: p2019-03-01T15:12:02;
Sending: p2019-03-01T15:12:04;
Sending: p2019-03-01T15:12:05;
Sending: p2019-03-01T15:12:06;
Sending: p2019-03-01T15:12:07;
Sending: p2019-03-01T15:12:08;
Sending: p2019-03-01T15:12:09;
Sending: p2019-03-01T15:12:10;
Sending: p2019-03-01T15:12:11;
Sending: p2019-03-01T15:12:12;
Sending: p2019-03-01T15:12:13;
Sending: p2019-03-01T15:12:14;
Sending: p2019-03-01T15:12:15;
Sending: p2019-03-01T15:12:16;
Sending: p2019-03-01T15:12:17;
Sending: p2019-03-01T15:12:18;
Sending: p2019-03-01T15:12:20;
Sending: p2019-03-01T15:12:21;
Sending: p2019-03-01T15:12:22;
Sending: p2019-03-01T15:12:23;
Sending: p2019-03-01T15:12:24;
Sending: p2019-03-01T15:12:25;
Sending: p2019-03-01T15:12:26;
Sending: p2019-03-01T15:12:27;
Sending: p2019-03-01T15:12:28;
Sending: p2019-03-01T15:12:29;
Sending: p2019-03-01T15:12:30;
Sending: p2019-03-01T15:12:31;
Sending: p2019-03-01T15:12:32;
Sending: p2019-03-01T15:12:33;
Sending: p2019-03-01T15:12:34;
Sending: p2019-03-01T15:12:35;
Sending: p2019-03-01T15:12:37;
Sending: p2019-03-01T15:12:38;
Sending: p2019-03-01T15:12:39;
Sending: p2019-03-01T15:12:40;
Sending: p2019-03-01T15:12:41;
Sending: p2019-03-01T15:12:42;
Sending: p2019-03-01T15:12:43;
Valve PWM: 02019-03-01T15:12:44;
Sending: p2019-03-01T15:12:44;
Sending: p2019-03-01T15:12:45;
Sending: p2019-03-01T15:12:46;
Sending: p2019-03-01T15:12:47;
Sending: p2019-03-01T15:12:48;
Sending: p2019-03-01T15:12:49;
Sending: p2019-03-01T15:12:50;
Sending: p2019-03-01T15:12:51;
Sending: p2019-03-01T15:12:52;
Sending: p2019-03-01T15:12:54;
Sending: p2019-03-01T15:12:55;
Sending: p2019-03-01T15:12:56;
Sending: p2019-03-01T15:12:57;
Sending: p2019-03-01T15:12:58;
Sending: p2019-03-01T15:12:59;
Sending: p2019-03-01T15:13:00;
Sending: p2019-03-01T15:13:01;
Sending: p2019-03-01T15:13:02;
Sending: p2019-03-01T15:13:03;
Sending: p2019-03-01T15:13:04;
Sending: p2019-03-01T15:13:05;
Sending: p2019-03-01T15:13:06;
Sending: p2019-03-01T15:13:07;
Sending: p2019-03-01T15:13:08;
Sending: p2019-03-01T15:13:09;
Sending: p2019-03-01T15:13:10;
Sending: p2019-03-01T15:13:12;
Sending: p2019-03-01T15:13:13;
Sending: p2019-03-01T15:13:14;
Sending: p2019-03-01T15:13:15;
Sending: p2019-03-01T15:13:16;
Sending: p2019-03-01T15:13:17;
Sending: p2019-03-01T15:13:18;
Sending: p2019-03-01T15:13:19;
Sending: p2019-03-01T15:13:20;
Sending: p2019-03-01T15:13:21;
Sending: p2019-03-01T15:13:22;
Sending: p2019-03-01T15:13:23;
Sending: p2019-03-01T15:13:24;
Sending: p2019-03-01T15:13:25;
Sending: p2019-03-01T15:13:27;
Sending: p2019-03-01T15:13:28;
Sending: p2019-03-01T15:13:29;
Valve PWM: 72019-03-01T15:13:30;
Sending: p2019-03-01T15:13:30;
Sending: p2019-03-01T15:13:31;
Sending: p2019-03-01T15:13:32;
Sending: p2019-03-01T15:13:33;
Sending: p2019-03-01T15:13:34;
Sending: p2019-03-01T15:13:35;
Sending: p2019-03-01T15:13:36;
Sending: p2019-03-01T15:13:37;
Sending: p2019-03-01T15:13:38;
Sending: p2019-03-01T15:13:39;
Sending: p2019-03-01T15:13:40;
Sending: p2019-03-01T15:13:41;
Sending: p2019-03-01T15:13:42;
Sending: p2019-03-01T15:13:43;
Sending: p2019-03-01T15:13:44;
Sending: p2019-03-01T15:13:45;
Sending: p2019-03-01T15:13:46;
Sending: p2019-03-01T15:13:47;
Sending: p2019-03-01T15:13:48;
Sending: p2019-03-01T15:13:50;
Sending: p2019-03-01T15:13:51;
Sending: p2019-03-01T15:13:52;
Sending: p2019-03-01T15:13:53;
Sending: p2019-03-01T15:13:54;
Sending: p2019-03-01T15:13:55;
Sending: p2019-03-01T15:13:56;
Sending: p2019-03-01T15:13:57;
Sending: p2019-03-01T15:13:58;
Sending: p2019-03-01T15:13:59;
Sending: p2019-03-01T15:14:00;
Sending: p2019-03-01T15:14:01;
Sending: p2019-03-01T15:14:02;
Sending: p2019-03-01T15:14:03;
Sending: p2019-03-01T15:14:04;
Sending: p2019-03-01T15:14:05;
Sending: p2019-03-01T15:14:06;
Sending: p2019-03-01T15:14:07;
Sending: p2019-03-01T15:14:08;
Sending: p2019-03-01T15:14:09;
Sending: p2019-03-01T15:14:10;
Sending: p2019-03-01T15:14:11;
Sending: p2019-03-01T15:14:12;
Sending: p2019-03-01T15:14:14;
Valve PWM: 702019-03-01T15:14:15;
Sending: p2019-03-01T15:14:15;
Sending: p2019-03-01T15:14:16;
Sending: p2019-03-01T15:14:17;
Sending: p2019-03-01T15:14:18;
Sending: p2019-03-01T15:14:19;
Sending: p2019-03-01T15:14:20;
Sending: p2019-03-01T15:14:21;
Sending: p2019-03-01T15:14:22;
Sending: p2019-03-01T15:14:23;
Sending: p2019-03-01T15:14:24;
Sending: p2019-03-01T15:14:25;
Sending: p2019-03-01T15:14:26;
Sending: p2019-03-01T15:14:27;
Sending: p2019-03-01T15:14:28;
Sending: p2019-03-01T15:14:30;
Sending: p2019-03-01T15:14:31;
Sending: p2019-03-01T15:14:32;
Sending: p2019-03-01T15:14:33;
Sending: p2019-03-01T15:14:34;
Sending: p2019-03-01T15:14:35;
Sending: p2019-03-01T15:14:36;
Sending: p2019-03-01T15:14:37;
Sending: p2019-03-01T15:14:38;
Sending: p2019-03-01T15:14:39;
Sending: p2019-03-01T15:14:40;
Sending: p2019-03-01T15:14:41;
Sending: p2019-03-01T15:14:42;
Sending: p2019-03-01T15:14:43;
Sending: p2019-03-01T15:14:45;
Sending: p2019-03-01T15:14:46;
Sending: p2019-03-01T15:14:47;
Sending: p2019-03-01T15:14:48;
Sending: p2019-03-01T15:14:49;
Sending: p2019-03-01T15:14:50;
Sending: p2019-03-01T15:14:51;
Sending: p2019-03-01T15:14:52;
Sending: p2019-03-01T15:14:53;
Sending: p2019-03-01T15:14:54;
Sending: p2019-03-01T15:14:55;
Sending: p2019-03-01T15:14:56;
Sending: p2019-03-01T15:14:57;
Sending: p2019-03-01T15:14:58;
Valve PWM: 02019-03-01T15:14:59;
Sending: p2019-03-01T15:14:59;
Sending: p2019-03-01T15:15:01;
Sending: p2019-03-01T15:15:02;
Sending: p2019-03-01T15:15:03;
Sending: p2019-03-01T15:15:04;
Sending: p2019-03-01T15:15:05;
Sending: p2019-03-01T15:15:06;
Sending: p2019-03-01T15:15:07;
Sending: p2019-03-01T15:15:08;
Sending: p2019-03-01T15:15:09;
Sending: p2019-03-01T15:15:10;
Sending: p2019-03-01T15:15:11;
Sending: p2019-03-01T15:15:12;
Sending: p2019-03-01T15:15:13;
Sending: p2019-03-01T15:15:14;
Sending: p2019-03-01T15:15:15;
Sending: p2019-03-01T15:15:17;
Sending: p2019-03-01T15:15:18;
Sending: p2019-03-01T15:15:19;
Sending: p2019-03-01T15:15:20;
Sending: p2019-03-01T15:15:21;
Sending: p2019-03-01T15:15:22;
Sending: p2019-03-01T15:15:23;
Sending: p2019-03-01T15:15:24;
Sending: p2019-03-01T15:15:25;
Sending: p2019-03-01T15:15:26;
Sending: p2019-03-01T15:15:27;
Sending: p2019-03-01T15:15:28;
Sending: p2019-03-01T15:15:29;
Sending: p2019-03-01T15:15:30;
Sending: p2019-03-01T15:15:32;
Sending: p2019-03-01T15:15:33;
Sending: p2019-03-01T15:15:34;
Sending: p2019-03-01T15:15:35;
Sending: p2019-03-01T15:15:36;
Sending: p2019-03-01T15:15:37;
Sending: p2019-03-01T15:15:38;
Sending: p2019-03-01T15:15:39;
Sending: p2019-03-01T15:15:40;
Sending: p2019-03-01T15:15:41;
Sending: p2019-03-01T15:15:42;
Sending: p2019-03-01T15:15:43;
Sending: p2019-03-01T15:15:44;
Valve PWM: 72019-03-01T15:15:45;
Sending: p2019-03-01T15:15:45;
Sending: p2019-03-01T15:15:46;
Sending: p2019-03-01T15:15:48;
Sending: p2019-03-01T15:15:49;
Sending: p2019-03-01T15:15:50;
Sending: p2019-03-01T15:15:51;
Sending: p2019-03-01T15:15:52;
Sending: p2019-03-01T15:15:53;
Sending: p2019-03-01T15:15:54;
Sending: p2019-03-01T15:15:55;
Sending: p2019-03-01T15:15:56;
Sending: p2019-03-01T15:15:57;
Sending: p2019-03-01T15:15:58;
Sending: p2019-03-01T15:15:59;
Sending: p2019-03-01T15:16:00;
Sending: p2019-03-01T15:16:01;
Sending: p2019-03-01T15:16:02;
Sending: p2019-03-01T15:16:03;
Sending: p2019-03-01T15:16:04;
Sending: p2019-03-01T15:16:05;
Sending: p2019-03-01T15:16:06;
Sending: p2019-03-01T15:16:07;
Sending: p2019-03-01T15:16:08;
Sending: p2019-03-01T15:16:09;
Sending: p2019-03-01T15:16:10;
Sending: p2019-03-01T15:16:11;
Sending: p2019-03-01T15:16:13;
Sending: p2019-03-01T15:16:14;
Sending: p2019-03-01T15:16:15;
Sending: p2019-03-01T15:16:16;
Sending: p2019-03-01T15:16:17;
Sending: p2019-03-01T15:16:18;
Sending: p2019-03-01T15:16:19;
Sending: p2019-03-01T15:16:20;
Sending: p2019-03-01T15:16:21;
Sending: p2019-03-01T15:16:22;
Sending: p2019-03-01T15:16:23;
Sending: p2019-03-01T15:16:24;
Sending: p2019-03-01T15:16:25;
Sending: p2019-03-01T15:16:26;
Sending: p2019-03-01T15:16:27;
Sending: p2019-03-01T15:16:28;
Sending: p2019-03-01T15:16:29;
Valve PWM: 702019-03-01T15:16:30;
Sending: p2019-03-01T15:16:30;
Sending: p2019-03-01T15:16:31;
Sending: p2019-03-01T15:16:32;
Sending: p2019-03-01T15:16:33;
Sending: p2019-03-01T15:16:34;
Sending: p2019-03-01T15:16:36;
Sending: p2019-03-01T15:16:37;
Sending: p2019-03-01T15:16:38;
Sending: p2019-03-01T15:16:39;
Sending: p2019-03-01T15:16:40;
Sending: p2019-03-01T15:16:41;
Sending: p2019-03-01T15:16:42;
Sending: p2019-03-01T15:16:43;
Sending: p2019-03-01T15:16:44;
Sending: p2019-03-01T15:16:45;
Sending: p2019-03-01T15:16:46;
Sending: p2019-03-01T15:16:47;
Sending: p2019-03-01T15:16:48;
Sending: p2019-03-01T15:16:50;
Sending: p2019-03-01T15:16:51;
Sending: p2019-03-01T15:16:52;
Sending: p2019-03-01T15:16:53;
Sending: p2019-03-01T15:16:54;
Sending: p2019-03-01T15:16:55;
Sending: p2019-03-01T15:16:56;
Sending: p2019-03-01T15:16:57;
Sending: p2019-03-01T15:16:58;
Sending: p2019-03-01T15:16:59;
Sending: p2019-03-01T15:17:00;
Sending: p2019-03-01T15:17:01;
Sending: p2019-03-01T15:17:02;
Sending: p2019-03-01T15:17:03;
Sending: p2019-03-01T15:17:05;
Sending: p2019-03-01T15:17:06;
Sending: p2019-03-01T15:17:07;
Sending: p2019-03-01T15:17:08;
Sending: p2019-03-01T15:17:09;
Sending: p2019-03-01T15:17:10;
Sending: p2019-03-01T15:17:11;
Sending: p2019-03-01T15:17:12;
Sending: p2019-03-01T15:17:13;
Sending: p2019-03-01T15:17:14;
Valve PWM: 02019-03-01T15:17:15;
Sending: p2019-03-01T15:17:15;
Sending: p2019-03-01T15:17:16;
Sending: p2019-03-01T15:17:17;
Sending: p2019-03-01T15:17:18;
Sending: p2019-03-01T15:17:20;
Sending: p2019-03-01T15:17:21;
Sending: p2019-03-01T15:17:22;
Sending: p2019-03-01T15:17:23;
Sending: p2019-03-01T15:17:24;
Sending: p2019-03-01T15:17:25;
Sending: p2019-03-01T15:17:26;
Sending: p2019-03-01T15:17:27;
Sending: p2019-03-01T15:17:28;
Sending: p2019-03-01T15:17:29;
Sending: p2019-03-01T15:17:30;
Sending: p2019-03-01T15:17:31;
Sending: p2019-03-01T15:17:32;
Sending: p2019-03-01T15:17:33;
Sending: p2019-03-01T15:17:34;
Sending: p2019-03-01T15:17:36;
Sending: p2019-03-01T15:17:37;
Sending: p2019-03-01T15:17:38;
Sending: p2019-03-01T15:17:39;
Sending: p2019-03-01T15:17:40;
Sending: p2019-03-01T15:17:41;
Sending: p2019-03-01T15:17:42;
Sending: p2019-03-01T15:17:43;
Sending: p2019-03-01T15:17:44;
Sending: p2019-03-01T15:17:45;
Sending: p2019-03-01T15:17:46;
Sending: p2019-03-01T15:17:47;
Sending: p2019-03-01T15:17:48;
Sending: p2019-03-01T15:17:49;
Sending: p2019-03-01T15:17:50;
Sending: p2019-03-01T15:17:52;
Sending: p2019-03-01T15:17:53;
Sending: p2019-03-01T15:17:54;
Sending: p2019-03-01T15:17:55;
Sending: p2019-03-01T15:17:56;
Sending: p2019-03-01T15:17:57;
Sending: p2019-03-01T15:17:58;
Sending: p2019-03-01T15:17:59;
Sending: p2019-03-01T15:18:00;
Valve PWM: 72019-03-01T15:18:01;
Sending: p2019-03-01T15:18:01;
Sending: p2019-03-01T15:18:02;
Sending: p2019-03-01T15:18:03;
Sending: p2019-03-01T15:18:04;
Sending: p2019-03-01T15:18:05;
Sending: p2019-03-01T15:18:06;
Sending: p2019-03-01T15:18:07;
Sending: p2019-03-01T15:18:08;
Sending: p2019-03-01T15:18:10;
Sending: p2019-03-01T15:18:11;
Sending: p2019-03-01T15:18:12;
Sending: p2019-03-01T15:18:13;
Sending: p2019-03-01T15:18:14;
Sending: p2019-03-01T15:18:15;
Sending: p2019-03-01T15:18:16;
Sending: p2019-03-01T15:18:17;
Sending: p2019-03-01T15:18:18;
Sending: p2019-03-01T15:18:19;
Sending: p2019-03-01T15:18:20;
Sending: p2019-03-01T15:18:21;
Sending: p2019-03-01T15:18:22;
Sending: p2019-03-01T15:18:23;
Sending: p2019-03-01T15:18:24;
Sending: p2019-03-01T15:18:25;
Sending: p2019-03-01T15:18:26;
Sending: p2019-03-01T15:18:27;
Sending: p2019-03-01T15:18:28;
Sending: p2019-03-01T15:18:29;
Sending: p2019-03-01T15:18:30;
Sending: p2019-03-01T15:18:31;
Sending: p2019-03-01T15:18:32;
Sending: p2019-03-01T15:18:33;
Sending: p2019-03-01T15:18:34;
Sending: p2019-03-01T15:18:35;
Sending: p2019-03-01T15:18:37;
Sending: p2019-03-01T15:18:38;
Sending: p2019-03-01T15:18:39;
Sending: p2019-03-01T15:18:40;
Sending: p2019-03-01T15:18:41;
Sending: p2019-03-01T15:18:42;
Sending: p2019-03-01T15:18:43;
Sending: p2019-03-01T15:18:44;
Sending: p2019-03-01T15:18:45;
Valve PWM: 702019-03-01T15:18:46;
Sending: p2019-03-01T15:18:46;
Sending: p2019-03-01T15:18:47;
Sending: p2019-03-01T15:18:48;
Sending: p2019-03-01T15:18:49;
Sending: v702019-03-01T15:18:49;
Sending: p2019-03-01T15:18:50;
Sending: p2019-03-01T15:18:51;
Sending: p2019-03-01T15:18:52;
Sending: p2019-03-01T15:18:53;
Sending: p2019-03-01T15:18:54;
Sending: p2019-03-01T15:18:55;
Sending: v702019-03-01T15:18:56;
Sending: p2019-03-01T15:18:56;
Sending: p2019-03-01T15:18:57;
Sending: p2019-03-01T15:18:58;
Sending: p2019-03-01T15:18:59;
Sending: p2019-03-01T15:19:01;
Sending: p2019-03-01T15:19:02;
Sending: p2019-03-01T15:19:03;
Sending: p2019-03-01T15:19:04;
Sending: p2019-03-01T15:19:05;
Sending: p2019-03-01T15:19:06;
Sending: p2019-03-01T15:19:07;
Sending: p2019-03-01T15:19:08;
Sending: p2019-03-01T15:19:09;
Sending: p2019-03-01T15:19:10;
Sending: p2019-03-01T15:19:11;
Sending: p2019-03-01T15:19:12;
Sending: p2019-03-01T15:19:13;
Sending: p2019-03-01T15:19:15;
Sending: p2019-03-01T15:19:16;
Sending: p2019-03-01T15:19:17;
Sending: p2019-03-01T15:19:18;
Sending: p2019-03-01T15:19:19;
Sending: p2019-03-01T15:19:20;
Sending: p2019-03-01T15:19:21;
Sending: p2019-03-01T15:19:22;
Sending: p2019-03-01T15:19:23;
Sending: p2019-03-01T15:19:24;
Sending: p2019-03-01T15:19:25;
Sending: p2019-03-01T15:19:26;
Valve PWM: 72019-03-01T15:19:27;
Sending: p2019-03-01T15:19:27;
Sending: p2019-03-01T15:19:28;
Sending: p2019-03-01T15:19:29;
Sending: p2019-03-01T15:19:30;
Sending: p2019-03-01T15:19:31;
Sending: p2019-03-01T15:19:33;
Sending: p2019-03-01T15:19:34;
Sending: p2019-03-01T15:19:35;
Sending: p2019-03-01T15:19:36;
Sending: p2019-03-01T15:19:37;
Sending: p2019-03-01T15:19:38;
Sending: p2019-03-01T15:19:39;
Sending: p2019-03-01T15:19:40;
Sending: p2019-03-01T15:19:41;
Sending: p2019-03-01T15:19:42;
Sending: p2019-03-01T15:19:43;
Connected: COM2019-03-01T15:19:57;
FAILED CAPTURE! (PMstudio running?2019-03-01T15:20:00;
FAILED TO CONNECT2019-03-01T15:20:59;
Connected: COM2019-03-01T15:21:15;
Sending: v702019-03-01T15:21:19;
Valve PWM: 7002019-03-01T15:21:19;
Dbg: 20576976 - 3856 | 560 496 132019-03-01T15:21:24;
Sending: p2019-03-01T15:21:24;
Sending: p2019-03-01T15:21:25;
Sending: p2019-03-01T15:21:26;
Sending: p2019-03-01T15:21:27;
Sending: p2019-03-01T15:21:28;
Sending: p2019-03-01T15:21:29;
Sending: p2019-03-01T15:21:30;
Sending: p2019-03-01T15:21:31;
Sending: p2019-03-01T15:21:32;
Sending: p2019-03-01T15:21:33;
Sending: p2019-03-01T15:21:34;
Sending: p2019-03-01T15:21:35;
Sending: p2019-03-01T15:21:36;
Sending: p2019-03-01T15:21:37;
Sending: p2019-03-01T15:21:39;
Sending: p2019-03-01T15:21:40;
Sending: p2019-03-01T15:21:41;
Sending: p2019-03-01T15:21:42;
Sending: p2019-03-01T15:21:43;
Sending: p2019-03-01T15:21:44;
Sending: p2019-03-01T15:21:45;
Sending: p2019-03-01T15:21:46;
Sending: p2019-03-01T15:21:47;
Sending: p2019-03-01T15:21:48;
Sending: p2019-03-01T15:21:49;
Sending: p2019-03-01T15:21:50;
Sending: p2019-03-01T15:21:51;
Sending: p2019-03-01T15:21:52;
Sending: p2019-03-01T15:21:53;
Sending: p2019-03-01T15:21:54;
Sending: p2019-03-01T15:21:55;
Sending: p2019-03-01T15:21:56;
Sending: p2019-03-01T15:21:57;
Sending: p2019-03-01T15:21:58;
Sending: p2019-03-01T15:21:59;
Sending: p2019-03-01T15:22:00;
Sending: p2019-03-01T15:22:01;
Sending: p2019-03-01T15:22:02;
Sending: p2019-03-01T15:22:03;
Sending: p2019-03-01T15:22:04;
Sending: p2019-03-01T15:22:06;
Sending: p2019-03-01T15:22:07;
Sending: p2019-03-01T15:22:08;
Sending: p2019-03-01T15:22:09;
Sending: p2019-03-01T15:22:10;
Sending: p2019-03-01T15:22:11;
Sending: p2019-03-01T15:22:12;
Sending: p2019-03-01T15:22:13;
Sending: p2019-03-01T15:22:14;
Sending: p2019-03-01T15:22:15;
Sending: p2019-03-01T15:22:16;
Sending: p2019-03-01T15:22:17;
Sending: p2019-03-01T15:22:18;
Sending: p2019-03-01T15:22:19;
Sending: p2019-03-01T15:22:20;
Sending: p2019-03-01T15:22:21;
Sending: p2019-03-01T15:22:22;
Sending: p2019-03-01T15:22:23;
Sending: p2019-03-01T15:22:24;
Sending: p2019-03-01T15:22:25;
Sending: p2019-03-01T15:22:26;
Sending: p2019-03-01T15:22:27;
Sending: p2019-03-01T15:22:29;
Sending: p2019-03-01T15:22:30;
Sending: p2019-03-01T15:22:31;
Sending: p2019-03-01T15:22:32;
Sending: p2019-03-01T15:22:33;
Sending: p2019-03-01T15:22:34;
Sending: p2019-03-01T15:22:35;
Sending: p2019-03-01T15:22:36;
Sending: p2019-03-01T15:22:37;
Sending: p2019-03-01T15:22:38;
Sending: p2019-03-01T15:22:39;
Sending: p2019-03-01T15:22:40;
Sending: p2019-03-01T15:22:41;
Sending: p2019-03-01T15:22:42;
Sending: p2019-03-01T15:22:43;
Sending: p2019-03-01T15:22:44;
Sending: m2019-03-01T15:22:45;
252019-03-01T15:22:45;
Set motor PWM: 252019-03-01T15:22:45;
Sending: p2019-03-01T15:22:45;
Sending: m52019-03-01T15:22:46;
502019-03-01T15:22:46;
Set motor PWM: 502019-03-01T15:22:46;
Sending: p2019-03-01T15:22:46;
Sending: p2019-03-01T15:22:47;
Sending: p2019-03-01T15:22:48;
Sending: p2019-03-01T15:22:49;
Sending: p2019-03-01T15:22:50;
Sending: p2019-03-01T15:22:51;
Sending: p2019-03-01T15:22:53;
Sending: p2019-03-01T15:22:54;
Sending: p2019-03-01T15:22:55;
Sending: p2019-03-01T15:22:56;
Sending: p2019-03-01T15:22:57;
Sending: p2019-03-01T15:22:58;
Sending: p2019-03-01T15:22:59;
Sending: p2019-03-01T15:23:00;
Sending: p2019-03-01T15:23:01;
Sending: p2019-03-01T15:23:02;
Sending: p2019-03-01T15:23:03;
Sending: p2019-03-01T15:23:04;
Sending: p2019-03-01T15:23:05;
Sending: p2019-03-01T15:23:06;
Sending: p2019-03-01T15:23:07;
Sending: p2019-03-01T15:23:08;
Sending: p2019-03-01T15:23:09;
Sending: p2019-03-01T15:23:10;
Sending: p2019-03-01T15:23:11;
Sending: p2019-03-01T15:23:12;
Sending: p2019-03-01T15:23:13;
Sending: p2019-03-01T15:23:14;
Sending: p2019-03-01T15:23:15;
Sending: p2019-03-01T15:23:16;
Sending: p2019-03-01T15:23:17;
Sending: p2019-03-01T15:23:19;
Sending: p2019-03-01T15:23:20;
Sending: p2019-03-01T15:23:21;
Sending: p2019-03-01T15:23:22;
Sending: p2019-03-01T15:23:23;
Sending: p2019-03-01T15:23:24;
Sending: p2019-03-01T15:23:25;
Sending: p2019-03-01T15:23:26;
Sending: p2019-03-01T15:23:27;
Sending: p2019-03-01T15:23:28;
Sending: p2019-03-01T15:23:29;
Sending: p2019-03-01T15:23:30;
Sending: p2019-03-01T15:23:31;
Sending: p2019-03-01T15:23:32;
Sending: p2019-03-01T15:23:33;
Sending: p2019-03-01T15:23:34;
Sending: p2019-03-01T15:23:35;
Sending: p2019-03-01T15:23:36;
Sending: p2019-03-01T15:23:37;
Sending: p2019-03-01T15:23:38;
Sending: p2019-03-01T15:23:39;
Sending: p2019-03-01T15:23:40;
Sending: p2019-03-01T15:23:41;
Sending: p2019-03-01T15:23:43;
Sending: p2019-03-01T15:23:44;
Sending: p2019-03-01T15:23:45;
Sending: p2019-03-01T15:23:46;
Sending: p2019-03-01T15:23:47;
Sending: p2019-03-01T15:23:48;
Sending: p2019-03-01T15:23:49;
Sending: p2019-03-01T15:23:50;
Sending: p2019-03-01T15:23:51;
Sending: p2019-03-01T15:23:52;
Sending: p2019-03-01T15:23:53;
Sending: p2019-03-01T15:23:54;
Sending: p2019-03-01T15:23:55;
Sending: p2019-03-01T15:23:56;
Sending: p2019-03-01T15:23:57;
Sending: p2019-03-01T15:23:58;
Sending: p2019-03-01T15:23:59;
Sending: p2019-03-01T15:24:00;
Sending: p2019-03-01T15:24:01;
Sending: p2019-03-01T15:24:03;
Sending: p2019-03-01T15:24:04;
Sending: p2019-03-01T15:24:05;
Sending: p2019-03-01T15:24:06;
Sending: p2019-03-01T15:24:07;
Sending: p2019-03-01T15:24:08;
Sending: p2019-03-01T15:24:09;
Sending: p2019-03-01T15:24:10;
Sending: p2019-03-01T15:24:11;
Sending: p2019-03-01T15:24:12;
Sending: p2019-03-01T15:24:13;
Sending: p2019-03-01T15:24:14;
Sending: p2019-03-01T15:24:15;
Sending: p2019-03-01T15:24:16;
Sending: p2019-03-01T15:24:17;
Sending: p2019-03-01T15:24:18;
Sending: p2019-03-01T15:24:19;
Sending: p2019-03-01T15:24:20;
Sending: p2019-03-01T15:24:21;
Sending: p2019-03-01T15:24:22;
Sending: p2019-03-01T15:24:23;
Sending: p2019-03-01T15:24:24;
Sending: p2019-03-01T15:24:26;
Sending: p2019-03-01T15:24:27;
Sending: p2019-03-01T15:24:28;
Sending: p2019-03-01T15:24:29;
Sending: p2019-03-01T15:24:30;
Sending: p2019-03-01T15:24:31;
Sending: p2019-03-01T15:24:32;
Sending: p2019-03-01T15:24:33;
Sending: p2019-03-01T15:24:34;
Sending: p2019-03-01T15:24:35;
Sending: p2019-03-01T15:24:36;
Sending: p2019-03-01T15:24:37;
Sending: p2019-03-01T15:24:38;
Sending: p2019-03-01T15:24:39;
Sending: p2019-03-01T15:24:40;
Sending: p2019-03-01T15:24:41;
Sending: p2019-03-01T15:24:42;
Sending: p2019-03-01T15:24:43;
Sending: p2019-03-01T15:24:44;
Sending: p2019-03-01T15:24:45;
Sending: p2019-03-01T15:24:46;
Sending: p2019-03-01T15:24:47;
Sending: p2019-03-01T15:24:49;
Sending: p2019-03-01T15:24:50;
Sending: p2019-03-01T15:24:51;
Sending: p2019-03-01T15:24:52;
Sending: p2019-03-01T15:24:53;
Sending: p2019-03-01T15:24:54;
Sending: p2019-03-01T15:24:55;
Sending: p2019-03-01T15:24:56;
Sending: p2019-03-01T15:24:57;
Sending: p2019-03-01T15:24:58;
Sending: p2019-03-01T15:24:59;
Sending: p2019-03-01T15:25:00;
Sending: p2019-03-01T15:25:01;
Sending: p2019-03-01T15:25:02;
Sending: p2019-03-01T15:25:03;
Sending: p2019-03-01T15:25:04;
Sending: p2019-03-01T15:25:05;
Sending: p2019-03-01T15:25:07;
Sending: p2019-03-01T15:25:08;
Sending: p2019-03-01T15:25:09;
Sending: p2019-03-01T15:25:10;
Sending: p2019-03-01T15:25:11;
Sending: p2019-03-01T15:25:12;
Sending: p2019-03-01T15:25:13;
Sending: p2019-03-01T15:25:14;
Sending: p2019-03-01T15:25:15;
Sending: p2019-03-01T15:25:16;
Sending: p2019-03-01T15:25:17;
Sending: p2019-03-01T15:25:18;
Sending: p2019-03-01T15:25:19;
Sending: p2019-03-01T15:25:20;
Sending: p2019-03-01T15:25:21;
Sending: p2019-03-01T15:25:22;
Sending: p2019-03-01T15:25:23;
Sending: p2019-03-01T15:25:24;
Sending: p2019-03-01T15:25:25;
Sending: p2019-03-01T15:25:26;
Sending: p2019-03-01T15:25:27;
Sending: p2019-03-01T15:25:28;
Sending: p2019-03-01T15:25:30;
Sending: p2019-03-01T15:25:31;
Sending: p2019-03-01T15:25:32;
Sending: p2019-03-01T15:25:33;
Sending: p2019-03-01T15:25:34;
Sending: p2019-03-01T15:25:35;
Sending: p2019-03-01T15:25:36;
Sending: p2019-03-01T15:25:37;
Sending: p2019-03-01T15:25:38;
Sending: p2019-03-01T15:25:39;
Sending: p2019-03-01T15:25:40;
Sending: p2019-03-01T15:25:41;
Sending: p2019-03-01T15:25:42;
Sending: p2019-03-01T15:25:43;
Sending: p2019-03-01T15:25:44;
Sending: p2019-03-01T15:25:45;
Sending: p2019-03-01T15:25:46;
Sending: p2019-03-01T15:25:47;
Sending: p2019-03-01T15:25:49;
Sending: p2019-03-01T15:25:50;
Sending: p2019-03-01T15:25:51;
Sending: p2019-03-01T15:25:52;
Sending: p2019-03-01T15:25:53;
Sending: p2019-03-01T15:25:54;
Sending: p2019-03-01T15:25:55;
Sending: p2019-03-01T15:25:56;
Sending: p2019-03-01T15:25:57;
Sending: p2019-03-01T15:25:58;
Sending: p2019-03-01T15:25:59;
Sending: p2019-03-01T15:26:00;
Sending: p2019-03-01T15:26:01;
Sending: p2019-03-01T15:26:02;
Sending: p2019-03-01T15:26:03;
Sending: p2019-03-01T15:26:04;
Sending: p2019-03-01T15:26:05;
Sending: p2019-03-01T15:26:06;
Sending: p2019-03-01T15:26:07;
Sending: p2019-03-01T15:26:08;
Sending: p2019-03-01T15:26:09;
Sending: p2019-03-01T15:26:10;
Sending: p2019-03-01T15:26:12;
Sending: p2019-03-01T15:26:13;
Sending: p2019-03-01T15:26:14;
Sending: p2019-03-01T15:26:15;
Sending: p2019-03-01T15:26:16;
Sending: p2019-03-01T15:26:17;
Sending: p2019-03-01T15:26:18;
Sending: p2019-03-01T15:26:19;
Sending: p2019-03-01T15:26:20;
Sending: p2019-03-01T15:26:21;
Sending: p2019-03-01T15:26:22;
Sending: p2019-03-01T15:26:23;
Sending: p2019-03-01T15:26:24;
Sending: p2019-03-01T15:26:25;
Sending: p2019-03-01T15:26:26;
Sending: p2019-03-01T15:26:27;
Sending: p2019-03-01T15:26:28;
Sending: p2019-03-01T15:26:29;
Sending: p2019-03-01T15:26:30;
Sending: p2019-03-01T15:26:31;
Sending: p2019-03-01T15:26:32;
Sending: p2019-03-01T15:26:33;
Sending: p2019-03-01T15:26:34;
Sending: p2019-03-01T15:26:35;
Sending: p2019-03-01T15:26:37;
Sending: p2019-03-01T15:26:38;
Sending: p2019-03-01T15:26:39;
Sending: p2019-03-01T15:26:40;
Sending: p2019-03-01T15:26:41;
Sending: p2019-03-01T15:26:42;
Sending: p2019-03-01T15:26:43;
Sending: p2019-03-01T15:26:44;
Sending: p2019-03-01T15:26:45;
Sending: p2019-03-01T15:26:46;
Sending: p2019-03-01T15:26:47;
Sending: p2019-03-01T15:26:48;
Sending: p2019-03-01T15:26:49;
Sending: p2019-03-01T15:26:50;
Sending: p2019-03-01T15:26:51;
Sending: p2019-03-01T15:26:52;
Sending: p2019-03-01T15:26:53;
Sending: p2019-03-01T15:26:54;
Sending: p2019-03-01T15:26:55;
Sending: p2019-03-01T15:26:56;
Sending: p2019-03-01T15:26:58;
Sending: p2019-03-01T15:26:59;
Sending: p2019-03-01T15:27:00;
Sending: p2019-03-01T15:27:01;
Sending: p2019-03-01T15:27:02;
Sending: p2019-03-01T15:27:03;
Sending: p2019-03-01T15:27:04;
Sending: p2019-03-01T15:27:05;
Sending: p2019-03-01T15:27:06;
Sending: p2019-03-01T15:27:07;
Sending: p2019-03-01T15:27:08;
Sending: p2019-03-01T15:27:09;
Sending: p2019-03-01T15:27:10;
Sending: p2019-03-01T15:27:11;
Sending: p2019-03-01T15:27:12;
Sending: p2019-03-01T15:27:13;
Sending: p2019-03-01T15:27:14;
Sending: p2019-03-01T15:27:15;
Sending: p2019-03-01T15:27:17;
Sending: p2019-03-01T15:27:18;
Sending: p2019-03-01T15:27:19;
Sending: p2019-03-01T15:27:20;
Sending: p2019-03-01T15:27:21;
Sending: p2019-03-01T15:27:22;
Sending: p2019-03-01T15:27:23;
Sending: p2019-03-01T15:27:24;
Sending: p2019-03-01T15:27:25;
Sending: p2019-03-01T15:27:26;
Sending: p2019-03-01T15:27:27;
Sending: p2019-03-01T15:27:28;
Sending: p2019-03-01T15:27:29;
Sending: p2019-03-01T15:27:30;
Sending: p2019-03-01T15:27:31;
Sending: p2019-03-01T15:27:32;
Sending: p2019-03-01T15:27:33;
Sending: p2019-03-01T15:27:34;
Sending: p2019-03-01T15:27:35;
Sending: p2019-03-01T15:27:36;
Sending: p2019-03-01T15:27:37;
Sending: p2019-03-01T15:27:38;
Sending: p2019-03-01T15:27:39;
Sending: p2019-03-01T15:27:40;
Sending: p2019-03-01T15:27:42;
Sending: p2019-03-01T15:27:43;
Sending: p2019-03-01T15:27:44;
Sending: p2019-03-01T15:27:45;
Sending: p2019-03-01T15:27:46;
Sending: p2019-03-01T15:27:47;
Sending: p2019-03-01T15:27:48;
Sending: p2019-03-01T15:27:49;
Sending: p2019-03-01T15:27:50;
Sending: p2019-03-01T15:27:51;
Sending: p2019-03-01T15:27:52;
Sending: p2019-03-01T15:27:53;
Sending: p2019-03-01T15:27:54;
Sending: p2019-03-01T15:27:55;
Sending: p2019-03-01T15:27:56;
Sending: p2019-03-01T15:27:57;
Sending: p2019-03-01T15:27:58;
Sending: p2019-03-01T15:27:59;
Sending: p2019-03-01T15:28:00;
Sending: p2019-03-01T15:28:01;
Sending: p2019-03-01T15:28:02;
Sending: p2019-03-01T15:28:04;
Sending: p2019-03-01T15:28:05;
Sending: p2019-03-01T15:28:06;
Sending: p2019-03-01T15:28:07;
Sending: p2019-03-01T15:28:08;
Sending: p2019-03-01T15:28:09;
Sending: p2019-03-01T15:28:10;
Sending: p2019-03-01T15:28:11;
Sending: p2019-03-01T15:28:12;
Sending: p2019-03-01T15:28:13;
Sending: p2019-03-01T15:28:14;
Sending: p2019-03-01T15:28:15;
Sending: p2019-03-01T15:28:16;
Sending: p2019-03-01T15:28:17;
Sending: p2019-03-01T15:28:18;
Sending: p2019-03-01T15:28:19;
Sending: p2019-03-01T15:28:20;
Sending: p2019-03-01T15:28:21;
Sending: p2019-03-01T15:28:22;
Sending: p2019-03-01T15:28:23;
Sending: p2019-03-01T15:28:24;
Sending: p2019-03-01T15:28:25;
Sending: p2019-03-01T15:28:26;
Sending: p2019-03-01T15:28:27;
Sending: p2019-03-01T15:28:28;
Sending: p2019-03-01T15:28:30;
Sending: p2019-03-01T15:28:31;
Sending: p2019-03-01T15:28:32;
Sending: p2019-03-01T15:28:33;
Sending: p2019-03-01T15:28:34;
Sending: p2019-03-01T15:28:35;
Sending: p2019-03-01T15:28:36;
Sending: p2019-03-01T15:28:37;
Sending: p2019-03-01T15:28:38;
Sending: p2019-03-01T15:28:39;
Sending: p2019-03-01T15:28:40;
Sending: p2019-03-01T15:28:41;
Sending: p2019-03-01T15:28:42;
Sending: p2019-03-01T15:28:43;
Sending: p2019-03-01T15:28:44;
Sending: p2019-03-01T15:28:45;
Sending: p2019-03-01T15:28:46;
Sending: p2019-03-01T15:28:47;
Sending: p2019-03-01T15:28:48;
Sending: p2019-03-01T15:28:49;
Sending: p2019-03-01T15:28:50;
Sending: p2019-03-01T15:28:52;
Sending: p2019-03-01T15:28:53;
Sending: p2019-03-01T15:28:54;
Sending: p2019-03-01T15:28:55;
Sending: p2019-03-01T15:28:56;
Sending: p2019-03-01T15:28:57;
Sending: p2019-03-01T15:28:58;
Sending: p2019-03-01T15:28:59;
Sending: p2019-03-01T15:29:00;
Sending: p2019-03-01T15:29:01;
Sending: p2019-03-01T15:29:02;
Sending: p2019-03-01T15:29:03;
Sending: p2019-03-01T15:29:04;
Sending: p2019-03-01T15:29:05;
Sending: p2019-03-01T15:29:06;
Sending: p2019-03-01T15:29:07;
Sending: p2019-03-01T15:29:08;
Sending: p2019-03-01T15:29:09;
Sending: p2019-03-01T15:29:10;
Sending: p2019-03-01T15:29:11;
Sending: p2019-03-01T15:29:13;
Sending: p2019-03-01T15:29:14;
Sending: p2019-03-01T15:29:15;
Sending: p2019-03-01T15:29:16;
Sending: p2019-03-01T15:29:17;
Sending: p2019-03-01T15:29:18;
Sending: p2019-03-01T15:29:19;
Sending: p2019-03-01T15:29:20;
Sending: p2019-03-01T15:29:21;
Sending: p2019-03-01T15:29:22;
Sending: p2019-03-01T15:29:23;
Sending: p2019-03-01T15:29:24;
Sending: p2019-03-01T15:29:25;
Sending: p2019-03-01T15:29:26;
Sending: p2019-03-01T15:29:27;
Sending: p2019-03-01T15:29:28;
Sending: p2019-03-01T15:29:29;
Sending: p2019-03-01T15:29:30;
Sending: p2019-03-01T15:29:31;
Sending: p2019-03-01T15:29:32;
Sending: p2019-03-01T15:29:33;
Sending: p2019-03-01T15:29:34;
Sending: p2019-03-01T15:29:35;
Sending: p2019-03-01T15:29:36;
Sending: p2019-03-01T15:29:37;
Sending: p2019-03-01T15:29:39;
Sending: p2019-03-01T15:29:40;
Sending: p2019-03-01T15:29:41;
Sending: p2019-03-01T15:29:42;
Sending: p2019-03-01T15:29:43;
Sending: p2019-03-01T15:29:44;
Sending: p2019-03-01T15:29:45;
Sending: p2019-03-01T15:29:46;
Sending: p2019-03-01T15:29:47;
Sending: p2019-03-01T15:29:48;
Sending: p2019-03-01T15:29:49;
Sending: p2019-03-01T15:29:50;
Sending: p2019-03-01T15:29:51;
Sending: p2019-03-01T15:29:52;
Sending: p2019-03-01T15:29:53;
Sending: p2019-03-01T15:29:54;
Sending: p2019-03-01T15:29:55;
Sending: p2019-03-01T15:29:56;
Sending: p2019-03-01T15:29:57;
Sending: p2019-03-01T15:29:58;
Sending: p2019-03-01T15:29:59;
Sending: p2019-03-01T15:30:00;
Sending: p2019-03-01T15:30:02;
Sending: p2019-03-01T15:30:03;
Sending: p2019-03-01T15:30:04;
Sending: p2019-03-01T15:30:05;
Sending: p2019-03-01T15:30:06;
Sending: p2019-03-01T15:30:07;
Sending: p2019-03-01T15:30:08;
Sending: p2019-03-01T15:30:09;
Sending: p2019-03-01T15:30:10;
Sending: p2019-03-01T15:30:11;
Sending: p2019-03-01T15:30:12;
Sending: p2019-03-01T15:30:13;
Sending: p2019-03-01T15:30:14;
Sending: p2019-03-01T15:30:15;
Sending: p2019-03-01T15:30:16;
Sending: p2019-03-01T15:30:17;
Sending: p2019-03-01T15:30:18;
Sending: p2019-03-01T15:30:19;
Sending: p2019-03-01T15:30:20;
Sending: p2019-03-01T15:30:21;
Sending: p2019-03-01T15:30:22;
Sending: p2019-03-01T15:30:23;
Sending: p2019-03-01T15:30:24;
Sending: p2019-03-01T15:30:26;
Sending: p2019-03-01T15:30:27;
Sending: p2019-03-01T15:30:28;
Sending: p2019-03-01T15:30:29;
Sending: p2019-03-01T15:30:30;
Sending: p2019-03-01T15:30:31;
Sending: p2019-03-01T15:30:32;
Sending: p2019-03-01T15:30:33;
Sending: p2019-03-01T15:30:34;
Sending: p2019-03-01T15:30:35;
Sending: p2019-03-01T15:30:36;
Sending: p2019-03-01T15:30:37;
Sending: p2019-03-01T15:30:38;
Sending: p2019-03-01T15:30:39;
Sending: p2019-03-01T15:30:40;
Sending: p2019-03-01T15:30:41;
Sending: p2019-03-01T15:30:42;
Sending: p2019-03-01T15:30:43;
Sending: p2019-03-01T15:30:44;
Sending: p2019-03-01T15:30:45;
Sending: p2019-03-01T15:30:46;
Sending: p2019-03-01T15:30:47;
Sending: p2019-03-01T15:30:49;
Sending: p2019-03-01T15:30:50;
Sending: p2019-03-01T15:30:51;
Sending: p2019-03-01T15:30:52;
Sending: p2019-03-01T15:30:53;
Sending: p2019-03-01T15:30:54;
Sending: p2019-03-01T15:30:55;
Sending: p2019-03-01T15:30:56;
Sending: p2019-03-01T15:30:57;
Sending: p2019-03-01T15:30:58;
Sending: p2019-03-01T15:30:59;
Sending: p2019-03-01T15:31:00;
Sending: p2019-03-01T15:31:01;
Sending: p2019-03-01T15:31:02;
Sending: p2019-03-01T15:31:03;
Sending: p2019-03-01T15:31:04;
Sending: p2019-03-01T15:31:05;
Sending: p2019-03-01T15:31:06;
Sending: p2019-03-01T15:31:07;
Sending: p2019-03-01T15:31:08;
Sending: p2019-03-01T15:31:09;
Sending: p2019-03-01T15:31:10;
Sending: p2019-03-01T15:31:12;
Sending: p2019-03-01T15:31:13;
Sending: p2019-03-01T15:31:14;
Sending: p2019-03-01T15:31:15;
Sending: p2019-03-01T15:31:16;
Sending: p2019-03-01T15:31:17;
Sending: p2019-03-01T15:31:18;
Sending: p2019-03-01T15:31:19;
Sending: p2019-03-01T15:31:20;
Sending: p2019-03-01T15:31:21;
Sending: p2019-03-01T15:31:22;
Sending: p2019-03-01T15:31:23;
Sending: p2019-03-01T15:31:24;
Sending: p2019-03-01T15:31:25;
Sending: p2019-03-01T15:31:26;
Sending: p2019-03-01T15:31:27;
Sending: p2019-03-01T15:31:28;
Sending: p2019-03-01T15:31:29;
Sending: p2019-03-01T15:31:30;
Sending: p2019-03-01T15:31:31;
Sending: p2019-03-01T15:31:32;
Sending: p2019-03-01T15:31:33;
Sending: p2019-03-01T15:31:35;
Sending: p2019-03-01T15:31:36;
Sending: p2019-03-01T15:31:37;
Sending: p2019-03-01T15:31:38;
Sending: p2019-03-01T15:31:39;
Sending: p2019-03-01T15:31:40;
Sending: p2019-03-01T15:31:41;
Sending: p2019-03-01T15:31:42;
Sending: p2019-03-01T15:31:43;
Sending: p2019-03-01T15:31:44;
Sending: p2019-03-01T15:31:45;
Sending: p2019-03-01T15:31:46;
Sending: p2019-03-01T15:31:47;
Sending: p2019-03-01T15:31:48;
Sending: p2019-03-01T15:31:49;
Sending: p2019-03-01T15:31:50;
Sending: p2019-03-01T15:31:51;
Sending: p2019-03-01T15:31:52;
Sending: p2019-03-01T15:31:53;
Sending: p2019-03-01T15:31:54;
Sending: p2019-03-01T15:31:55;
Sending: p2019-03-01T15:31:57;
Sending: p2019-03-01T15:31:58;
Sending: p2019-03-01T15:31:59;
Sending: p2019-03-01T15:32:00;
Sending: p2019-03-01T15:32:01;
Sending: p2019-03-01T15:32:02;
Sending: p2019-03-01T15:32:03;
Sending: p2019-03-01T15:32:04;
Sending: p2019-03-01T15:32:05;
Sending: p2019-03-01T15:32:06;
Sending: p2019-03-01T15:32:07;
Sending: p2019-03-01T15:32:08;
Sending: p2019-03-01T15:32:09;
Sending: p2019-03-01T15:32:10;
Sending: p2019-03-01T15:32:11;
Sending: p2019-03-01T15:32:12;
Sending: p2019-03-01T15:32:13;
Sending: p2019-03-01T15:32:14;
Sending: p2019-03-01T15:32:15;
Sending: p2019-03-01T15:32:16;
Sending: p2019-03-01T15:32:17;
Sending: p2019-03-01T15:32:18;
Sending: p2019-03-01T15:32:19;
Sending: p2019-03-01T15:32:20;
Sending: p2019-03-01T15:32:22;
Sending: p2019-03-01T15:32:23;
Sending: p2019-03-01T15:32:24;
Sending: p2019-03-01T15:32:25;
Sending: p2019-03-01T15:32:26;
Sending: p2019-03-01T15:32:27;
Sending: p2019-03-01T15:32:28;
Sending: p2019-03-01T15:32:29;
Sending: p2019-03-01T15:32:30;
Sending: p2019-03-01T15:32:31;
Sending: p2019-03-01T15:32:32;
Sending: p2019-03-01T15:32:33;
Sending: p2019-03-01T15:32:34;
Sending: p2019-03-01T15:32:35;
Sending: p2019-03-01T15:32:36;
Sending: p2019-03-01T15:32:37;
Sending: p2019-03-01T15:32:38;
Sending: p2019-03-01T15:32:39;
Sending: p2019-03-01T15:32:40;
Sending: p2019-03-01T15:32:41;
Sending: p2019-03-01T15:32:42;
Sending: p2019-03-01T15:32:43;
Sending: p2019-03-01T15:32:45;
Sending: p2019-03-01T15:32:46;
Sending: p2019-03-01T15:32:47;
Sending: p2019-03-01T15:32:48;
Sending: p2019-03-01T15:32:49;
Sending: p2019-03-01T15:32:50;
Sending: p2019-03-01T15:32:51;
Sending: p2019-03-01T15:32:52;
Sending: p2019-03-01T15:32:53;
Sending: p2019-03-01T15:32:54;
Sending: p2019-03-01T15:32:55;
Sending: p2019-03-01T15:32:56;
Sending: p2019-03-01T15:32:57;
Sending: p2019-03-01T15:32:58;
