1023;65;370.47;162.34;2019-02-25T15:46:37;;;1023;370.47
1023;65;390.11;182.21;2019-02-25T15:46:38;;;;
1023;65;390.02;162.34;2019-02-25T15:46:39;;;;
1023;65;386.22;182.21;2019-02-25T15:46:40;;;;
1023;65;388.33;162.34;2019-02-25T15:46:41;;;;
1023;65;384.6;162.34;2019-02-25T15:46:42;;;;
1023;65;370.8;162.34;2019-02-25T15:46:43;;;;
1023;65;372.84;182.21;2019-02-25T15:46:44;;;;
1023;65;378.52;162.34;2019-02-25T15:46:45;;;;
1023;65;387.73;182.21;2019-02-25T15:46:46;;;1023;387.73
1014;65;384.86;162.34;2019-02-25T15:46:47;;;;
1014;65;374.99;182.21;2019-02-25T15:46:48;;;;
1014;65;382.18;162.34;2019-02-25T15:46:49;;;;
1014;65;382.18;182.21;2019-02-25T15:46:50;;;;
1014;65;378.44;162.34;2019-02-25T15:46:51;;;;
1014;65;370.88;162.34;2019-02-25T15:46:52;;;;
1014;65;368.56;162.34;2019-02-25T15:46:53;;;;
1014;65;376.56;182.21;2019-02-25T15:46:54;;;;
1014;65;370.68;162.34;2019-02-25T15:46:55;;;;
1014;65;373.87;182.21;2019-02-25T15:46:56;;;1014;373.87
1004;65;374.74;162.34;2019-02-25T15:46:57;;;;
1004;65;377.85;182.21;2019-02-25T15:46:58;;;;
1004;65;386.1;162.34;2019-02-25T15:46:59;;;;
1004;65;387.73;182.21;2019-02-25T15:47:00;;;;
1004;65;387.77;162.34;2019-02-25T15:47:01;;;;
1004;65;368.16;182.21;2019-02-25T15:47:02;;;;
1004;65;372.27;162.34;2019-02-25T15:47:03;;;;
1004;65;381.08;162.34;2019-02-25T15:47:04;;;;
1004;65;389.54;162.34;2019-02-25T15:47:05;;;;
1004;65;393.2;162.34;2019-02-25T15:47:06;;;1004;393.2
994;65;379.06;182.21;2019-02-25T15:47:07;;;;
994;65;376.69;162.34;2019-02-25T15:47:08;;;;
994;65;391.24;182.21;2019-02-25T15:47:09;;;;
994;65;400.52;162.34;2019-02-25T15:47:10;;;;
994;65;393.11;182.21;2019-02-25T15:47:11;;;;
994;65;401.77;162.34;2019-02-25T15:47:12;;;;
994;65;385.24;182.21;2019-02-25T15:47:13;;;;
994;65;385.24;162.34;2019-02-25T15:47:14;;;;
994;65;386.91;182.21;2019-02-25T15:47:15;;;;
994;65;380.62;162.34;2019-02-25T15:47:16;;;994;380.62
984;65;389.89;182.21;2019-02-25T15:47:17;;;;
984;65;392.02;162.34;2019-02-25T15:47:18;;;;
984;65;391.15;182.21;2019-02-25T15:47:19;;;;
984;65;395.62;162.34;2019-02-25T15:47:20;;;;
984;65;379.57;182.21;2019-02-25T15:47:21;;;;
984;65;376.23;162.34;2019-02-25T15:47:22;;;;
984;65;379.19;182.21;2019-02-25T15:47:23;;;;
984;65;375.56;162.34;2019-02-25T15:47:24;;;;
984;65;374.32;182.21;2019-02-25T15:47:25;;;;
984;65;386.74;162.34;2019-02-25T15:47:26;;;984;386.74
974;65;379.36;182.21;2019-02-25T15:47:27;;;;
974;65;387.6;162.34;2019-02-25T15:47:28;;;;
974;65;384.86;182.21;2019-02-25T15:47:29;;;;
974;65;372.31;162.34;2019-02-25T15:47:30;;;;
974;65;390.58;182.21;2019-02-25T15:47:31;;;;
974;65;365.19;162.34;2019-02-25T15:47:32;;;;
974;65;391.11;182.21;2019-02-25T15:47:33;;;;
974;65;382.73;162.34;2019-02-25T15:47:34;;;;
974;65;381.25;182.21;2019-02-25T15:47:35;;;;
974;65;378.31;162.34;2019-02-25T15:47:36;;;974;378.31
964;65;378.31;182.21;2019-02-25T15:47:37;;;;
964;65;367.51;162.34;2019-02-25T15:47:38;;;;
964;65;375.9;182.21;2019-02-25T15:47:39;;;;
964;65;370.72;162.34;2019-02-25T15:47:40;;;;
964;65;393.55;182.21;2019-02-25T15:47:41;;;;
964;65;376.35;162.34;2019-02-25T15:47:42;;;;
964;65;381.76;182.21;2019-02-25T15:47:43;;;;
964;65;376.31;162.34;2019-02-25T15:47:44;;;;
964;65;385.62;182.21;2019-02-25T15:47:45;;;;
964;65;400.34;162.34;2019-02-25T15:47:46;;;964;400.34
954;65;371.86;182.21;2019-02-25T15:47:47;;;;
954;65;392.63;162.34;2019-02-25T15:47:48;;;;
954;65;382.6;182.21;2019-02-25T15:47:49;;;;
954;65;381.04;162.34;2019-02-25T15:47:50;;;;
954;65;380.87;182.21;2019-02-25T15:47:51;;;;
954;65;382.56;162.34;2019-02-25T15:47:52;;;;
954;65;390.19;182.21;2019-02-25T15:47:53;;;;
954;65;385.11;162.34;2019-02-25T15:47:54;;;;
954;65;393.25;162.34;2019-02-25T15:47:55;;;;
954;65;398.86;162.34;2019-02-25T15:47:56;;;954;398.86
944;65;376.52;162.34;2019-02-25T15:47:57;;;;
944;65;379.23;182.21;2019-02-25T15:47:58;;;;
944;65;373.09;162.34;2019-02-25T15:47:59;;;;
944;65;370.76;182.21;2019-02-25T15:48:00;;;;
944;65;370.76;162.34;2019-02-25T15:48:01;;;;
944;65;392.68;182.21;2019-02-25T15:48:02;;;;
944;65;373.46;162.34;2019-02-25T15:48:03;;;;
944;65;370.15;182.21;2019-02-25T15:48:04;;;;
944;65;382.01;162.34;2019-02-25T15:48:05;;;;
944;65;398.19;182.21;2019-02-25T15:48:06;;;944;398.19
934;65;384.86;162.34;2019-02-25T15:48:07;;;;
934;65;384.77;182.21;2019-02-25T15:48:08;;;;
934;65;386.22;162.34;2019-02-25T15:48:09;;;;
934;65;380.66;182.21;2019-02-25T15:48:10;;;;
934;65;384.86;162.34;2019-02-25T15:48:11;;;;
934;65;372.8;182.21;2019-02-25T15:48:12;;;;
934;65;386.44;162.34;2019-02-25T15:48:13;;;;
934;65;376.1;182.21;2019-02-25T15:48:14;;;;
934;65;381.71;162.34;2019-02-25T15:48:15;;;;
934;65;395.84;182.21;2019-02-25T15:48:16;;;934;395.84
924;65;387.38;162.34;2019-02-25T15:48:17;;;;
924;65;394.74;182.21;2019-02-25T15:48:18;;;;
924;65;382.18;162.34;2019-02-25T15:48:19;;;;
924;65;389.02;182.21;2019-02-25T15:48:20;;;;
924;65;382.22;162.34;2019-02-25T15:48:21;;;;
924;65;393.07;182.21;2019-02-25T15:48:22;;;;
924;65;393.77;162.34;2019-02-25T15:48:23;;;;
924;65;376.68;182.21;2019-02-25T15:48:24;;;;
924;65;376.68;162.34;2019-02-25T15:48:25;;;;
924;65;378.98;162.34;2019-02-25T15:48:26;;;924;378.98
914;65;375.19;182.21;2019-02-25T15:48:27;;;;
914;65;402.9;162.34;2019-02-25T15:48:28;;;;
914;65;383.32;182.21;2019-02-25T15:48:29;;;;
914;65;380.87;162.34;2019-02-25T15:48:30;;;;
914;65;383.92;182.21;2019-02-25T15:48:31;;;;
914;65;374.9;162.34;2019-02-25T15:48:32;;;;
914;65;378.69;182.21;2019-02-25T15:48:33;;;;
914;65;390.67;162.34;2019-02-25T15:48:34;;;;
914;65;394.08;182.21;2019-02-25T15:48:35;;;;
914;65;386.18;162.34;2019-02-25T15:48:36;;;914;386.18
904;65;390.63;182.21;2019-02-25T15:48:37;;;;
904;65;385.41;162.34;2019-02-25T15:48:38;;;;
904;65;400.11;182.21;2019-02-25T15:48:39;;;;
904;65;393.99;162.34;2019-02-25T15:48:40;;;;
904;65;402.04;182.21;2019-02-25T15:48:41;;;;
904;65;412.01;162.34;2019-02-25T15:48:42;;;;
904;65;407.54;182.21;2019-02-25T15:48:43;;;;
904;65;394.48;162.34;2019-02-25T15:48:44;;;;
904;65;406.85;182.21;2019-02-25T15:48:45;;;;
904;65;406.85;162.34;2019-02-25T15:48:46;;;904;406.85
894;65;399;162.34;2019-02-25T15:48:47;;;;
894;65;406.03;182.21;2019-02-25T15:48:48;;;;
894;65;394.52;162.34;2019-02-25T15:48:49;;;;
894;65;396.02;182.21;2019-02-25T15:48:50;;;;
894;65;397.26;162.34;2019-02-25T15:48:51;;;;
894;65;396.91;162.34;2019-02-25T15:48:52;;;;
894;65;406.9;182.21;2019-02-25T15:48:53;;;;
894;65;403.9;162.34;2019-02-25T15:48:54;;;;
894;65;411.04;182.21;2019-02-25T15:48:55;;;;
894;65;405.39;162.34;2019-02-25T15:48:56;;;894;405.39
884;65;416.92;182.21;2019-02-25T15:48:57;;;;
884;65;387.64;162.34;2019-02-25T15:48:58;;;;
884;65;412.66;182.21;2019-02-25T15:48:59;;;;
884;65;386.48;162.34;2019-02-25T15:49:00;;;;
884;65;404.85;182.21;2019-02-25T15:49:01;;;;
884;65;390.32;162.34;2019-02-25T15:49:02;;;;
884;65;403.76;182.21;2019-02-25T15:49:03;;;;
884;65;384.81;162.34;2019-02-25T15:49:04;;;;
884;65;391.54;162.34;2019-02-25T15:49:05;;;;
884;65;400.34;162.34;2019-02-25T15:49:06;;;884;400.34
874;65;392.5;162.34;2019-02-25T15:49:07;;;;
874;65;392.5;182.21;2019-02-25T15:49:08;;;;
874;65;399.75;162.34;2019-02-25T15:49:09;;;;
874;65;398.95;182.21;2019-02-25T15:49:10;;;;
874;65;405.03;162.34;2019-02-25T15:49:11;;;;
874;65;420.19;182.21;2019-02-25T15:49:12;;;;
874;65;415.42;162.34;2019-02-25T15:49:13;;;;
874;65;418.05;182.21;2019-02-25T15:49:14;;;;
874;65;403.04;162.34;2019-02-25T15:49:15;;;;
874;65;412.89;182.21;2019-02-25T15:49:16;;;874;412.89
864;65;420.42;162.34;2019-02-25T15:49:17;;;;
864;65;411.32;182.21;2019-02-25T15:49:18;;;;
864;65;419.52;162.34;2019-02-25T15:49:19;;;;
864;65;407.58;182.21;2019-02-25T15:49:20;;;;
864;65;409.79;162.34;2019-02-25T15:49:21;;;;
864;65;417.25;182.21;2019-02-25T15:49:22;;;;
864;65;414.06;162.34;2019-02-25T15:49:23;;;;
864;65;393.42;182.21;2019-02-25T15:49:24;;;;
864;65;417.25;162.34;2019-02-25T15:49:25;;;;
864;65;397.75;182.21;2019-02-25T15:49:26;;;864;397.75
854;65;429.68;162.34;2019-02-25T15:49:27;;;;
854;65;416.5;182.21;2019-02-25T15:49:28;;;;
854;65;405.44;162.34;2019-02-25T15:49:29;;;;
854;65;409.42;182.21;2019-02-25T15:49:30;;;;
854;65;409.42;162.34;2019-02-25T15:49:31;;;;
854;65;418.24;182.21;2019-02-25T15:49:32;;;;
854;65;426.04;162.34;2019-02-25T15:49:33;;;;
854;65;395.27;162.34;2019-02-25T15:49:34;;;;
854;65;400.56;182.21;2019-02-25T15:49:35;;;;
854;65;401.14;162.34;2019-02-25T15:49:36;;;854;401.14
844;65;409.93;182.21;2019-02-25T15:49:37;;;;
844;65;415.09;162.34;2019-02-25T15:49:38;;;;
844;65;408.92;202.09;2019-02-25T15:49:39;;;;
844;65;404.71;162.34;2019-02-25T15:49:40;;;;
844;65;405.39;182.21;2019-02-25T15:49:41;;;;
844;65;397.66;162.34;2019-02-25T15:49:42;;;;
844;65;404.62;182.21;2019-02-25T15:49:43;;;;
844;65;402.4;162.34;2019-02-25T15:49:44;;;;
844;65;426.91;182.21;2019-02-25T15:49:45;;;;
844;65;424.4;162.34;2019-02-25T15:49:46;;;844;424.4
834;65;408.87;182.21;2019-02-25T15:49:47;;;;
834;65;418.2;162.34;2019-02-25T15:49:48;;;;
834;65;409.84;182.21;2019-02-25T15:49:49;;;;
834;65;422.72;162.34;2019-02-25T15:49:50;;;;
834;65;413.22;182.21;2019-02-25T15:49:51;;;;
834;65;402.04;162.34;2019-02-25T15:49:52;;;;
834;65;402.04;182.21;2019-02-25T15:49:53;;;;
834;65;415.18;162.34;2019-02-25T15:49:54;;;;
834;65;434.51;182.21;2019-02-25T15:49:55;;;;
834;65;436.99;162.34;2019-02-25T15:49:56;;;834;436.99
824;65;430.32;182.21;2019-02-25T15:49:57;;;;
824;65;414.72;162.34;2019-02-25T15:49:58;;;;
824;65;414.06;182.21;2019-02-25T15:49:59;;;;
824;65;417.35;162.34;2019-02-25T15:50:00;;;;
824;65;426.23;182.21;2019-02-25T15:50:01;;;;
824;65;435.7;162.34;2019-02-25T15:50:02;;;;
824;65;418.48;182.21;2019-02-25T15:50:03;;;;
824;65;418.67;162.34;2019-02-25T15:50:04;;;;
824;65;413.27;182.21;2019-02-25T15:50:05;;;;
824;65;434.11;162.34;2019-02-25T15:50:06;;;824;434.11
814;65;418.86;182.21;2019-02-25T15:50:07;;;;
814;65;423.72;162.34;2019-02-25T15:50:08;;;;
814;65;438.24;182.21;2019-02-25T15:50:09;;;;
814;65;415.79;162.34;2019-02-25T15:50:10;;;;
814;65;417.3;182.21;2019-02-25T15:50:11;;;;
814;65;419.28;162.34;2019-02-25T15:50:12;;;;
814;65;427.88;182.21;2019-02-25T15:50:13;;;;
814;65;427.88;162.34;2019-02-25T15:50:14;;;;
814;65;435.65;182.21;2019-02-25T15:50:15;;;;
814;65;423.39;182.21;2019-02-25T15:50:16;;;814;423.39
804;65;426.18;162.34;2019-02-25T15:50:17;;;;
804;65;421.71;182.21;2019-02-25T15:50:19;;;;
804;65;460.43;162.34;2019-02-25T15:50:20;;;;
804;65;428.66;182.21;2019-02-25T15:50:21;;;;
804;65;425.6;162.34;2019-02-25T15:50:22;;;;
804;65;419.38;182.21;2019-02-25T15:50:22;;;;
804;65;431.99;162.34;2019-02-25T15:50:24;;;;
804;65;425.36;182.21;2019-02-25T15:50:24;;;;
804;65;439.35;162.34;2019-02-25T15:50:25;;;;
804;65;447.99;182.21;2019-02-25T15:50:27;;;804;447.99
794;65;447.93;162.34;2019-02-25T15:50:28;;;;
794;65;441.06;182.21;2019-02-25T15:50:29;;;;
794;65;427.83;162.34;2019-02-25T15:50:30;;;;
794;65;424.16;182.21;2019-02-25T15:50:31;;;;
794;65;442.62;162.34;2019-02-25T15:50:32;;;;
794;65;417.72;182.21;2019-02-25T15:50:33;;;;
794;65;460.59;162.34;2019-02-25T15:50:34;;;;
794;65;460.59;182.21;2019-02-25T15:50:35;;;;
794;65;428.56;162.34;2019-02-25T15:50:36;;;;
794;65;460.06;162.34;2019-02-25T15:50:37;;;794;460.06
784;65;442.63;182.21;2019-02-25T15:50:38;;;;
784;65;437.14;182.21;2019-02-25T15:50:39;;;;
784;65;451.08;182.21;2019-02-25T15:50:40;;;;
784;65;453.06;182.21;2019-02-25T15:50:41;;;;
784;65;440.85;162.34;2019-02-25T15:50:42;;;;
784;65;435.6;182.21;2019-02-25T15:50:43;;;;
784;65;444.15;162.34;2019-02-25T15:50:44;;;;
784;65;440.05;182.21;2019-02-25T15:50:45;;;;
784;65;450.83;162.34;2019-02-25T15:50:46;;;;
784;65;436.89;182.21;2019-02-25T15:50:47;;;784;436.89
774;65;457.52;162.34;2019-02-25T15:50:48;;;;
774;65;420.23;182.21;2019-02-25T15:50:49;;;;
774;65;437.94;162.34;2019-02-25T15:50:50;;;;
774;65;453.79;162.34;2019-02-25T15:50:51;;;;
774;65;450.72;182.21;2019-02-25T15:50:52;;;;
774;65;436;162.34;2019-02-25T15:50:53;;;;
774;65;453.58;182.21;2019-02-25T15:50:54;;;;
774;65;443.08;162.34;2019-02-25T15:50:55;;;;
774;65;456.47;182.21;2019-02-25T15:50:56;;;;
774;65;456.47;162.34;2019-02-25T15:50:57;;;774;456.47
764;65;455.63;182.21;2019-02-25T15:50:58;;;;
764;65;467.85;162.34;2019-02-25T15:50:59;;;;
764;65;457.52;182.21;2019-02-25T15:51:00;;;;
764;65;449.33;162.34;2019-02-25T15:51:01;;;;
764;65;442.57;182.21;2019-02-25T15:51:02;;;;
764;65;454.68;162.34;2019-02-25T15:51:03;;;;
764;65;473.2;182.21;2019-02-25T15:51:04;;;;
764;65;472.48;162.34;2019-02-25T15:51:05;;;;
764;65;470.62;182.21;2019-02-25T15:51:06;;;;
764;65;490.97;162.34;2019-02-25T15:51:07;;;764;490.97
754;65;461.02;162.34;2019-02-25T15:51:08;;;;
754;65;478.46;162.34;2019-02-25T15:51:09;;;;
754;65;487.54;182.21;2019-02-25T15:51:10;;;;
754;65;465.63;162.34;2019-02-25T15:51:11;;;;
754;65;456.62;182.21;2019-02-25T15:51:12;;;;
754;65;476.79;182.21;2019-02-25T15:51:13;;;;
754;65;457.73;162.34;2019-02-25T15:51:14;;;;
754;65;478.63;182.21;2019-02-25T15:51:15;;;;
754;65;477.29;162.34;2019-02-25T15:51:16;;;;
754;65;468.39;182.21;2019-02-25T15:51:17;;;754;468.39
744;65;476.79;162.34;2019-02-25T15:51:18;;;;
744;65;476.79;182.21;2019-02-25T15:51:19;;;;
744;65;508.42;162.34;2019-02-25T15:51:20;;;;
744;65;480.58;182.21;2019-02-25T15:51:21;;;;
744;65;482.44;162.34;2019-02-25T15:51:22;;;;
744;65;477.18;182.21;2019-02-25T15:51:23;;;;
744;65;456.57;162.34;2019-02-25T15:51:24;;;;
744;65;476.57;182.21;2019-02-25T15:51:25;;;;
744;65;479.8;162.34;2019-02-25T15:51:26;;;;
744;65;478.29;182.21;2019-02-25T15:51:27;;;744;478.29
734;65;481.7;162.34;2019-02-25T15:51:28;;;;
734;65;503.23;182.21;2019-02-25T15:51:29;;;;
734;65;460.7;162.34;2019-02-25T15:51:30;;;;
734;65;464.01;182.21;2019-02-25T15:51:31;;;;
734;65;468.23;162.34;2019-02-25T15:51:32;;;;
734;65;473.64;182.21;2019-02-25T15:51:33;;;;
734;65;500.22;162.34;2019-02-25T15:51:34;;;;
734;65;495.13;182.21;2019-02-25T15:51:35;;;;
734;65;471.66;162.34;2019-02-25T15:51:36;;;;
734;65;522.89;182.21;2019-02-25T15:51:37;;;734;522.89
724;65;484.52;182.21;2019-02-25T15:51:38;;;;
724;65;484.52;162.34;2019-02-25T15:51:39;;;;
724;65;505.85;182.21;2019-02-25T15:51:40;;;;
724;65;486.17;162.34;2019-02-25T15:51:41;;;;
724;65;512.89;182.21;2019-02-25T15:51:42;;;;
724;65;491.89;162.34;2019-02-25T15:51:43;;;;
724;65;477.29;182.21;2019-02-25T15:51:44;;;;
724;65;510.11;162.34;2019-02-25T15:51:45;;;;
724;65;507.58;182.21;2019-02-25T15:51:46;;;;
724;65;509.44;162.34;2019-02-25T15:51:47;;;724;509.44
714;65;513.07;182.21;2019-02-25T15:51:48;;;;
714;65;488.39;162.34;2019-02-25T15:51:49;;;;
714;65;526.63;162.34;2019-02-25T15:51:50;;;;
714;65;510.65;182.21;2019-02-25T15:51:51;;;;
714;65;494.15;162.34;2019-02-25T15:51:52;;;;
714;65;520.91;182.21;2019-02-25T15:51:53;;;;
714;65;542.26;162.34;2019-02-25T15:51:54;;;;
714;65;507.4;182.21;2019-02-25T15:51:55;;;;
714;65;481.87;162.34;2019-02-25T15:51:56;;;;
714;65;507.05;182.21;2019-02-25T15:51:57;;;714;507.05
704;65;505.97;162.34;2019-02-25T15:51:58;;;;
704;65;521.84;182.21;2019-02-25T15:51:59;;;;
704;65;520.72;182.21;2019-02-25T15:52:00;;;;
704;65;520.72;162.34;2019-02-25T15:52:01;;;;
704;65;536.71;162.34;2019-02-25T15:52:02;;;;
704;65;564.74;182.21;2019-02-25T15:52:03;;;;
704;65;533.58;162.34;2019-02-25T15:52:04;;;;
704;65;517.83;182.21;2019-02-25T15:52:05;;;;
704;65;500.16;182.21;2019-02-25T15:52:06;;;;
704;65;524.07;162.34;2019-02-25T15:52:07;;;704;524.07
694;65;519.8;182.21;2019-02-25T15:52:08;;;;
694;65;552.03;162.34;2019-02-25T15:52:09;;;;
694;65;564.88;182.21;2019-02-25T15:52:10;;;;
694;65;569.47;162.34;2019-02-25T15:52:11;;;;
694;65;541.15;182.21;2019-02-25T15:52:12;;;;
694;65;530.47;162.34;2019-02-25T15:52:13;;;;
694;65;539.28;182.21;2019-02-25T15:52:14;;;;
694;65;550.84;162.34;2019-02-25T15:52:15;;;;
694;65;535.56;182.21;2019-02-25T15:52:16;;;;
694;65;569.06;162.34;2019-02-25T15:52:17;;;694;569.06
684;65;510.77;182.21;2019-02-25T15:52:18;;;;
684;65;531.55;162.34;2019-02-25T15:52:19;;;;
684;65;575.36;182.21;2019-02-25T15:52:20;;;;
684;65;536.84;162.34;2019-02-25T15:52:21;;;;
684;65;542.45;182.21;2019-02-25T15:52:22;;;;
684;65;609;162.34;2019-02-25T15:52:23;;;;
684;65;595.8;182.21;2019-02-25T15:52:24;;;;
684;65;595.8;162.34;2019-02-25T15:52:25;;;;
684;65;593.05;182.21;2019-02-25T15:52:26;;;;
684;65;590.45;162.34;2019-02-25T15:52:27;;;684;590.45
674;65;579.21;182.21;2019-02-25T15:52:28;;;;
674;65;594.28;162.34;2019-02-25T15:52:29;;;;
674;65;606.84;182.21;2019-02-25T15:52:30;;;;
674;65;557.64;162.34;2019-02-25T15:52:31;;;;
674;65;599.45;182.21;2019-02-25T15:52:32;;;;
674;65;564.88;162.34;2019-02-25T15:52:33;;;;
674;65;562.5;182.21;2019-02-25T15:52:34;;;;
674;65;603.57;162.34;2019-02-25T15:52:35;;;;
674;65;570.85;182.21;2019-02-25T15:52:36;;;;
674;65;603.72;162.34;2019-02-25T15:52:37;;;674;603.72
664;65;600.78;182.21;2019-02-25T15:52:38;;;;
664;65;605.95;162.34;2019-02-25T15:52:39;;;;
664;65;611.55;182.21;2019-02-25T15:52:40;;;;
664;65;602.98;162.34;2019-02-25T15:52:41;;;;
664;65;612.3;182.21;2019-02-25T15:52:42;;;;
664;65;590.38;162.34;2019-02-25T15:52:43;;;;
664;65;591.1;182.21;2019-02-25T15:52:44;;;;
664;65;618.2;162.34;2019-02-25T15:52:45;;;;
664;65;618.2;182.21;2019-02-25T15:52:46;;;;
654;65;615.69;162.34;2019-02-25T15:52:47;;;654;615.69
654;65;625.78;182.21;2019-02-25T15:52:48;;;;
654;65;630.67;162.34;2019-02-25T15:52:49;;;;
654;65;594.42;182.21;2019-02-25T15:52:50;;;;
654;65;606.39;162.34;2019-02-25T15:52:51;;;;
654;65;616.98;182.21;2019-02-25T15:52:52;;;;
654;65;597.04;162.34;2019-02-25T15:52:53;;;;
654;65;615.77;182.21;2019-02-25T15:52:54;;;;
654;65;644.57;162.34;2019-02-25T15:52:55;;;;
654;65;631.76;182.21;2019-02-25T15:52:56;;;;
644;65;643.13;162.34;2019-02-25T15:52:57;;;644;643.13
644;65;642.17;182.21;2019-02-25T15:52:58;;;;
644;65;686.47;162.34;2019-02-25T15:52:59;;;;
644;65;616.6;182.21;2019-02-25T15:53:00;;;;
644;65;597.84;162.34;2019-02-25T15:53:01;;;;
644;65;679.43;182.21;2019-02-25T15:53:02;;;;
644;65;679.43;162.34;2019-02-25T15:53:03;;;;
644;65;690.11;182.21;2019-02-25T15:53:04;;;;
644;65;668.71;162.34;2019-02-25T15:53:05;;;;
644;65;679.01;182.21;2019-02-25T15:53:06;;;;
634;65;679.01;162.34;2019-02-25T15:53:07;;;634;679.01
634;65;689.5;182.21;2019-02-25T15:53:08;;;;
634;65;662.38;162.34;2019-02-25T15:53:09;;;;
634;65;678.07;182.21;2019-02-25T15:53:10;;;;
634;65;716.79;162.34;2019-02-25T15:53:11;;;;
634;65;710.73;182.21;2019-02-25T15:53:12;;;;
634;65;742.27;182.21;2019-02-25T15:53:13;;;;
634;65;734.72;162.34;2019-02-25T15:53:14;;;;
634;65;719.99;162.34;2019-02-25T15:53:15;;;;
634;65;688.98;182.21;2019-02-25T15:53:16;;;;
624;65;673.92;182.21;2019-02-25T15:53:17;;;624;673.92
624;65;755.9;162.34;2019-02-25T15:53:18;;;;
624;65;765.39;182.21;2019-02-25T15:53:19;;;;
624;65;775.12;162.34;2019-02-25T15:53:20;;;;
624;65;781.87;182.21;2019-02-25T15:53:21;;;;
624;65;795.36;162.34;2019-02-25T15:53:22;;;;
624;65;719.17;182.21;2019-02-25T15:53:23;;;;
624;65;711.72;162.34;2019-02-25T15:53:24;;;;
624;65;731.07;182.21;2019-02-25T15:53:25;;;;
624;65;720.45;182.21;2019-02-25T15:53:26;;;;
614;65;798.78;162.34;2019-02-25T15:53:27;;;614;798.78
614;65;798.78;182.21;2019-02-25T15:53:28;;;;
614;65;780.65;162.34;2019-02-25T15:53:29;;;;
614;65;820.73;182.21;2019-02-25T15:53:30;;;;
614;65;824.61;162.34;2019-02-25T15:53:31;;;;
614;65;805.88;182.21;2019-02-25T15:53:32;;;;
614;65;775.22;162.34;2019-02-25T15:53:33;;;;
614;65;756.19;182.21;2019-02-25T15:53:34;;;;
614;65;830.57;162.34;2019-02-25T15:53:35;;;;
614;65;786.74;182.21;2019-02-25T15:53:36;;;;
604;65;809.45;162.34;2019-02-25T15:53:37;;;604;809.45
604;65;818.16;182.21;2019-02-25T15:53:38;;;;
604;65;820.2;182.21;2019-02-25T15:53:39;;;;
604;65;782.67;162.34;2019-02-25T15:53:40;;;;
604;65;864.85;182.21;2019-02-25T15:53:41;;;;
604;65;871.87;162.34;2019-02-25T15:53:42;;;;
604;65;863.59;182.21;2019-02-25T15:53:43;;;;
604;65;809.24;162.34;2019-02-25T15:53:44;;;;
604;65;820.09;182.21;2019-02-25T15:53:45;;;;
604;65;893.46;162.34;2019-02-25T15:53:46;;;;
594;65;947.95;182.21;2019-02-25T15:53:47;;;594;947.95
594;65;949.11;182.21;2019-02-25T15:53:48;;;;
594;65;952.32;162.34;2019-02-25T15:53:49;;;;
594;65;952.32;162.34;2019-02-25T15:53:50;;;;
594;65;913.02;182.21;2019-02-25T15:53:51;;;;
594;65;987.26;162.34;2019-02-25T15:53:52;;;;
594;65;1040.91;182.21;2019-02-25T15:53:53;;;;
594;65;892.5;162.34;2019-02-25T15:53:54;;;;
594;65;979.21;182.21;2019-02-25T15:53:55;;;;
594;65;973.49;162.34;2019-02-25T15:53:56;;;;
584;65;985.1;202.09;2019-02-25T15:53:57;;;584;985.1
584;65;966.5;182.21;2019-02-25T15:53:58;;;;
584;65;990.23;162.34;2019-02-25T15:53:59;;;;
584;65;913.99;182.21;2019-02-25T15:54:00;;;;
584;65;1002.91;162.34;2019-02-25T15:54:01;;;;
584;65;977.48;182.21;2019-02-25T15:54:02;;;;
584;65;990.63;162.34;2019-02-25T15:54:03;;;;
584;65;1003.46;182.21;2019-02-25T15:54:04;;;;
584;65;1016.92;182.21;2019-02-25T15:54:05;;;;
584;65;1058.23;162.34;2019-02-25T15:54:06;;;;
574;65;1099.04;182.21;2019-02-25T15:54:07;;;574;1099.04
574;65;1004.7;162.34;2019-02-25T15:54:08;;;;
574;65;1081.94;182.21;2019-02-25T15:54:09;;;;
574;65;1131.41;162.34;2019-02-25T15:54:10;;;;
574;65;1076.21;182.21;2019-02-25T15:54:11;;;;
574;65;1076.21;162.34;2019-02-25T15:54:12;;;;
574;65;1073.66;182.21;2019-02-25T15:54:13;;;;
574;65;1078.16;182.21;2019-02-25T15:54:14;;;;
574;65;1050.61;162.34;2019-02-25T15:54:15;;;;
574;65;1081.48;182.21;2019-02-25T15:54:16;;;;
564;65;1107.1;162.34;2019-02-25T15:54:17;;;564;1107.1
564;65;1116.02;182.21;2019-02-25T15:54:18;;;;
564;65;1096.27;182.21;2019-02-25T15:54:19;;;;
564;65;1215.51;162.34;2019-02-25T15:54:20;;;;
564;65;1091.98;182.21;2019-02-25T15:54:21;;;;
564;65;1130.44;162.34;2019-02-25T15:54:22;;;;
564;65;1136.38;182.21;2019-02-25T15:54:23;;;;
564;65;1116.17;162.34;2019-02-25T15:54:24;;;;
564;65;1055.88;182.21;2019-02-25T15:54:25;;;;
564;65;1049.89;182.21;2019-02-25T15:54:26;;;;
554;65;1153.27;162.34;2019-02-25T15:54:27;;;554;1153.27
554;65;1087.7;202.09;2019-02-25T15:54:28;;;;
554;65;1230.35;182.21;2019-02-25T15:54:29;;;;
554;65;1026.77;162.34;2019-02-25T15:54:30;;;;
554;65;1003.19;182.21;2019-02-25T15:54:31;;;;
554;65;1118.54;162.34;2019-02-25T15:54:32;;;;
554;65;1059.55;182.21;2019-02-25T15:54:33;;;;
554;65;1059.55;182.21;2019-02-25T15:54:34;;;;
554;65;1146.25;162.34;2019-02-25T15:54:35;;;;
554;65;1068.58;182.21;2019-02-25T15:54:36;;;;
544;65;1202.62;162.34;2019-02-25T15:54:37;;;544;1202.62
544;65;1111.62;182.21;2019-02-25T15:54:38;;;;
544;65;1122.8;182.21;2019-02-25T15:54:39;;;;
544;65;1188.03;162.34;2019-02-25T15:54:40;;;;
544;65;1214.11;182.21;2019-02-25T15:54:41;;;;
544;65;1199.34;162.34;2019-02-25T15:54:42;;;;
544;65;1211.66;182.21;2019-02-25T15:54:43;;;;
544;65;1167.98;162.34;2019-02-25T15:54:44;;;;
544;65;1128.69;182.21;2019-02-25T15:54:45;;;;
544;65;1071.42;182.21;2019-02-25T15:54:46;;;;
534;65;1222.55;162.34;2019-02-25T15:54:47;;;534;1222.55
534;65;1176.69;182.21;2019-02-25T15:54:48;;;;
534;65;1286.46;162.34;2019-02-25T15:54:49;;;;
534;65;1319.85;182.21;2019-02-25T15:54:50;;;;
534;65;1054.7;162.34;2019-02-25T15:54:51;;;;
534;65;1088.01;182.21;2019-02-25T15:54:52;;;;
534;65;1233.92;162.34;2019-02-25T15:54:53;;;;
534;65;1172.66;182.21;2019-02-25T15:54:54;;;;
534;65;1203.14;182.21;2019-02-25T15:54:55;;;;
534;65;1203.14;182.21;2019-02-25T15:54:56;;;;
524;65;1320.24;162.34;2019-02-25T15:54:57;;;524;1320.24
524;65;1002.36;182.21;2019-02-25T15:54:58;;;;
524;65;1220.26;162.34;2019-02-25T15:54:59;;;;
524;65;1094.73;182.21;2019-02-25T15:55:00;;;;
524;65;1020.28;162.34;2019-02-25T15:55:01;;;;
524;65;1092.43;182.21;2019-02-25T15:55:02;;;;
524;65;1108.5;182.21;2019-02-25T15:55:03;;;;
524;65;1076.51;162.34;2019-02-25T15:55:04;;;;
524;65;1073.21;182.21;2019-02-25T15:55:05;;;;
524;65;1101.67;162.34;2019-02-25T15:55:06;;;;
514;65;1126.3;182.21;2019-02-25T15:55:07;;;514;1126.3
514;65;1321.02;162.34;2019-02-25T15:55:08;;;;
514;65;1151.14;182.21;2019-02-25T15:55:09;;;;
514;65;1140.09;182.21;2019-02-25T15:55:10;;;;
514;65;1164.32;162.34;2019-02-25T15:55:11;;;;
514;65;1259.66;182.21;2019-02-25T15:55:12;;;;
514;65;1197.1;162.34;2019-02-25T15:55:13;;;;
514;65;1189.56;182.21;2019-02-25T15:55:14;;;;
514;65;1255.26;162.34;2019-02-25T15:55:15;;;;
514;65;1255.26;182.21;2019-02-25T15:55:16;;;;
504;65;1108.66;182.21;2019-02-25T15:55:17;;;504;1108.66
504;65;1133.01;162.34;2019-02-25T15:55:18;;;;
504;65;1102.9;182.21;2019-02-25T15:55:19;;;;
504;65;1171.49;162.34;2019-02-25T15:55:20;;;;
504;65;1080.73;182.21;2019-02-25T15:55:21;;;;
504;65;1159.19;182.21;2019-02-25T15:55:22;;;;
504;65;1156.56;162.34;2019-02-25T15:55:23;;;;
504;65;1148.53;182.21;2019-02-25T15:55:24;;;;
504;65;1247.79;162.34;2019-02-25T15:55:25;;;;
504;65;1070.82;182.21;2019-02-25T15:55:26;;;;
494;65;1130.13;162.34;2019-02-25T15:55:27;;;494;1130.13
494;65;1017.2;182.21;2019-02-25T15:55:28;;;;
494;65;1037.46;182.21;2019-02-25T15:55:29;;;;
494;65;1218.85;162.34;2019-02-25T15:55:30;;;;
494;65;1329.26;182.21;2019-02-25T15:55:31;;;;
494;65;1106.63;162.34;2019-02-25T15:55:32;;;;
494;65;1308.21;182.21;2019-02-25T15:55:33;;;;
494;65;1371.68;162.34;2019-02-25T15:55:34;;;;
494;65;1292.33;182.21;2019-02-25T15:55:35;;;;
494;65;1162.5;162.34;2019-02-25T15:55:36;;;;
484;65;1162.5;182.21;2019-02-25T15:55:37;;;484;1162.5
484;65;1267.03;162.34;2019-02-25T15:55:38;;;;
484;65;1291.57;182.21;2019-02-25T15:55:39;;;;
484;65;1175.68;162.34;2019-02-25T15:55:40;;;;
484;65;1137.18;182.21;2019-02-25T15:55:41;;;;
484;65;1243.99;182.21;2019-02-25T15:55:42;;;;
484;65;1155.73;162.34;2019-02-25T15:55:43;;;;
484;65;1190.59;182.21;2019-02-25T15:55:44;;;;
484;65;1264.26;162.34;2019-02-25T15:55:45;;;;
484;65;1159.69;182.21;2019-02-25T15:55:46;;;;
474;65;1174.34;162.34;2019-02-25T15:55:47;;;474;1174.34
474;65;1279.5;182.21;2019-02-25T15:55:48;;;;
474;65;1118.69;162.34;2019-02-25T15:55:49;;;;
474;65;1275.02;182.21;2019-02-25T15:55:50;;;;
474;65;1241.82;182.21;2019-02-25T15:55:51;;;;
474;65;1274.27;162.34;2019-02-25T15:55:52;;;;
474;65;1262.23;182.21;2019-02-25T15:55:53;;;;
474;65;1198.65;162.34;2019-02-25T15:55:54;;;;
474;65;1088.01;182.21;2019-02-25T15:55:55;;;;
474;65;1190.42;162.34;2019-02-25T15:55:56;;;;
464;65;1030.46;182.21;2019-02-25T15:55:57;;;464;1030.46
464;65;1030.46;162.34;2019-02-25T15:55:58;;;;
464;65;1121.38;182.21;2019-02-25T15:55:59;;;;
464;65;1073.96;162.34;2019-02-25T15:56:00;;;;
464;65;1058.37;182.21;2019-02-25T15:56:01;;;;
464;65;1052.07;182.21;2019-02-25T15:56:02;;;;
464;65;1106.17;162.34;2019-02-25T15:56:03;;;;
464;65;1139.92;182.21;2019-02-25T15:56:04;;;;
464;65;1052.8;162.34;2019-02-25T15:56:05;;;;
464;65;1191.44;182.21;2019-02-25T15:56:06;;;;
454;65;1251.25;162.34;2019-02-25T15:56:07;;;454;1251.25
454;65;1129.65;182.21;2019-02-25T15:56:08;;;;
454;65;1223.08;182.21;2019-02-25T15:56:09;;;;
454;65;1106.01;162.34;2019-02-25T15:56:10;;;;
454;65;1168.82;182.21;2019-02-25T15:56:11;;;;
454;65;1244.71;162.34;2019-02-25T15:56:12;;;;
454;65;1166.65;182.21;2019-02-25T15:56:13;;;;
454;65;1236.79;162.34;2019-02-25T15:56:14;;;;
454;65;1169.65;182.21;2019-02-25T15:56:15;;;;
454;65;1088.16;182.21;2019-02-25T15:56:16;;;;
444;65;1030.89;162.34;2019-02-25T15:56:17;;;444;1030.89
444;65;1099.35;182.21;2019-02-25T15:56:18;;;;
444;65;1099.35;162.34;2019-02-25T15:56:19;;;;
444;65;1122.33;182.21;2019-02-25T15:56:20;;;;
444;65;1151.31;162.34;2019-02-25T15:56:21;;;;
444;65;1122.96;182.21;2019-02-25T15:56:22;;;;
444;65;1081.18;182.21;2019-02-25T15:56:23;;;;
444;65;1119.01;162.34;2019-02-25T15:56:24;;;;
444;65;1086.03;182.21;2019-02-25T15:56:25;;;;
444;65;1115.86;162.34;2019-02-25T15:56:26;;;;
434;65;1110.53;182.21;2019-02-25T15:56:27;;;434;1110.53
434;65;1152.78;162.34;2019-02-25T15:56:28;;;;
434;65;1102.44;182.21;2019-02-25T15:56:29;;;;
434;65;1187.52;182.21;2019-02-25T15:56:30;;;;
434;65;1121.38;162.34;2019-02-25T15:56:31;;;;
434;65;1205.74;182.21;2019-02-25T15:56:32;;;;
434;65;1145.76;162.34;2019-02-25T15:56:33;;;;
434;65;1128.85;182.21;2019-02-25T15:56:34;;;;
434;65;1249.24;162.34;2019-02-25T15:56:35;;;;
434;65;1224.14;182.21;2019-02-25T15:56:36;;;;
424;65;1122.49;162.34;2019-02-25T15:56:37;;;424;1122.49
424;65;1288.35;182.21;2019-02-25T15:56:38;;;;
424;65;1267.58;182.21;2019-02-25T15:56:39;;;;
424;65;1267.58;162.34;2019-02-25T15:56:40;;;;
424;65;1124.23;182.21;2019-02-25T15:56:41;;;;
424;65;1100.43;162.34;2019-02-25T15:56:42;;;;
424;65;1133;182.21;2019-02-25T15:56:43;;;;
424;65;1165.15;162.34;2019-02-25T15:56:44;;;;
424;65;1176.52;182.21;2019-02-25T15:56:45;;;;
424;65;1061.17;162.34;2019-02-25T15:56:46;;;;
414;65;1154.25;182.21;2019-02-25T15:56:47;;;414;1154.25
414;65;1245.98;182.21;2019-02-25T15:56:48;;;;
414;65;1150.81;162.34;2019-02-25T15:56:49;;;;
414;65;1156.89;182.21;2019-02-25T15:56:50;;;;
414;65;1292.9;162.34;2019-02-25T15:56:51;;;;
414;65;1113.97;182.21;2019-02-25T15:56:52;;;;
414;65;1107.72;162.34;2019-02-25T15:56:53;;;;
414;65;1073.21;182.21;2019-02-25T15:56:54;;;;
414;65;1084.97;182.21;2019-02-25T15:56:55;;;;
414;65;1165.82;162.34;2019-02-25T15:56:56;;;;
404;65;1204;182.21;2019-02-25T15:56:57;;;404;1204
404;65;1094.12;162.34;2019-02-25T15:56:58;;;;
404;65;1087.09;182.21;2019-02-25T15:56:59;;;;
404;65;1219.37;162.34;2019-02-25T15:57:00;;;;
404;65;1064.42;182.21;2019-02-25T15:57:01;;;;
404;65;1064.42;162.34;2019-02-25T15:57:02;;;;
404;65;1138.63;182.21;2019-02-25T15:57:03;;;;
404;65;1103.37;182.21;2019-02-25T15:57:04;;;;
404;65;1173;162.34;2019-02-25T15:57:05;;;;
404;65;956.07;182.21;2019-02-25T15:57:06;;;;
394;65;1137.67;162.34;2019-02-25T15:57:07;;;394;1137.67
394;65;1094.58;182.21;2019-02-25T15:57:08;;;;
394;65;1160.84;162.34;2019-02-25T15:57:09;;;;
394;65;1043.79;182.21;2019-02-25T15:57:10;;;;
394;65;1088.16;182.21;2019-02-25T15:57:11;;;;
394;65;1049.74;162.34;2019-02-25T15:57:12;;;;
394;65;1192.3;182.21;2019-02-25T15:57:13;;;;
394;65;1112.56;162.34;2019-02-25T15:57:14;;;;
394;65;1225.73;182.21;2019-02-25T15:57:15;;;;
394;65;1210.78;162.34;2019-02-25T15:57:16;;;;
384;65;1238.41;182.21;2019-02-25T15:57:17;;;384;1238.41
384;65;1150.65;162.34;2019-02-25T15:57:18;;;;
384;65;1140.41;182.21;2019-02-25T15:57:19;;;;
384;65;1170.82;162.34;2019-02-25T15:57:20;;;;
384;65;1134.77;182.21;2019-02-25T15:57:21;;;;
384;65;1192.12;182.21;2019-02-25T15:57:22;;;;
384;65;1192.12;162.34;2019-02-25T15:57:23;;;;
384;65;1253.07;182.21;2019-02-25T15:57:24;;;;
384;65;1250.34;162.34;2019-02-25T15:57:25;;;;
384;65;1051.49;182.21;2019-02-25T15:57:26;;;;
374;65;1057.64;162.34;2019-02-25T15:57:27;;;374;1057.64
374;65;1127.73;182.21;2019-02-25T15:57:28;;;;
374;65;1236.43;162.34;2019-02-25T15:57:29;;;;
374;65;1110.69;182.21;2019-02-25T15:57:30;;;;
374;65;1046.98;162.34;2019-02-25T15:57:31;;;;
374;65;1094.43;182.21;2019-02-25T15:57:32;;;;
374;65;1256.17;182.21;2019-02-25T15:57:33;;;;
374;65;1094.73;162.34;2019-02-25T15:57:34;;;;
374;65;1194.01;182.21;2019-02-25T15:57:35;;;;
374;65;1182.09;162.34;2019-02-25T15:57:36;;;;
364;65;1098.42;182.21;2019-02-25T15:57:37;;;364;1098.42
364;65;1123.6;162.34;2019-02-25T15:57:38;;;;
364;65;1111.31;182.21;2019-02-25T15:57:39;;;;
364;65;1233.75;162.34;2019-02-25T15:57:40;;;;
364;65;1260.94;182.21;2019-02-25T15:57:41;;;;
364;65;1275.76;182.21;2019-02-25T15:57:42;;;;
364;65;1265.37;162.34;2019-02-25T15:57:43;;;;
364;65;1265.37;182.21;2019-02-25T15:57:44;;;;
364;65;1139.44;162.34;2019-02-25T15:57:45;;;;
364;65;1177.03;182.21;2019-02-25T15:57:46;;;;
354;65;1257.64;162.34;2019-02-25T15:57:47;;;354;1257.64
354;65;1333.8;182.21;2019-02-25T15:57:48;;;;
354;65;1153.27;182.21;2019-02-25T15:57:49;;;;
354;65;1176.35;162.34;2019-02-25T15:57:50;;;;
354;65;1290.81;182.21;2019-02-25T15:57:51;;;;
354;65;1236.07;162.34;2019-02-25T15:57:52;;;;
354;65;1087.85;182.21;2019-02-25T15:57:53;;;;
354;65;1124.39;162.34;2019-02-25T15:57:54;;;;
354;65;1240.38;182.21;2019-02-25T15:57:55;;;;
354;65;1146.74;162.34;2019-02-25T15:57:56;;;;
344;65;1113.5;182.21;2019-02-25T15:57:57;;;344;1113.5
344;65;1110.37;182.21;2019-02-25T15:57:58;;;;
344;65;1120.27;162.34;2019-02-25T15:57:59;;;;
344;65;1109.12;182.21;2019-02-25T15:58:00;;;;
344;65;1263.15;162.34;2019-02-25T15:58:01;;;;
344;65;1101.98;182.21;2019-02-25T15:58:02;;;;
344;65;1104.92;162.34;2019-02-25T15:58:03;;;;
344;65;1104.92;182.21;2019-02-25T15:58:04;;;;
344;65;1142.19;162.34;2019-02-25T15:58:05;;;;
344;65;1103.37;182.21;2019-02-25T15:58:06;;;;
334;65;1206.09;162.34;2019-02-25T15:58:07;;;334;1206.09
334;65;1064.13;182.21;2019-02-25T15:58:08;;;;
334;65;1191.61;162.34;2019-02-25T15:58:09;;;;
334;65;1121.54;182.21;2019-02-25T15:58:10;;;;
334;65;1114.29;182.21;2019-02-25T15:58:11;;;;
334;65;1216.56;162.34;2019-02-25T15:58:12;;;;
334;65;1210.44;182.21;2019-02-25T15:58:13;;;;
334;65;1215.16;162.34;2019-02-25T15:58:14;;;;
334;65;1308.4;182.21;2019-02-25T15:58:15;;;;
334;65;1092.89;162.34;2019-02-25T15:58:16;;;;
324;65;1210.79;182.21;2019-02-25T15:58:17;;;324;1210.79
324;65;1259.47;162.34;2019-02-25T15:58:18;;;;
324;65;1275.76;182.21;2019-02-25T15:58:19;;;;
324;65;1214.1;162.34;2019-02-25T15:58:20;;;;
324;65;1219.73;182.21;2019-02-25T15:58:21;;;;
324;65;1237.33;182.21;2019-02-25T15:58:22;;;;
324;65;1275.39;162.34;2019-02-25T15:58:23;;;;
324;65;1213.41;182.21;2019-02-25T15:58:24;;;;
324;65;1306.28;162.34;2019-02-25T15:58:25;;;;
324;65;1306.28;182.21;2019-02-25T15:58:26;;;;
314;65;1298.04;162.34;2019-02-25T15:58:27;;;314;1298.04
314;65;1216.74;182.21;2019-02-25T15:58:28;;;;
314;65;1168.48;182.21;2019-02-25T15:58:29;;;;
314;65;1144.62;162.34;2019-02-25T15:58:30;;;;
314;65;1124.39;182.21;2019-02-25T15:58:31;;;;
314;65;1150.49;162.34;2019-02-25T15:58:32;;;;
314;65;1077.26;182.21;2019-02-25T15:58:33;;;;
314;65;1151.31;162.34;2019-02-25T15:58:34;;;;
314;65;1183.27;182.21;2019-02-25T15:58:35;;;;
314;65;1244.89;162.34;2019-02-25T15:58:36;;;;
304;65;1117.43;182.21;2019-02-25T15:58:37;;;304;1117.43
304;65;1077.71;182.21;2019-02-25T15:58:38;;;;
304;65;1260.76;162.34;2019-02-25T15:58:39;;;;
304;65;1327.49;182.21;2019-02-25T15:58:40;;;;
304;65;1253.07;162.34;2019-02-25T15:58:41;;;;
304;65;1114.29;182.21;2019-02-25T15:58:42;;;;
304;65;1324.74;162.34;2019-02-25T15:58:43;;;;
304;65;1108.5;182.21;2019-02-25T15:58:44;;;;
304;65;1290.43;182.21;2019-02-25T15:58:45;;;;
304;65;1141.06;162.34;2019-02-25T15:58:46;;;;
294;65;1141.06;182.21;2019-02-25T15:58:47;;;294;1141.06
294;65;1223.26;162.34;2019-02-25T15:58:48;;;;
294;65;1150.16;182.21;2019-02-25T15:58:49;;;;
294;65;1124.39;162.34;2019-02-25T15:58:50;;;;
294;65;1165.32;182.21;2019-02-25T15:58:51;;;;
294;65;1139.6;162.34;2019-02-25T15:58:52;;;;
294;65;1040.33;182.21;2019-02-25T15:58:53;;;;
294;65;1198.99;182.21;2019-02-25T15:58:54;;;;
294;65;1265;162.34;2019-02-25T15:58:55;;;;
294;65;1261.86;182.21;2019-02-25T15:58:56;;;;
284;65;1175.85;162.34;2019-02-25T15:58:57;;;284;1175.85
284;65;1131.56;182.21;2019-02-25T15:58:58;;;;
284;65;1182.93;162.34;2019-02-25T15:58:59;;;;
284;65;1040.33;182.21;2019-02-25T15:59:00;;;;
284;65;1033.74;162.34;2019-02-25T15:59:01;;;;
284;65;1194.69;182.21;2019-02-25T15:59:02;;;;
284;65;1049.74;162.34;2019-02-25T15:59:03;;;;
284;65;1071.72;182.21;2019-02-25T15:59:04;;;;
284;65;1100.27;182.21;2019-02-25T15:59:05;;;;
284;65;1219.38;162.34;2019-02-25T15:59:06;;;;
274;65;1006.63;182.21;2019-02-25T15:59:07;;;274;1006.63
274;65;1006.63;162.34;2019-02-25T15:59:08;;;;
274;65;1276.88;182.21;2019-02-25T15:59:09;;;;
274;65;1313.43;162.34;2019-02-25T15:59:10;;;;
274;65;1133.81;182.21;2019-02-25T15:59:11;;;;
274;65;1197.96;162.34;2019-02-25T15:59:12;;;;
274;65;1216.74;182.21;2019-02-25T15:59:13;;;;
274;65;1181.92;162.34;2019-02-25T15:59:14;;;;
274;65;1240.38;182.21;2019-02-25T15:59:15;;;;
274;65;1216.39;182.21;2019-02-25T15:59:16;;;;
264;65;1166.15;162.34;2019-02-25T15:59:17;;;264;1166.15
264;65;1146.74;182.21;2019-02-25T15:59:18;;;;
264;65;1090.75;162.34;2019-02-25T15:59:19;;;;
264;65;1216.56;182.21;2019-02-25T15:59:20;;;;
264;65;1257.82;162.34;2019-02-25T15:59:21;;;;
264;65;1240.2;182.21;2019-02-25T15:59:22;;;;
264;65;1140.41;162.34;2019-02-25T15:59:23;;;;
264;65;1096.42;182.21;2019-02-25T15:59:24;;;;
264;65;1151.8;162.34;2019-02-25T15:59:25;;;;
264;65;1125.82;182.21;2019-02-25T15:59:26;;;;
254;65;1068.14;162.34;2019-02-25T15:59:27;;;254;1068.14
254;65;1190.93;182.21;2019-02-25T15:59:28;;;;
254;65;1173.16;182.21;2019-02-25T15:59:29;;;;
254;65;1173.16;162.34;2019-02-25T15:59:30;;;;
254;65;1089.38;182.21;2019-02-25T15:59:31;;;;
254;65;1072.16;162.34;2019-02-25T15:59:32;;;;
254;65;1214.81;182.21;2019-02-25T15:59:33;;;;
254;65;1081.33;162.34;2019-02-25T15:59:34;;;;
254;65;1165.15;182.21;2019-02-25T15:59:35;;;;
254;65;1119.8;182.21;2019-02-25T15:59:36;;;;
244;65;1244.35;162.34;2019-02-25T15:59:37;;;244;1244.35
244;65;1165.82;182.21;2019-02-25T15:59:38;;;;
244;65;1103.52;162.34;2019-02-25T15:59:39;;;;
244;65;1182.6;182.21;2019-02-25T15:59:40;;;;
244;65;1188.37;162.34;2019-02-25T15:59:41;;;;
244;65;1222.9;182.21;2019-02-25T15:59:42;;;;
244;65;1252.7;162.34;2019-02-25T15:59:43;;;;
244;65;1100.74;182.21;2019-02-25T15:59:44;;;;
244;65;1164.16;182.21;2019-02-25T15:59:45;;;;
244;65;1226.8;162.34;2019-02-25T15:59:46;;;;
234;65;1122.8;182.21;2019-02-25T15:59:47;;;234;1122.8
234;65;1184.97;162.34;2019-02-25T15:59:48;;;;
234;65;1188.37;182.21;2019-02-25T15:59:49;;;;
234;65;1109.12;162.34;2019-02-25T15:59:50;;;;
234;65;1109.12;182.21;2019-02-25T15:59:51;;;;
234;65;1114.44;162.34;2019-02-25T15:59:52;;;;
234;65;1047.12;182.21;2019-02-25T15:59:53;;;;
234;65;1091.67;182.21;2019-02-25T15:59:54;;;;
234;65;1153.11;162.34;2019-02-25T15:59:55;;;;
234;65;1154.25;182.21;2019-02-25T15:59:56;;;;
224;65;1263.89;162.34;2019-02-25T15:59:57;;;224;1263.89
224;65;1297.09;182.21;2019-02-25T15:59:58;;;;
224;65;1211.83;162.34;2019-02-25T15:59:59;;;;
224;65;1278.57;182.21;2019-02-25T16:00:00;;;;
224;65;1211.83;162.34;2019-02-25T16:00:01;;;;
224;65;1114.29;182.21;2019-02-25T16:00:02;;;;
224;65;1113.35;182.21;2019-02-25T16:00:03;;;;
224;65;1245.8;162.34;2019-02-25T16:00:04;;;;
224;65;1213.41;182.21;2019-02-25T16:00:05;;;;
224;65;1048.87;162.34;2019-02-25T16:00:06;;;;
214;65;1056.9;182.21;2019-02-25T16:00:07;;;214;1056.9
214;65;1286.27;162.34;2019-02-25T16:00:08;;;;
214;65;1249.43;182.21;2019-02-25T16:00:09;;;;
214;65;1287.78;182.21;2019-02-25T16:00:10;;;;
214;65;1061.17;162.34;2019-02-25T16:00:11;;;;
214;65;1141.06;182.21;2019-02-25T16:00:12;;;;
214;65;1249.43;162.34;2019-02-25T16:00:13;;;;
214;65;1249.43;182.21;2019-02-25T16:00:14;;;;
214;65;1253.98;162.34;2019-02-25T16:00:15;;;;
214;65;1195.55;182.21;2019-02-25T16:00:16;;;;
204;65;1325.33;162.34;2019-02-25T16:00:17;;;204;1325.33
204;65;1236.61;182.21;2019-02-25T16:00:18;;;;
204;65;1291.38;162.34;2019-02-25T16:00:19;;;;
204;65;1162.33;182.21;2019-02-25T16:00:20;;;;
204;65;1159.03;162.34;2019-02-25T16:00:21;;;;
204;65;1123.12;182.21;2019-02-25T16:00:22;;;;
204;65;1070.22;182.21;2019-02-25T16:00:23;;;;
204;65;1191.27;162.34;2019-02-25T16:00:24;;;;
204;65;1031.46;182.21;2019-02-25T16:00:25;;;;
204;65;1156.89;162.34;2019-02-25T16:00:26;;;;
194;65;1238.23;182.21;2019-02-25T16:00:27;;;194;1238.23
194;65;1247.43;162.34;2019-02-25T16:00:28;;;;
194;65;1216.74;182.21;2019-02-25T16:00:29;;;;
194;65;1082.99;162.34;2019-02-25T16:00:30;;;;
194;65;1194.52;182.21;2019-02-25T16:00:31;;;;
194;65;1112.72;162.34;2019-02-25T16:00:32;;;;
194;65;1141.7;182.21;2019-02-25T16:00:33;;;;
194;65;1096.88;182.21;2019-02-25T16:00:34;;;;
194;65;1096.88;162.34;2019-02-25T16:00:35;;;;
194;65;1137.99;182.21;2019-02-25T16:00:36;;;;
184;65;1159.69;162.34;2019-02-25T16:00:37;;;184;1159.69
184;65;1191.78;182.21;2019-02-25T16:00:38;;;;
184;65;1212.01;162.34;2019-02-25T16:00:39;;;;
184;65;1092.43;182.21;2019-02-25T16:00:40;;;;
184;65;1273.34;182.21;2019-02-25T16:00:41;;;;
184;65;1112.09;162.34;2019-02-25T16:00:42;;;;
184;65;1189.22;182.21;2019-02-25T16:00:43;;;;
184;65;1247.25;162.34;2019-02-25T16:00:44;;;;
184;65;1124.23;182.21;2019-02-25T16:00:45;;;;
184;65;1291.19;162.34;2019-02-25T16:00:46;;;;
174;65;1316.54;182.21;2019-02-25T16:00:47;;;174;1316.54
174;65;1272.97;162.34;2019-02-25T16:00:48;;;;
174;65;1089.68;182.21;2019-02-25T16:00:49;;;;
174;65;1178.54;162.34;2019-02-25T16:00:50;;;;
174;65;1052.22;182.21;2019-02-25T16:00:51;;;;
174;65;1197.62;162.34;2019-02-25T16:00:52;;;;
174;65;1288.92;162.34;2019-02-25T16:00:53;;;;
174;65;1208.52;182.21;2019-02-25T16:00:54;;;;
174;65;1199.68;162.34;2019-02-25T16:00:55;;;;
174;65;1199.68;182.21;2019-02-25T16:00:56;;;;
164;65;1308.79;162.34;2019-02-25T16:00:57;;;164;1308.79
164;65;1204.7;182.21;2019-02-25T16:00:58;;;;
164;65;1158.04;162.34;2019-02-25T16:00:59;;;;
164;65;1195.21;182.21;2019-02-25T16:01:00;;;;
164;65;1274.08;162.34;2019-02-25T16:01:01;;;;
164;65;1209.04;182.21;2019-02-25T16:01:02;;;;
164;65;1134.61;182.21;2019-02-25T16:01:03;;;;
164;65;1232.49;162.34;2019-02-25T16:01:04;;;;
164;65;1135.25;182.21;2019-02-25T16:01:05;;;;
164;65;1281.38;162.34;2019-02-25T16:01:06;;;;
154;65;1133.32;182.21;2019-02-25T16:01:07;;;154;1133.32
154;65;1250.52;162.34;2019-02-25T16:01:08;;;;
154;65;1070.22;182.21;2019-02-25T16:01:09;;;;
154;65;1271.29;162.34;2019-02-25T16:01:10;;;;
154;65;1236.61;182.21;2019-02-25T16:01:11;;;;
154;65;1292.52;162.34;2019-02-25T16:01:12;;;;
154;65;1097.65;182.21;2019-02-25T16:01:13;;;;
154;65;1177.87;162.34;2019-02-25T16:01:14;;;;
154;65;1187.52;182.21;2019-02-25T16:01:15;;;;
154;65;1199.68;182.21;2019-02-25T16:01:16;;;;
144;65;1059.26;162.34;2019-02-25T16:01:17;;;144;1059.26
144;65;1207.13;182.21;2019-02-25T16:01:18;;;;
144;65;1170.32;162.34;2019-02-25T16:01:19;;;;
144;65;1170.32;182.21;2019-02-25T16:01:20;;;;
144;65;1226.27;162.34;2019-02-25T16:01:21;;;;
144;65;1161.01;182.21;2019-02-25T16:01:22;;;;
144;65;1238.41;162.34;2019-02-25T16:01:23;;;;
144;65;1218.32;182.21;2019-02-25T16:01:24;;;;
144;65;1120.75;162.34;2019-02-25T16:01:25;;;;
144;65;1262.04;182.21;2019-02-25T16:01:26;;;;
134;65;1140.57;162.34;2019-02-25T16:01:27;;;134;1140.57
134;65;1154.91;182.21;2019-02-25T16:01:28;;;;
134;65;1053.24;182.21;2019-02-25T16:01:29;;;;
134;65;1061.76;162.34;2019-02-25T16:01:30;;;;
134;65;1214.81;182.21;2019-02-25T16:01:31;;;;
134;65;1224.85;162.34;2019-02-25T16:01:32;;;;
134;65;1169.65;182.21;2019-02-25T16:01:33;;;;
134;65;1075.61;162.34;2019-02-25T16:01:34;;;;
134;65;1176.69;182.21;2019-02-25T16:01:35;;;;
134;65;1135.9;162.34;2019-02-25T16:01:36;;;;
124;65;1108.34;182.21;2019-02-25T16:01:37;;;124;1108.34
124;65;1179.05;162.34;2019-02-25T16:01:38;;;;
124;65;1232.67;182.21;2019-02-25T16:01:39;;;;
124;65;1193.15;162.34;2019-02-25T16:01:40;;;;
124;65;1068.58;182.21;2019-02-25T16:01:41;;;;
124;65;1068.58;162.34;2019-02-25T16:01:42;;;;
124;65;1172.32;182.21;2019-02-25T16:01:43;;;;
124;65;1297.47;162.34;2019-02-25T16:01:44;;;;
124;65;1091.97;182.21;2019-02-25T16:01:45;;;;
124;65;1244.9;162.34;2019-02-25T16:01:46;;;;
114;65;1113.82;182.21;2019-02-25T16:01:47;;;114;1113.82
114;65;1091.06;162.34;2019-02-25T16:01:48;;;;
114;65;1145.92;182.21;2019-02-25T16:01:49;;;;
114;65;1163.99;182.21;2019-02-25T16:01:50;;;;
114;65;1078.01;162.34;2019-02-25T16:01:51;;;;
114;65;1091.67;182.21;2019-02-25T16:01:52;;;;
114;65;1155.24;162.34;2019-02-25T16:01:53;;;;
114;65;1171.83;182.21;2019-02-25T16:01:54;;;;
114;65;1324.35;162.34;2019-02-25T16:01:55;;;;
114;65;1229.47;182.21;2019-02-25T16:01:56;;;;
104;65;1231.43;162.34;2019-02-25T16:01:57;;;104;1231.43
104;65;1175.85;182.21;2019-02-25T16:01:58;;;;
104;65;1080.58;162.34;2019-02-25T16:01:59;;;;
104;65;1190.93;182.21;2019-02-25T16:02:00;;;;
104;65;1096.73;182.21;2019-02-25T16:02:01;;;;
104;65;1138.64;162.34;2019-02-25T16:02:02;;;;
104;65;1094.27;182.21;2019-02-25T16:02:03;;;;
104;65;1152.62;162.34;2019-02-25T16:02:04;;;;
104;65;1167.65;182.21;2019-02-25T16:02:05;;;;
104;65;1167.65;162.34;2019-02-25T16:02:06;;;;
94;65;1195.55;182.21;2019-02-25T16:02:07;;;94;1195.55
94;65;1194.35;162.34;2019-02-25T16:02:08;;;;
94;65;1201.06;182.21;2019-02-25T16:02:09;;;;
94;65;1249.97;182.21;2019-02-25T16:02:10;;;;
94;65;1211.31;162.34;2019-02-25T16:02:11;;;;
94;65;1214.28;182.21;2019-02-25T16:02:12;;;;
94;65;1196.76;162.34;2019-02-25T16:02:13;;;;
94;65;1288.92;182.21;2019-02-25T16:02:14;;;;
94;65;1091.67;162.34;2019-02-25T16:02:15;;;;
94;65;1217.62;182.21;2019-02-25T16:02:16;;;;
84;65;1204.18;162.34;2019-02-25T16:02:17;;;84;1204.18
84;65;1158.2;182.21;2019-02-25T16:02:18;;;;
84;65;1308.79;162.34;2019-02-25T16:02:19;;;;
84;65;1230.71;182.21;2019-02-25T16:02:20;;;;
84;65;1280.44;162.34;2019-02-25T16:02:21;;;;
84;65;1203.83;182.21;2019-02-25T16:02:22;;;;
84;65;1266.84;162.34;2019-02-25T16:02:23;;;;
84;65;1253.8;182.21;2019-02-25T16:02:24;;;;
84;65;1153.6;162.34;2019-02-25T16:02:25;;;;
84;65;1139.44;182.21;2019-02-25T16:02:26;;;;
74;65;1139.44;182.21;2019-02-25T16:02:27;;;74;1139.44
74;65;1057.05;162.34;2019-02-25T16:02:28;;;;
74;65;1215.33;182.21;2019-02-25T16:02:29;;;;
74;65;1117.28;162.34;2019-02-25T16:02:30;;;;
74;65;1253.61;182.21;2019-02-25T16:02:31;;;;
74;65;1099.04;162.34;2019-02-25T16:02:32;;;;
74;65;1086.33;182.21;2019-02-25T16:02:33;;;;
74;65;1173.33;162.34;2019-02-25T16:02:34;;;;
74;65;1137.02;182.21;2019-02-25T16:02:35;;;;
74;65;1233.03;162.34;2019-02-25T16:02:36;;;;
64;65;1186.67;182.21;2019-02-25T16:02:37;;;64;1186.67
64;65;1198.65;162.34;2019-02-25T16:02:38;;;;
64;65;1105.85;182.21;2019-02-25T16:02:39;;;;
64;65;1117.43;162.34;2019-02-25T16:02:40;;;;
64;65;1231.6;162.34;2019-02-25T16:02:41;;;;
64;65;1238.23;182.21;2019-02-25T16:02:42;;;;
64;65;1217.79;162.34;2019-02-25T16:02:43;;;;
64;65;1170.82;182.21;2019-02-25T16:02:44;;;;
64;65;1172.33;162.34;2019-02-25T16:02:45;;;;
64;65;1223.08;182.21;2019-02-25T16:02:46;;;;
54;65;1143.16;162.34;2019-02-25T16:02:47;;;54;1143.16
54;65;1143.16;182.21;2019-02-25T16:02:48;;;;
54;65;1226.98;162.34;2019-02-25T16:02:49;;;;
54;65;1229.46;182.21;2019-02-25T16:02:50;;;;
54;65;1248.52;182.21;2019-02-25T16:02:51;;;;
54;65;1183.27;162.34;2019-02-25T16:02:52;;;;
54;65;1213.76;182.21;2019-02-25T16:02:53;;;;
54;65;1169.99;162.34;2019-02-25T16:02:54;;;;
54;65;1111.16;182.21;2019-02-25T16:02:55;;;;
54;65;1146.08;162.34;2019-02-25T16:02:56;;;;
44;65;1078.61;182.21;2019-02-25T16:02:57;;;44;1078.61
44;65;1166.82;162.34;2019-02-25T16:02:58;;;;
44;65;1139.93;182.21;2019-02-25T16:02:59;;;;
44;65;1148.69;162.34;2019-02-25T16:03:00;;;;
44;65;1141.54;182.21;2019-02-25T16:03:01;;;;
44;65;1129.49;162.34;2019-02-25T16:03:02;;;;
44;65;1223.43;182.21;2019-02-25T16:03:03;;;;
44;65;1216.39;162.34;2019-02-25T16:03:04;;;;
44;65;1195.9;182.21;2019-02-25T16:03:05;;;;
44;65;1223.96;182.21;2019-02-25T16:03:06;;;;
34;65;1170.82;162.34;2019-02-25T16:03:07;;;34;1170.82
34;65;1210.79;182.21;2019-02-25T16:03:08;;;;
34;65;1177.53;162.34;2019-02-25T16:03:09;;;;
34;65;1177.53;182.21;2019-02-25T16:03:10;;;;
34;65;1154.25;162.34;2019-02-25T16:03:11;;;;
34;65;1171.32;182.21;2019-02-25T16:03:12;;;;
34;65;1187.01;162.34;2019-02-25T16:03:13;;;;
34;65;1260.39;182.21;2019-02-25T16:03:14;;;;
34;65;1307.25;162.34;2019-02-25T16:03:15;;;;
34;65;1100.74;182.21;2019-02-25T16:03:16;;;;
24;65;1123.12;162.34;2019-02-25T16:03:17;;;24;1123.12
24;65;1133.33;182.21;2019-02-25T16:03:18;;;;
24;65;1201.41;162.34;2019-02-25T16:03:19;;;;
24;65;1285.52;182.21;2019-02-25T16:03:20;;;;
24;65;1130.6;182.21;2019-02-25T16:03:21;;;;
24;65;1139.44;162.34;2019-02-25T16:03:22;;;;
24;65;1093.81;182.21;2019-02-25T16:03:23;;;;
24;65;1174.34;162.34;2019-02-25T16:03:24;;;;
24;65;1124.39;182.21;2019-02-25T16:03:25;;;;
24;65;997.02;162.34;2019-02-25T16:03:26;;;;
14;65;1226.98;182.21;2019-02-25T16:03:27;;;14;1226.98
14;65;1076.81;182.21;2019-02-25T16:03:28;;;;
14;65;1151.8;182.21;2019-02-25T16:03:29;;;;
14;65;1151.8;162.34;2019-02-25T16:03:30;;;;
14;65;1106.79;182.21;2019-02-25T16:03:31;;;;
14;65;1175.51;162.34;2019-02-25T16:03:32;;;;
14;65;1078.32;182.21;2019-02-25T16:03:33;;;;
14;65;1234.64;162.34;2019-02-25T16:03:34;;;;
14;65;1192.81;182.21;2019-02-25T16:03:35;;;;
14;65;1122.65;162.34;2019-02-25T16:03:36;;;;
4;65;1059.55;182.21;2019-02-25T16:03:37;;;4;1059.55
4;65;1084.66;162.34;2019-02-25T16:03:38;;;;
4;65;1128.53;182.21;2019-02-25T16:03:39;;;;
4;65;1216.21;182.21;2019-02-25T16:03:40;;;;
4;65;1267.77;162.34;2019-02-25T16:03:41;;;;
4;65;1225.03;182.21;2019-02-25T16:03:42;;;;
4;65;1236.61;162.34;2019-02-25T16:03:43;;;;
4;65;1188.71;182.21;2019-02-25T16:03:44;;;;
4;65;1257.82;162.34;2019-02-25T16:03:45;;;;
4;65;1233.57;182.21;2019-02-25T16:03:46;;;;
0;65;1225.73;162.34;2019-02-25T16:03:47;;;0;1225.73
0;65;1205.39;182.21;2019-02-25T16:03:48;;;;
0;65;1205.39;162.34;2019-02-25T16:03:49;;;;
0;65;1202.1;182.21;2019-02-25T16:03:50;;;;
0;65;1117.91;162.34;2019-02-25T16:03:51;;;;
0;65;1145.11;182.21;2019-02-25T16:03:52;;;;
0;65;1076.81;162.34;2019-02-25T16:03:53;;;;
0;65;1077.86;182.21;2019-02-25T16:03:54;;;;
0;65;1185.31;162.34;2019-02-25T16:03:55;;;;
0;65;1205.74;182.21;2019-02-25T16:03:56;;;;
0;65;1068.14;162.34;2019-02-25T16:03:57;;;0;1068.14
0;65;1235;202.09;2019-02-25T16:03:58;;;;
0;65;1121.22;162.34;2019-02-25T16:03:59;;;;
0;65;1105.08;182.21;2019-02-25T16:04:00;;;;
0;65;1138.96;162.34;2019-02-25T16:04:01;;;;
0;65;1148.04;202.09;2019-02-25T16:04:02;;;;
0;65;1222.37;182.21;2019-02-25T16:04:03;;;;
0;65;1169.99;162.34;2019-02-25T16:04:04;;;;
0;65;1182.77;182.21;2019-02-25T16:04:05;;;;
0;65;1267.4;162.34;2019-02-25T16:04:06;;;;
0;65;1081.48;182.21;2019-02-25T16:04:07;;;;
0;65;1174.51;162.34;2019-02-25T16:04:08;;;;
0;65;1231.25;182.21;2019-02-25T16:04:09;;;;
0;65;1231.25;162.34;2019-02-25T16:04:10;;;;
0;65;1295.18;182.21;2019-02-25T16:04:11;;;;
0;65;1157.71;162.34;2019-02-25T16:04:12;;;;
0;65;1247.43;182.21;2019-02-25T16:04:13;;;;
0;65;1260.02;162.34;2019-02-25T16:04:14;;;;
0;65;1153.6;182.21;2019-02-25T16:04:15;;;;
0;65;1304.74;162.34;2019-02-25T16:04:16;;;;
0;65;1038.61;182.21;2019-02-25T16:04:17;;;;
0;65;1219.55;162.34;2019-02-25T16:04:18;;;;
0;65;1264.81;182.21;2019-02-25T16:04:19;;;;
0;65;1167.32;162.34;2019-02-25T16:04:20;;;;
0;65;1114.76;182.21;2019-02-25T16:04:21;;;;
0;65;1112.72;182.21;2019-02-25T16:04:22;;;;
0;65;1124.87;162.34;2019-02-25T16:04:23;;;;
0;65;1205.74;182.21;2019-02-25T16:04:24;;;;
0;65;1205.74;162.34;2019-02-25T16:04:25;;;;
0;65;1142.68;182.21;2019-02-25T16:04:26;;;;
0;65;1175.01;162.34;2019-02-25T16:04:27;;;;
0;65;1169.32;182.21;2019-02-25T16:04:28;;;;
0;65;1246.7;162.34;2019-02-25T16:04:29;;;;
0;65;1177.03;182.21;2019-02-25T16:04:30;;;;
0;65;1203.31;162.34;2019-02-25T16:04:31;;;;
0;65;1260.76;182.21;2019-02-25T16:04:32;;;;
0;65;1225.38;162.34;2019-02-25T16:04:33;;;;
0;65;1230.18;182.21;2019-02-25T16:04:34;;;;
0;65;1197.1;162.34;2019-02-25T16:04:35;;;;
0;65;1152.45;182.21;2019-02-25T16:04:36;;;;
0;65;1117.12;162.34;2019-02-25T16:04:37;;;;
0;65;1150;182.21;2019-02-25T16:04:38;;;;
0;65;1056.32;162.34;2019-02-25T16:04:39;;;;
0;65;1089.53;182.21;2019-02-25T16:04:40;;;;
0;65;1177.53;162.34;2019-02-25T16:04:41;;;;
0;65;1260.76;182.21;2019-02-25T16:04:42;;;;
0;65;1339.15;182.21;2019-02-25T16:04:43;;;;
0;65;1339.15;162.34;2019-02-25T16:04:44;;;;
0;65;1220.26;182.21;2019-02-25T16:04:45;;;;
0;65;1129.01;162.34;2019-02-25T16:04:46;;;;
0;65;1189.91;182.21;2019-02-25T16:04:47;;;;
0;65;1204.53;162.34;2019-02-25T16:04:48;;;;
0;65;1198.82;182.21;2019-02-25T16:04:49;;;;
0;65;1273.71;162.34;2019-02-25T16:04:50;;;;
0;65;1283.45;182.21;2019-02-25T16:04:51;;;;
0;65;1245.26;162.34;2019-02-25T16:04:52;;;;
0;65;1273.34;182.21;2019-02-25T16:04:53;;;;
0;65;1359.84;162.34;2019-02-25T16:04:54;;;;
0;65;1226.98;182.21;2019-02-25T16:04:55;;;;
0;65;1185.99;162.34;2019-02-25T16:04:56;;;;
0;65;1320.04;182.21;2019-02-25T16:04:57;;;;
0;65;1188.71;182.21;2019-02-25T16:04:58;;;;
0;65;1073.51;162.34;2019-02-25T16:04:59;;;;
0;65;1073.51;182.21;2019-02-25T16:05:03;;;;
