Dbg: 18939664 - 3856 | 560 496 132019-02-25T15:46:35;
Connected: COM2019-02-25T15:46:37;
Sending: p370.472336622292019-02-25T15:46:37;
Sending: p390.106000447742019-02-25T15:46:38;
Sending: p390.0193070372019-02-25T15:46:39;
Sending: p386.223830820812019-02-25T15:46:40;
Sending: p388.331734630852019-02-25T15:46:41;
Sending: p384.5992132472019-02-25T15:46:42;
Sending: p370.798082548382019-02-25T15:46:43;
Sending: p372.843494171492019-02-25T15:46:44;
Sending: p378.518724808832019-02-25T15:46:45;
Sending: p387.728228232562019-02-25T15:46:46;
Sending: v1022019-02-25T15:46:47;
Automatic activated2019-02-25T15:46:47;
Sending: p384.855639985532019-02-25T15:46:47;
Sending: p374.985079043462019-02-25T15:46:48;
Sending: p382.178563777002019-02-25T15:46:49;
Sending: p378.435287870682019-02-25T15:46:50;
Sending: p370.879618233402019-02-25T15:46:51;
Sending: p368.564337928842019-02-25T15:46:52;
Sending: p376.559856257812019-02-25T15:46:53;
Sending: p370.676258946512019-02-25T15:46:54;
Sending: p373.871075912952019-02-25T15:46:56;
Sending: p374.737188396652019-02-25T15:46:57;
Sending: p377.850703610202019-02-25T15:46:58;
Sending: p386.095348207332019-02-25T15:46:59;
Sending: p387.728411639502019-02-25T15:47:00;
Sending: p387.770845404302019-02-25T15:47:01;
Sending: p368.160546452912019-02-25T15:47:02;
Sending: p372.269386603752019-02-25T15:47:03;
Sending: p381.080186786672019-02-25T15:47:04;
Sending: p389.542503199052019-02-25T15:47:05;
Sending: p393.202745100702019-02-25T15:47:06;
Sending: p379.063053983822019-02-25T15:47:07;
Sending: p376.685234099472019-02-25T15:47:08;
Sending: p391.236846139952019-02-25T15:47:09;
Sending: p400.515942403372019-02-25T15:47:10;
Sending: p393.114644611892019-02-25T15:47:11;
Sending: p401.773794563412019-02-25T15:47:12;
Sending: p385.239900974652019-02-25T15:47:13;
Sending: p386.911000323372019-02-25T15:47:14;
Sending: p380.616918271332019-02-25T15:47:15;
Sending: p389.88898870342019-02-25T15:47:16;
Sending: p392.021507609522019-02-25T15:47:17;
Sending: p391.149565241022019-02-25T15:47:19;
Sending: p395.621623520522019-02-25T15:47:20;
Sending: p379.565941605972019-02-25T15:47:21;
Sending: p376.228020885222019-02-25T15:47:22;
Sending: p379.188384805012019-02-25T15:47:23;
Sending: p375.564101338752019-02-25T15:47:24;
Sending: p374.324132998402019-02-25T15:47:25;
Sending: p386.739020967252019-02-25T15:47:26;
Sending: p379.356140526562019-02-25T15:47:27;
Sending: p387.598669612152019-02-25T15:47:28;
Sending: p384.855457933952019-02-25T15:47:29;
Sending: p372.310527860502019-02-25T15:47:30;
Sending: p390.583932150342019-02-25T15:47:31;
Sending: p365.185781965292019-02-25T15:47:32;
Sending: p391.106211287042019-02-25T15:47:33;
Sending: p382.728855499862019-02-25T15:47:34;
Sending: p381.24870590222019-02-25T15:47:35;
Sending: p378.309548734112019-02-25T15:47:36;
Sending: p367.514870596702019-02-25T15:47:37;
Sending: p375.895657816682019-02-25T15:47:38;
Sending: p370.716832083712019-02-25T15:47:39;
Sending: p393.553621371782019-02-25T15:47:41;
Sending: p376.351927201092019-02-25T15:47:42;
Sending: p381.755718671102019-02-25T15:47:43;
Sending: p376.310678830512019-02-25T15:47:44;
Sending: p385.624453057602019-02-25T15:47:45;
Sending: p400.336766909952019-02-25T15:47:46;
Sending: p371.859689685912019-02-25T15:47:47;
Sending: p392.633450947822019-02-25T15:47:48;
Sending: p382.601534691582019-02-25T15:47:49;
Sending: p381.037846076032019-02-25T15:47:50;
Sending: p380.869712272142019-02-25T15:47:51;
Sending: p382.558985380652019-02-25T15:47:52;
Sending: p390.192809918262019-02-25T15:47:53;
Sending: p385.111822121752019-02-25T15:47:54;
Sending: p393.246850935242019-02-25T15:47:55;
Sending: p398.861644907582019-02-25T15:47:56;
Sending: p376.518935869572019-02-25T15:47:57;
Sending: p379.230830884662019-02-25T15:47:58;
Sending: p373.089837435692019-02-25T15:47:59;
Sending: p370.757586104012019-02-25T15:48:00;
Sending: p392.677199584442019-02-25T15:48:01;
Sending: p373.459641330652019-02-25T15:48:02;
Sending: p370.147294714072019-02-25T15:48:03;
Sending: p382.008904634722019-02-25T15:48:05;
Sending: p398.193398993732019-02-25T15:48:06;
Sending: p384.855639985532019-02-25T15:48:07;
Sending: p384.770565672902019-02-25T15:48:08;
Sending: p386.22437893902019-02-25T15:48:09;
Sending: p380.658661087672019-02-25T15:48:10;
Sending: p384.855731008692019-02-25T15:48:11;
Sending: p372.80236833392019-02-25T15:48:12;
Sending: p386.43878654082019-02-25T15:48:13;
Sending: p376.103186566922019-02-25T15:48:14;
Sending: p381.713104807172019-02-25T15:48:15;
Sending: p395.843042361322019-02-25T15:48:16;
Sending: p387.38392606352019-02-25T15:48:17;
Sending: p394.740085289162019-02-25T15:48:18;
Sending: p382.178654163482019-02-25T15:48:19;
Sending: p389.022888631212019-02-25T15:48:20;
Sending: p382.220699279222019-02-25T15:48:21;
Sending: p393.071021841122019-02-25T15:48:22;
Sending: p393.773056755882019-02-25T15:48:23;
Sending: p376.684788680702019-02-25T15:48:24;
Sending: p378.979199891072019-02-25T15:48:25;
Sending: p375.19172064122019-02-25T15:48:26;
Sending: p402.900912710372019-02-25T15:48:28;
Sending: p383.323136572302019-02-25T15:48:29;
Sending: p380.869982492472019-02-25T15:48:30;
Sending: p383.917921074372019-02-25T15:48:31;
Sending: p374.90251499202019-02-25T15:48:32;
Sending: p378.686114744062019-02-25T15:48:33;
Sending: p390.671149946552019-02-25T15:48:34;
Sending: p394.080519639882019-02-25T15:48:35;
Sending: p386.181241009252019-02-25T15:48:36;
Sending: p390.627029890752019-02-25T15:48:37;
Sending: p385.41078494612019-02-25T15:48:38;
Sending: p400.113101917872019-02-25T15:48:39;
Sending: p393.992456559082019-02-25T15:48:40;
Sending: p402.04373564002019-02-25T15:48:41;
Sending: p412.0123162092019-02-25T15:48:42;
Sending: p407.539770860232019-02-25T15:48:43;
Sending: p394.475797345622019-02-25T15:48:44;
Sending: p406.853783719842019-02-25T15:48:45;
Sending: p398.995573005882019-02-25T15:48:46;
Sending: p406.031839242982019-02-25T15:48:48;
Sending: p394.520079029962019-02-25T15:48:49;
Sending: p396.019462976562019-02-25T15:48:50;
Sending: p397.259849937402019-02-25T15:48:51;
Sending: p396.905180563932019-02-25T15:48:52;
Sending: p406.899298768832019-02-25T15:48:53;
Sending: p403.895817303182019-02-25T15:48:54;
Sending: p411.038859690862019-02-25T15:48:55;
Sending: p405.39408850792019-02-25T15:48:56;
Sending: p416.921718262812019-02-25T15:48:57;
Sending: p387.64191102092019-02-25T15:48:58;
Sending: p412.662601281612019-02-25T15:48:59;
Sending: p386.481594269522019-02-25T15:49:00;
Sending: p404.848124546412019-02-25T15:49:01;
Sending: p390.323345743952019-02-25T15:49:02;
Sending: p403.759766600622019-02-25T15:49:03;
Sending: p384.812872393062019-02-25T15:49:04;
Sending: p391.542055229482019-02-25T15:49:05;
Sending: p400.337050969472019-02-25T15:49:06;
Sending: p392.502426737062019-02-25T15:49:07;
Sending: p399.754915043622019-02-25T15:49:08;
Sending: p398.950766890222019-02-25T15:49:09;
Sending: p405.03026746252019-02-25T15:49:11;
Sending: p420.18741229172019-02-25T15:49:12;
Sending: p415.417715778092019-02-25T15:49:13;
Sending: p418.054061006462019-02-25T15:49:14;
Sending: p403.036702755952019-02-25T15:49:15;
Sending: p412.894928396672019-02-25T15:49:16;
Sending: p420.424955099712019-02-25T15:49:17;
Sending: p411.316673609862019-02-25T15:49:18;
Sending: p419.521938539172019-02-25T15:49:19;
Sending: p407.584609106232019-02-25T15:49:20;
Sending: p409.791160028962019-02-25T15:49:21;
Sending: p417.251862660312019-02-25T15:49:22;
Sending: p414.0609376392019-02-25T15:49:23;
Sending: p393.421846372672019-02-25T15:49:24;
Sending: p417.251171864062019-02-25T15:49:25;
Sending: p397.748416729822019-02-25T15:49:26;
Sending: p429.684225217752019-02-25T15:49:27;
Sending: p416.49770392272019-02-25T15:49:28;
Sending: p405.439306715712019-02-25T15:49:29;
Sending: p409.422674042462019-02-25T15:49:30;
Sending: p418.243333132482019-02-25T15:49:31;
Sending: p426.037798476132019-02-25T15:49:33;
Sending: p395.268848324842019-02-25T15:49:34;
Sending: p400.561438553362019-02-25T15:49:35;
Sending: p401.144451404282019-02-25T15:49:36;
Sending: p409.929520122652019-02-25T15:49:37;
Sending: p415.089745190962019-02-25T15:49:38;
Sending: p408.916501606062019-02-25T15:49:39;
Sending: p404.711487680902019-02-25T15:49:40;
Sending: p405.393896740882019-02-25T15:49:41;
Sending: p397.659531386482019-02-25T15:49:42;
Sending: p404.62144879962019-02-25T15:49:43;
Sending: p402.404353472792019-02-25T15:49:44;
Sending: p426.909266788932019-02-25T15:49:45;
Sending: p424.397660532732019-02-25T15:49:46;
Sending: p408.870225184232019-02-25T15:49:47;
Sending: p418.195560160402019-02-25T15:49:48;
Sending: p409.837758348022019-02-25T15:49:49;
Sending: p422.716257062072019-02-25T15:49:50;
Sending: p413.221355740022019-02-25T15:49:51;
Sending: p402.044020916342019-02-25T15:49:52;
Sending: p415.183152058332019-02-25T15:49:54;
Sending: p434.506532396372019-02-25T15:49:55;
Sending: p436.992236068492019-02-25T15:49:56;
Sending: p430.319649468082019-02-25T15:49:57;
Sending: p414.715199018402019-02-25T15:49:58;
Sending: p414.06074178042019-02-25T15:49:59;
Sending: p417.345473022192019-02-25T15:50:00;
Sending: p426.23131417472019-02-25T15:50:01;
Sending: p435.697341455282019-02-25T15:50:02;
Sending: p418.479724832382019-02-25T15:50:03;
Sending: p418.66834239862019-02-25T15:50:04;
Sending: p413.267651039922019-02-25T15:50:05;
Sending: p434.110482522272019-02-25T15:50:06;
Sending: p418.858154253452019-02-25T15:50:07;
Sending: p423.723996029742019-02-25T15:50:08;
Sending: p438.241982599412019-02-25T15:50:09;
Sending: p415.793041624332019-02-25T15:50:10;
Sending: p417.298516573872019-02-25T15:50:11;
Sending: p419.284327876232019-02-25T15:50:12;
Sending: p427.880558179372019-02-25T15:50:13;
Sending: p435.647940887182019-02-25T15:50:15;
Sending: p423.387655706582019-02-25T15:50:16;
Sending: p426.182723542702019-02-25T15:50:17;
Sending: p421.711856397522019-02-25T15:50:18;
Sending: p460.434545845242019-02-25T15:50:19;
Sending: p428.659380766622019-02-25T15:50:20;
Sending: p425.602681392862019-02-25T15:50:21;
Sending: p419.3792928072019-02-25T15:50:22;
Sending: p431.98852476452019-02-25T15:50:23;
Sending: p425.361341708932019-02-25T15:50:24;
Sending: p439.345510810902019-02-25T15:50:25;
Sending: p447.985910860882019-02-25T15:50:26;
Sending: p447.93437353132019-02-25T15:50:27;
Sending: p441.057284484722019-02-25T15:50:28;
Sending: p427.831939408022019-02-25T15:50:29;
Sending: p424.156155771552019-02-25T15:50:30;
Sending: p442.62483571352019-02-25T15:50:31;
Sending: p417.722643073122019-02-25T15:50:32;
Sending: p460.593924014942019-02-25T15:50:33;
Sending: p428.561932930822019-02-25T15:50:35;
Sending: p460.062417652612019-02-25T15:50:36;
Sending: p442.625045088182019-02-25T15:50:37;
Sending: p437.142673913322019-02-25T15:50:38;
Sending: p451.08484167522019-02-25T15:50:39;
Sending: p453.061303786052019-02-25T15:50:40;
Sending: p440.854758392192019-02-25T15:50:41;
Sending: p435.598444154292019-02-25T15:50:42;
Sending: p444.14862724182019-02-25T15:50:43;
Sending: p440.048704562852019-02-25T15:50:44;
Sending: p450.82622016192019-02-25T15:50:45;
Sending: p436.892668246512019-02-25T15:50:46;
Sending: p457.520554817862019-02-25T15:50:47;
Sending: p420.23447035172019-02-25T15:50:48;
Sending: p437.941797955452019-02-25T15:50:49;
Sending: p453.7921023342019-02-25T15:50:50;
Sending: p450.722353329602019-02-25T15:50:51;
Sending: p435.996158132082019-02-25T15:50:52;
Sending: p453.582833942152019-02-25T15:50:53;
Sending: p443.08126896742019-02-25T15:50:54;
Sending: p456.466295262852019-02-25T15:50:55;
Sending: p455.625843281002019-02-25T15:50:57;
Sending: p467.84629111402019-02-25T15:50:58;
Sending: p457.520446602242019-02-25T15:50:59;
Sending: p449.325772030262019-02-25T15:51:00;
Sending: p442.574575134262019-02-25T15:51:01;
Sending: p454.681868935542019-02-25T15:51:02;
Sending: p473.198551276392019-02-25T15:51:03;
Sending: p472.48452902752019-02-25T15:51:04;
Sending: p470.62193016852019-02-25T15:51:05;
Sending: p490.972042054182019-02-25T15:51:06;
Sending: p461.019843751842019-02-25T15:51:07;
Sending: p478.457755382702019-02-25T15:51:08;
Sending: p487.535555262142019-02-25T15:51:09;
Sending: p465.629656725542019-02-25T15:51:10;
Sending: p456.624644430612019-02-25T15:51:11;
Sending: p476.789710039992019-02-25T15:51:12;
Sending: p457.731936817592019-02-25T15:51:13;
Sending: p478.625460423332019-02-25T15:51:14;
Sending: p477.289208693392019-02-25T15:51:15;
Sending: p468.389242939842019-02-25T15:51:16;
Sending: p476.790048333622019-02-25T15:51:17;
Sending: p508.42371337042019-02-25T15:51:19;
Sending: p480.582241348122019-02-25T15:51:20;
Sending: p482.435244114152019-02-25T15:51:21;
Sending: p477.17864292292019-02-25T15:51:22;
Sending: p456.571889924512019-02-25T15:51:23;
Sending: p476.567990427262019-02-25T15:51:24;
Sending: p479.797657357582019-02-25T15:51:25;
Sending: p478.2906875552019-02-25T15:51:26;
Sending: p481.704535888482019-02-25T15:51:27;
Sending: p503.234172853752019-02-25T15:51:28;
Sending: p460.699922974872019-02-25T15:51:29;
Sending: p464.014679043542019-02-25T15:51:30;
Sending: p468.226232398122019-02-25T15:51:31;
Sending: p473.63907783602019-02-25T15:51:32;
Sending: p500.22189826902019-02-25T15:51:33;
Sending: p495.134493905312019-02-25T15:51:34;
Sending: p471.66147459462019-02-25T15:51:35;
Sending: p522.892929295842019-02-25T15:51:36;
Sending: p484.524334319182019-02-25T15:51:38;
Sending: p505.851031720862019-02-25T15:51:39;
Sending: p486.168822497222019-02-25T15:51:40;
Sending: p512.888194213422019-02-25T15:51:41;
Sending: p491.893532018692019-02-25T15:51:42;
Sending: p477.289095799762019-02-25T15:51:43;
Sending: p510.107460693562019-02-25T15:51:44;
Sending: p507.584073801172019-02-25T15:51:45;
Sending: p509.444531389982019-02-25T15:51:46;
Sending: p513.070452099052019-02-25T15:51:47;
Sending: p488.391692252622019-02-25T15:51:48;
Sending: p526.634191896682019-02-25T15:51:49;
Sending: p510.649297731122019-02-25T15:51:50;
Sending: p494.148098448462019-02-25T15:51:51;
Sending: p520.909221248712019-02-25T15:51:52;
Sending: p542.256840461822019-02-25T15:51:53;
Sending: p507.403581727752019-02-25T15:51:54;
Sending: p481.872716659722019-02-25T15:51:55;
Sending: p507.045229950232019-02-25T15:51:56;
Sending: p505.970225697362019-02-25T15:51:57;
Sending: p521.837793933792019-02-25T15:51:59;
Sending: p520.724437370012019-02-25T15:52:00;
Sending: p536.709342269142019-02-25T15:52:01;
Sending: p564.742106188682019-02-25T15:52:02;
Sending: p533.58021696712019-02-25T15:52:03;
Sending: p517.830399497622019-02-25T15:52:04;
Sending: p500.163533840482019-02-25T15:52:05;
Sending: p524.073566654462019-02-25T15:52:06;
Sending: p519.799130835352019-02-25T15:52:07;
Sending: p552.031894476392019-02-25T15:52:08;
Sending: p564.877682566142019-02-25T15:52:09;
Sending: p569.470164938072019-02-25T15:52:10;
Sending: p541.154232016222019-02-25T15:52:11;
Sending: p530.47283201682019-02-25T15:52:12;
Sending: p539.281307091832019-02-25T15:52:13;
Sending: p550.840157765442019-02-25T15:52:14;
Sending: p535.556720055942019-02-25T15:52:15;
Sending: p569.056579924312019-02-25T15:52:16;
Sending: p510.770834637212019-02-25T15:52:17;
Sending: p531.548453183442019-02-25T15:52:18;
Sending: p575.361003511642019-02-25T15:52:19;
Sending: p536.836919856662019-02-25T15:52:20;
Sending: p542.450561515332019-02-25T15:52:22;
Sending: p608.998707349552019-02-25T15:52:23;
Sending: p595.803504165092019-02-25T15:52:24;
Sending: p593.046283865292019-02-25T15:52:25;
Sending: p590.449368611682019-02-25T15:52:26;
Sending: p579.211169676772019-02-25T15:52:27;
Sending: p594.278454920832019-02-25T15:52:28;
Sending: p606.837267299762019-02-25T15:52:29;
Sending: p557.637574977452019-02-25T15:52:30;
Sending: p599.454225141792019-02-25T15:52:31;
Sending: p564.878217026072019-02-25T15:52:32;
Sending: p562.497086816632019-02-25T15:52:33;
Sending: p603.574545727442019-02-25T15:52:34;
Sending: p570.84880299222019-02-25T15:52:35;
Sending: p603.722935071382019-02-25T15:52:36;
Sending: p600.775731339902019-02-25T15:52:37;
Sending: p605.945620637762019-02-25T15:52:38;
Sending: p611.54532108412019-02-25T15:52:39;
Sending: p602.984567183362019-02-25T15:52:40;
Sending: p612.296692243912019-02-25T15:52:41;
Sending: p590.376998304472019-02-25T15:52:43;
Sending: p591.097548807022019-02-25T15:52:44;
Sending: p618.196200879532019-02-25T15:52:45;
Sending: p615.692162522922019-02-25T15:52:46;
Sending: p625.78264503302019-02-25T15:52:47;
Sending: p630.669382828582019-02-25T15:52:48;
Sending: p594.423520653712019-02-25T15:52:49;
Sending: p606.391030373962019-02-25T15:52:50;
Sending: p616.981243820872019-02-25T15:52:51;
Sending: p597.041345135582019-02-25T15:52:52;
Sending: p615.767283652132019-02-25T15:52:53;
Sending: p644.568248466492019-02-25T15:52:54;
Sending: p631.762786586512019-02-25T15:52:55;
Sending: p643.129574612342019-02-25T15:52:56;
Sending: p642.173276697712019-02-25T15:52:57;
Sending: p686.471934308072019-02-25T15:52:58;
Sending: p616.601351624492019-02-25T15:52:59;
Sending: p597.844518162582019-02-25T15:53:00;
Sending: p679.433811249842019-02-25T15:53:01;
Sending: p679.434293399432019-02-25T15:53:02;
Sending: p690.110794063042019-02-25T15:53:04;
Sending: p668.706595531102019-02-25T15:53:05;
Sending: p679.00784380132019-02-25T15:53:06;
Sending: p689.50237021552019-02-25T15:53:07;
Sending: p662.384802996822019-02-25T15:53:08;
Sending: p678.071629838732019-02-25T15:53:09;
Sending: p716.794436150112019-02-25T15:53:10;
Sending: p710.728042004832019-02-25T15:53:11;
Sending: p742.267526143162019-02-25T15:53:12;
Sending: p734.717793593742019-02-25T15:53:13;
Sending: p719.989119301652019-02-25T15:53:14;
Sending: p688.982312776552019-02-25T15:53:15;
Sending: p673.918051367462019-02-25T15:53:16;
Sending: p755.900663241272019-02-25T15:53:17;
Sending: p765.390738511782019-02-25T15:53:18;
Sending: p775.123986724712019-02-25T15:53:19;
Sending: p781.865860351862019-02-25T15:53:20;
Sending: p795.358635802412019-02-25T15:53:21;
Sending: p719.165645957412019-02-25T15:53:22;
Sending: p711.718719255392019-02-25T15:53:23;
Sending: p731.071139789902019-02-25T15:53:25;
Sending: p720.445451747772019-02-25T15:53:26;
Sending: p798.776353748982019-02-25T15:53:27;
Sending: p780.652752433672019-02-25T15:53:28;
Sending: p820.734388032952019-02-25T15:53:29;
Sending: p824.610064689042019-02-25T15:53:30;
Sending: p805.875064583172019-02-25T15:53:31;
Sending: p775.224639724292019-02-25T15:53:32;
Sending: p756.191615267042019-02-25T15:53:33;
Sending: p830.572895584592019-02-25T15:53:34;
Sending: p786.740404169942019-02-25T15:53:35;
Sending: p809.452834924152019-02-25T15:53:36;
Sending: p818.163366376732019-02-25T15:53:37;
Sending: p820.197750471392019-02-25T15:53:38;
Sending: p782.674888408192019-02-25T15:53:39;
Sending: p864.849423652582019-02-25T15:53:40;
Sending: p871.865821295542019-02-25T15:53:41;
Sending: p863.59123118432019-02-25T15:53:42;
Sending: p809.241807454862019-02-25T15:53:43;
Sending: p820.090125266922019-02-25T15:53:44;
Sending: p893.456920555962019-02-25T15:53:46;
Sending: p947.953344188562019-02-25T15:53:47;
Sending: p949.108851628552019-02-25T15:53:48;
Sending: p952.323742111452019-02-25T15:53:49;
Sending: p913.015118212462019-02-25T15:53:50;
Sending: p987.257493519192019-02-25T15:53:51;
Sending: p1040.90755368782019-02-25T15:53:52;
Sending: p892.503936492682019-02-25T15:53:53;
Sending: p979.209663698002019-02-25T15:53:54;
Sending: p973.493049064172019-02-25T15:53:55;
Sending: p985.103265390762019-02-25T15:53:56;
Sending: p966.503206017742019-02-25T15:53:57;
Sending: p990.227659731082019-02-25T15:53:58;
Sending: p913.993681830892019-02-25T15:53:59;
Sending: p1002.91270541112019-02-25T15:54:00;
Sending: p977.477542344882019-02-25T15:54:01;
Sending: p990.634642288522019-02-25T15:54:02;
Sending: p1003.46305186362019-02-25T15:54:03;
Sending: p1016.9191546942019-02-25T15:54:04;
Sending: p1058.22701273762019-02-25T15:54:05;
Sending: p1099.04045619132019-02-25T15:54:06;
Sending: p1004.7019384962019-02-25T15:54:08;
Sending: p1081.93571044662019-02-25T15:54:09;
Sending: p1131.40572697082019-02-25T15:54:10;
Sending: p1076.20961860782019-02-25T15:54:11;
Sending: p1073.66023493272019-02-25T15:54:12;
Sending: p1078.16449471282019-02-25T15:54:13;
Sending: p1050.61433505252019-02-25T15:54:14;
Sending: p1081.48296201882019-02-25T15:54:15;
Sending: p1107.09907963812019-02-25T15:54:16;
Sending: p1116.01678295732019-02-25T15:54:17;
Sending: p1096.26807249662019-02-25T15:54:18;
Sending: p1215.50873034072019-02-25T15:54:19;
Sending: p1091.97512053922019-02-25T15:54:20;
Sending: p1130.4445247212019-02-25T15:54:21;
Sending: p1136.37882986572019-02-25T15:54:22;
Sending: p1116.17432289452019-02-25T15:54:23;
Sending: p1055.87676606922019-02-25T15:54:24;
Sending: p1049.88679648732019-02-25T15:54:25;
Sending: p1153.27158141282019-02-25T15:54:26;
Sending: p1087.7013352222019-02-25T15:54:27;
Sending: p1230.35489586442019-02-25T15:54:29;
Sending: p1026.76986224272019-02-25T15:54:30;
Sending: p1003.18700092382019-02-25T15:54:31;
Sending: p1118.5365736802019-02-25T15:54:32;
Sending: p1059.5512445962019-02-25T15:54:33;
Sending: p1146.24792150192019-02-25T15:54:34;
Sending: p1068.58224044442019-02-25T15:54:35;
Sending: p1202.61952395652019-02-25T15:54:36;
Sending: p1111.62338835602019-02-25T15:54:37;
Sending: p1122.80404474652019-02-25T15:54:38;
Sending: p1188.02994113622019-02-25T15:54:39;
Sending: p1214.10591215112019-02-25T15:54:40;
Sending: p1199.33904158292019-02-25T15:54:41;
Sending: p1211.65863317852019-02-25T15:54:42;
Sending: p1167.98379605282019-02-25T15:54:43;
Sending: p1128.687414122019-02-25T15:54:44;
Sending: p1071.41712788082019-02-25T15:54:45;
Sending: p1222.55011341752019-02-25T15:54:46;
Sending: p1176.68991096932019-02-25T15:54:47;
Sending: p1286.46218242362019-02-25T15:54:48;
Sending: p1319.84939607882019-02-25T15:54:50;
Sending: p1054.70447828322019-02-25T15:54:51;
Sending: p1088.00636372642019-02-25T15:54:52;
Sending: p1233.92456288452019-02-25T15:54:53;
Sending: p1172.66130839712019-02-25T15:54:54;
Sending: p1203.13949056142019-02-25T15:54:55;
Sending: p1320.24062714852019-02-25T15:54:56;
Sending: p1002.36249866302019-02-25T15:54:57;
Sending: p1220.25630514082019-02-25T15:54:58;
Sending: p1094.73248554742019-02-25T15:54:59;
Sending: p1020.28332380472019-02-25T15:55:00;
Sending: p1092.43290835202019-02-25T15:55:01;
Sending: p1108.50124449792019-02-25T15:55:02;
Sending: p1076.50982301292019-02-25T15:55:03;
Sending: p1073.20982021092019-02-25T15:55:04;
Sending: p1101.66673431782019-02-25T15:55:05;
Sending: p1126.29819913572019-02-25T15:55:06;
Sending: p1321.02166774922019-02-25T15:55:07;
Sending: p1151.14309089222019-02-25T15:55:08;
Sending: p1140.08725379642019-02-25T15:55:09;
Sending: p1164.32399482202019-02-25T15:55:11;
Sending: p1259.65583216682019-02-25T15:55:12;
Sending: p1197.09959261382019-02-25T15:55:13;
Sending: p1189.56394480212019-02-25T15:55:14;
Sending: p1255.25745360792019-02-25T15:55:15;
Sending: p1108.65639267022019-02-25T15:55:16;
Sending: p1133.00682199912019-02-25T15:55:17;
Sending: p1102.9042110532019-02-25T15:55:18;
Sending: p1171.4896207742019-02-25T15:55:19;
Sending: p1080.7261006782019-02-25T15:55:20;
Sending: p1159.19444557102019-02-25T15:55:21;
Sending: p1156.55655589402019-02-25T15:55:22;
Sending: p1148.52879270672019-02-25T15:55:23;
Sending: p1247.79256395392019-02-25T15:55:24;
Sending: p1070.81812309862019-02-25T15:55:25;
Sending: p1130.12649290342019-02-25T15:55:26;
Sending: p1017.19921208162019-02-25T15:55:27;
Sending: p1037.45897225572019-02-25T15:55:28;
Sending: p1218.84759330772019-02-25T15:55:30;
Sending: p1329.25848924752019-02-25T15:55:31;
Sending: p1106.63166700562019-02-25T15:55:32;
Sending: p1308.21143174382019-02-25T15:55:33;
Sending: p1371.67742551732019-02-25T15:55:34;
Sending: p1292.3301520572019-02-25T15:55:35;
Sending: p1162.500957542019-02-25T15:55:36;
Sending: p1267.03066475052019-02-25T15:55:37;
Sending: p1291.57081705562019-02-25T15:55:38;
Sending: p1175.67999142442019-02-25T15:55:39;
Sending: p1137.18295397712019-02-25T15:55:40;
Sending: p1243.99068295402019-02-25T15:55:41;
Sending: p1155.73412683282019-02-25T15:55:42;
Sending: p1190.58830519662019-02-25T15:55:43;
Sending: p1264.257150802019-02-25T15:55:44;
Sending: p1159.68942363342019-02-25T15:55:45;
Sending: p1174.33802471772019-02-25T15:55:46;
Sending: p1279.50379212152019-02-25T15:55:47;
Sending: p1118.69377078932019-02-25T15:55:48;
Sending: p1275.01672300912019-02-25T15:55:49;
Sending: p1241.82489141752019-02-25T15:55:50;
Sending: p1274.27086264982019-02-25T15:55:52;
Sending: p1262.23066006102019-02-25T15:55:53;
Sending: p1198.64748922212019-02-25T15:55:54;
Sending: p1088.00533424822019-02-25T15:55:55;
Sending: p1190.41642055582019-02-25T15:55:56;
Sending: p1030.46002793302019-02-25T15:55:57;
Sending: p1121.37970471812019-02-25T15:55:58;
Sending: p1073.95979683252019-02-25T15:55:59;
Sending: p1058.3723220242019-02-25T15:56:00;
Sending: p1052.07131461222019-02-25T15:56:01;
Sending: p1106.16555070622019-02-25T15:56:02;
Sending: p1139.92433813332019-02-25T15:56:03;
Sending: p1052.80225148842019-02-25T15:56:04;
Sending: p1191.44256724462019-02-25T15:56:05;
Sending: p1251.2452995902019-02-25T15:56:06;
Sending: p1129.64671948772019-02-25T15:56:07;
Sending: p1223.0794403402019-02-25T15:56:08;
Sending: p1106.00927462022019-02-25T15:56:09;
Sending: p1168.81653575792019-02-25T15:56:10;
Sending: p1244.71428551522019-02-25T15:56:11;
Sending: p1166.65083590872019-02-25T15:56:13;
Sending: p1236.79055544242019-02-25T15:56:14;
Sending: p1169.65031087562019-02-25T15:56:15;
Sending: p1088.1586610632019-02-25T15:56:16;
Sending: p1030.88680050192019-02-25T15:56:17;
Sending: p1099.34768778582019-02-25T15:56:18;
Sending: p1122.3287442342019-02-25T15:56:19;
Sending: p1151.30532328072019-02-25T15:56:20;
Sending: p1122.96280066502019-02-25T15:56:21;
Sending: p1081.17972811872019-02-25T15:56:22;
Sending: p1119.00957271772019-02-25T15:56:23;
Sending: p1086.02791822942019-02-25T15:56:24;
Sending: p1115.85979909242019-02-25T15:56:25;
Sending: p1110.52925379702019-02-25T15:56:26;
Sending: p1152.78063861572019-02-25T15:56:27;
Sending: p1102.43955998052019-02-25T15:56:28;
Sending: p1187.52001230842019-02-25T15:56:29;
Sending: p1121.37970471812019-02-25T15:56:30;
Sending: p1205.737663402019-02-25T15:56:31;
Sending: p1145.75942988932019-02-25T15:56:32;
Sending: p1128.84829464362019-02-25T15:56:34;
Sending: p1249.24455001662019-02-25T15:56:35;
Sending: p1224.14129657842019-02-25T15:56:36;
Sending: p1122.48688381972019-02-25T15:56:37;
Sending: p1288.35139607212019-02-25T15:56:38;
Sending: p1267.58379365402019-02-25T15:56:39;
Sending: p1124.23227770122019-02-25T15:56:40;
Sending: p1100.42919243242019-02-25T15:56:41;
Sending: p1133.00494591672019-02-25T15:56:42;
Sending: p1165.15340353432019-02-25T15:56:43;
Sending: p1176.52169961832019-02-25T15:56:44;
Sending: p1061.17238790882019-02-25T15:56:45;
Sending: p1154.25454016802019-02-25T15:56:46;
Sending: p1245.97880260332019-02-25T15:56:47;
Sending: p1150.81463034402019-02-25T15:56:48;
Sending: p1156.88601010782019-02-25T15:56:49;
Sending: p1292.89949876132019-02-25T15:56:50;
Sending: p1113.97448693692019-02-25T15:56:51;
Sending: p1107.72041437882019-02-25T15:56:52;
Sending: p1073.20931244232019-02-25T15:56:54;
Sending: p1084.96529202112019-02-25T15:56:55;
Sending: p1165.81785992912019-02-25T15:56:56;
Sending: p1204.00389437722019-02-25T15:56:57;
Sending: p1094.11854645292019-02-25T15:56:58;
Sending: p1087.09340195842019-02-25T15:56:59;
Sending: p1219.37485781842019-02-25T15:57:00;
Sending: p1064.42480708352019-02-25T15:57:01;
Sending: p1138.63365691582019-02-25T15:57:02;
Sending: p1103.37041503882019-02-25T15:57:03;
Sending: p1172.9960738392019-02-25T15:57:04;
Sending: p956.069657492592019-02-25T15:57:05;
Sending: p1137.6665294462019-02-25T15:57:06;
Sending: p1094.57747105752019-02-25T15:57:07;
Sending: p1160.84441466662019-02-25T15:57:08;
Sending: p1043.7931919322019-02-25T15:57:09;
Sending: p1088.15788885462019-02-25T15:57:10;
Sending: p1049.74047086532019-02-25T15:57:11;
Sending: p1192.29705068562019-02-25T15:57:12;
Sending: p1112.56328311692019-02-25T15:57:13;
Sending: p1225.73485651572019-02-25T15:57:15;
Sending: p1210.78458674632019-02-25T15:57:16;
Sending: p1238.40507466742019-02-25T15:57:17;
Sending: p1150.65112524252019-02-25T15:57:18;
Sending: p1140.41020611382019-02-25T15:57:19;
Sending: p1170.82103348482019-02-25T15:57:20;
Sending: p1134.77033423942019-02-25T15:57:21;
Sending: p1192.12485031512019-02-25T15:57:22;
Sending: p1253.06511551952019-02-25T15:57:23;
Sending: p1250.3360812112019-02-25T15:57:24;
Sending: p1051.48811864372019-02-25T15:57:25;
Sending: p1057.63727111062019-02-25T15:57:26;
Sending: p1127.7312765832019-02-25T15:57:27;
Sending: p1236.43048469272019-02-25T15:57:28;
Sending: p1110.68555022332019-02-25T15:57:29;
Sending: p1046.98049055862019-02-25T15:57:30;
Sending: p1094.42584991982019-02-25T15:57:31;
Sending: p1256.17189543922019-02-25T15:57:32;
Sending: p1094.73170864272019-02-25T15:57:33;
Sending: p1194.00922278342019-02-25T15:57:35;
Sending: p1182.08727423572019-02-25T15:57:36;
Sending: p1098.42398069172019-02-25T15:57:37;
Sending: p1123.59598264192019-02-25T15:57:38;
Sending: p1111.31206620742019-02-25T15:57:39;
Sending: p1233.7466529532019-02-25T15:57:40;
Sending: p1260.94060619812019-02-25T15:57:41;
Sending: p1275.76345117932019-02-25T15:57:42;
Sending: p1265.36537321302019-02-25T15:57:43;
Sending: p1139.44088960942019-02-25T15:57:44;
Sending: p1177.02670434502019-02-25T15:57:45;
Sending: p1257.63828216552019-02-25T15:57:46;
Sending: p1333.79853892472019-02-25T15:57:47;
Sending: p1153.27158141282019-02-25T15:57:48;
Sending: p1176.35268421412019-02-25T15:57:49;
Sending: p1290.80992398322019-02-25T15:57:50;
Sending: p1236.07288808582019-02-25T15:57:51;
Sending: p1087.85332131652019-02-25T15:57:52;
Sending: p1124.39102386082019-02-25T15:57:53;
Sending: p1240.38226569032019-02-25T15:57:54;
Sending: p1146.73586434862019-02-25T15:57:56;
Sending: p1113.50313131662019-02-25T15:57:57;
Sending: p1110.37298523442019-02-25T15:57:58;
Sending: p1120.27285140142019-02-25T15:57:59;
Sending: p1109.12331428392019-02-25T15:58:00;
Sending: p1263.15048283592019-02-25T15:58:01;
Sending: p1101.9751566122019-02-25T15:58:02;
Sending: p1104.92108845092019-02-25T15:58:03;
Sending: p1142.18974240262019-02-25T15:58:04;
Sending: p1103.36989304092019-02-25T15:58:05;
Sending: p1206.08514413782019-02-25T15:58:06;
Sending: p1064.12909509712019-02-25T15:58:07;
Sending: p1191.61210444892019-02-25T15:58:08;
Sending: p1121.5376745622019-02-25T15:58:09;
Sending: p1114.28807364772019-02-25T15:58:10;
Sending: p1216.55983694502019-02-25T15:58:11;
Sending: p1210.43622567382019-02-25T15:58:12;
Sending: p1215.1574712862019-02-25T15:58:13;
Sending: p1308.40401083032019-02-25T15:58:14;
Sending: p1092.8919730962019-02-25T15:58:16;
Sending: p1210.78544601082019-02-25T15:58:17;
Sending: p1259.4722185302019-02-25T15:58:18;
Sending: p1275.76345117932019-02-25T15:58:19;
Sending: p1214.10476324492019-02-25T15:58:20;
Sending: p1219.72595348732019-02-25T15:58:21;
Sending: p1237.32842670662019-02-25T15:58:22;
Sending: p1275.39137387282019-02-25T15:58:23;
Sending: p1213.40743593462019-02-25T15:58:24;
Sending: p1306.28396294832019-02-25T15:58:25;
Sending: p1298.03955179402019-02-25T15:58:26;
Sending: p1216.73628643702019-02-25T15:58:27;
Sending: p1168.48163509862019-02-25T15:58:28;
Sending: p1144.62163870162019-02-25T15:58:29;
Sending: p1124.3899599132019-02-25T15:58:30;
Sending: p1150.48764973452019-02-25T15:58:31;
Sending: p1077.25964950692019-02-25T15:58:32;
Sending: p1151.30505091902019-02-25T15:58:33;
Sending: p1183.27309466572019-02-25T15:58:34;
Sending: p1244.89424033332019-02-25T15:58:35;
Sending: p1117.43274978082019-02-25T15:58:37;
Sending: p1077.7114425892019-02-25T15:58:38;
Sending: p1260.75883790812019-02-25T15:58:39;
Sending: p1327.48706092782019-02-25T15:58:40;
Sending: p1253.06689418152019-02-25T15:58:41;
Sending: p1114.28728284962019-02-25T15:58:42;
Sending: p1324.7373480312019-02-25T15:58:43;
Sending: p1108.49914675782019-02-25T15:58:44;
Sending: p1290.4330535152019-02-25T15:58:45;
Sending: p1141.05673001152019-02-25T15:58:46;
Sending: p1223.25652697182019-02-25T15:58:47;
Sending: p1150.16051537902019-02-25T15:58:48;
Sending: p1124.39049189752019-02-25T15:58:49;
Sending: p1165.32036822792019-02-25T15:58:50;
Sending: p1139.60209997762019-02-25T15:58:51;
Sending: p1040.33039757662019-02-25T15:58:52;
Sending: p1198.99376885012019-02-25T15:58:53;
Sending: p1264.99542712512019-02-25T15:58:54;
Sending: p1261.86070518562019-02-25T15:58:55;
Sending: p1175.84916157132019-02-25T15:58:56;
Sending: p1131.56308387532019-02-25T15:58:58;
Sending: p1182.93485316022019-02-25T15:58:59;
Sending: p1040.33187421502019-02-25T15:59:00;
Sending: p1033.73786489652019-02-25T15:59:01;
Sending: p1194.69395649782019-02-25T15:59:02;
Sending: p1049.74022254512019-02-25T15:59:03;
Sending: p1071.71564762742019-02-25T15:59:04;
Sending: p1100.2742003902019-02-25T15:59:05;
Sending: p1219.37543469752019-02-25T15:59:06;
Sending: p1006.63231382122019-02-25T15:59:07;
Sending: p1276.88294531322019-02-25T15:59:08;
Sending: p1313.43183216902019-02-25T15:59:09;
Sending: p1133.80710842562019-02-25T15:59:10;
Sending: p1197.96126505742019-02-25T15:59:11;
Sending: p1216.73714992532019-02-25T15:59:12;
Sending: p1181.91863453482019-02-25T15:59:13;
Sending: p1240.38197224452019-02-25T15:59:14;
Sending: p1216.38629783192019-02-25T15:59:15;
Sending: p1166.15040750362019-02-25T15:59:16;
Sending: p1146.73667815932019-02-25T15:59:17;
Sending: p1090.75132477342019-02-25T15:59:19;
Sending: p1216.56242703622019-02-25T15:59:20;
Sending: p1257.82244264482019-02-25T15:59:21;
Sending: p1240.20403312282019-02-25T15:59:22;
Sending: p1140.41047588242019-02-25T15:59:23;
Sending: p1096.42157345982019-02-25T15:59:24;
Sending: p1151.79682775672019-02-25T15:59:25;
Sending: p1125.81942256312019-02-25T15:59:26;
Sending: p1068.13627526312019-02-25T15:59:27;
Sending: p1190.9282254582019-02-25T15:59:28;
Sending: p1173.16419613432019-02-25T15:59:29;
Sending: p1089.37543258042019-02-25T15:59:30;
Sending: p1072.16349706412019-02-25T15:59:31;
Sending: p1214.80662997362019-02-25T15:59:32;
Sending: p1081.33082009332019-02-25T15:59:33;
Sending: p1165.15312789122019-02-25T15:59:34;
Sending: p1119.79864510392019-02-25T15:59:35;
Sending: p1244.35065018342019-02-25T15:59:36;
Sending: p1165.81841152442019-02-25T15:59:37;
Sending: p1103.52387038102019-02-25T15:59:38;
Sending: p1182.59645570592019-02-25T15:59:40;
Sending: p1188.37061179602019-02-25T15:59:41;
Sending: p1222.90151875462019-02-25T15:59:42;
Sending: p1252.70307167892019-02-25T15:59:43;
Sending: p1100.73769689802019-02-25T15:59:44;
Sending: p1164.15831370892019-02-25T15:59:45;
Sending: p1226.79939105722019-02-25T15:59:46;
Sending: p1122.8043103602019-02-25T15:59:47;
Sending: p1184.96840395102019-02-25T15:59:48;
Sending: p1188.36920617342019-02-25T15:59:49;
Sending: p1109.1220023192019-02-25T15:59:50;
Sending: p1114.44372258392019-02-25T15:59:51;
Sending: p1047.12336112042019-02-25T15:59:52;
Sending: p1091.66765330512019-02-25T15:59:53;
Sending: p1153.10599471932019-02-25T15:59:54;
Sending: p1154.25481323272019-02-25T15:59:55;
Sending: p1263.88852075852019-02-25T15:59:56;
Sending: p1297.08540399632019-02-25T15:59:57;
Sending: p1211.83273702272019-02-25T15:59:58;
Sending: p1278.5663920292019-02-25T15:59:59;
Sending: p1211.83388364492019-02-25T16:00:00;
Sending: p1114.2888644002019-02-25T16:00:02;
Sending: p1113.34817581562019-02-25T16:00:03;
Sending: p1245.797761022019-02-25T16:00:04;
Sending: p1213.40600078192019-02-25T16:00:05;
Sending: p1048.86876028622019-02-25T16:00:06;
Sending: p1056.90386230452019-02-25T16:00:07;
Sending: p1286.2731850932019-02-25T16:00:08;
Sending: p1249.42682974572019-02-25T16:00:09;
Sending: p1287.78343143842019-02-25T16:00:10;
Sending: p1061.17288994322019-02-25T16:00:11;
Sending: p1141.05726985972019-02-25T16:00:12;
Sending: p1249.42653419472019-02-25T16:00:13;
Sending: p1253.97868017472019-02-25T16:00:14;
Sending: p1195.55256197442019-02-25T16:00:15;
Sending: p1325.32724489552019-02-25T16:00:16;
Sending: p1236.61123452802019-02-25T16:00:17;
Sending: p1291.3808447652019-02-25T16:00:18;
Sending: p1162.33395784422019-02-25T16:00:19;
Sending: p1159.02887307662019-02-25T16:00:20;
Sending: p1123.12052227972019-02-25T16:00:21;
Sending: p1070.22156502442019-02-25T16:00:23;
Sending: p1191.27108843402019-02-25T16:00:24;
Sending: p1031.45641925642019-02-25T16:00:25;
Sending: p1156.88683107392019-02-25T16:00:26;
Sending: p1238.22574472202019-02-25T16:00:27;
Sending: p1247.42924410442019-02-25T16:00:28;
Sending: p1216.73628643702019-02-25T16:00:29;
Sending: p1082.99331073172019-02-25T16:00:30;
Sending: p1194.52300845862019-02-25T16:00:31;
Sending: p1112.72073201362019-02-25T16:00:32;
Sending: p1141.70426054502019-02-25T16:00:33;
Sending: p1096.88379644082019-02-25T16:00:34;
Sending: p1137.98968644492019-02-25T16:00:35;
Sending: p1159.68942363342019-02-25T16:00:36;
Sending: p1191.78364617802019-02-25T16:00:37;
Sending: p1212.00887993412019-02-25T16:00:38;
Sending: p1092.43420042402019-02-25T16:00:39;
Sending: p1273.33993470372019-02-25T16:00:40;
Sending: p1112.09215759192019-02-25T16:00:41;
Sending: p1189.22367987772019-02-25T16:00:43;
Sending: p1247.24763535982019-02-25T16:00:44;
Sending: p1124.23280956892019-02-25T16:00:45;
Sending: p1291.19243586772019-02-25T16:00:46;
Sending: p1316.53827546312019-02-25T16:00:47;
Sending: p1272.96636496002019-02-25T16:00:48;
Sending: p1089.6820854052019-02-25T16:00:49;
Sending: p1178.54170948712019-02-25T16:00:50;
Sending: p1052.21829730382019-02-25T16:00:51;
Sending: p1197.61593416042019-02-25T16:00:52;
Sending: p1288.91816133962019-02-25T16:00:53;
Sending: p1208.5185386062019-02-25T16:00:54;
Sending: p1199.68273905152019-02-25T16:00:55;
Sending: p1308.79051822912019-02-25T16:00:56;
Sending: p1204.6982715892019-02-25T16:00:57;
Sending: p1158.03935745582019-02-25T16:00:58;
Sending: p1195.20953387432019-02-25T16:00:59;
Sending: p1274.08448593162019-02-25T16:01:00;
Sending: p1209.04178103792019-02-25T16:01:01;
Sending: p1134.60999279332019-02-25T16:01:02;
Sending: p1232.49433869542019-02-25T16:01:03;
Sending: p1135.25206865772019-02-25T16:01:05;
Sending: p1281.38035778092019-02-25T16:01:06;
Sending: p1133.32508088922019-02-25T16:01:07;
Sending: p1250.51679164262019-02-25T16:01:08;
Sending: p1070.2230839712019-02-25T16:01:09;
Sending: p1271.293971872019-02-25T16:01:10;
Sending: p1236.61123452802019-02-25T16:01:11;
Sending: p1292.5184712362019-02-25T16:01:12;
Sending: p1097.65367677212019-02-25T16:01:13;
Sending: p1177.86825187202019-02-25T16:01:14;
Sending: p1187.52057408432019-02-25T16:01:15;
Sending: p1199.68273905152019-02-25T16:01:16;
Sending: p1059.25598337272019-02-25T16:01:17;
Sending: p1207.1272155032019-02-25T16:01:18;
Sending: p1170.31776742982019-02-25T16:01:19;
Sending: p1226.26770027292019-02-25T16:01:20;
Sending: p1161.01086723952019-02-25T16:01:21;
Sending: p1238.40683231482019-02-25T16:01:22;
Sending: p1218.31774025602019-02-25T16:01:23;
Sending: p1120.7470473062019-02-25T16:01:24;
Sending: p1262.0447694872019-02-25T16:01:25;
Sending: p1140.57213064052019-02-25T16:01:26;
Sending: p1154.91271640002019-02-25T16:01:28;
Sending: p1053.24191714532019-02-25T16:01:29;
Sending: p1061.76310228852019-02-25T16:01:30;
Sending: p1214.80691735212019-02-25T16:01:31;
Sending: p1224.84976323432019-02-25T16:01:32;
Sending: p1169.64975747802019-02-25T16:01:33;
Sending: p1075.60952652572019-02-25T16:01:34;
Sending: p1176.68907593402019-02-25T16:01:35;
Sending: p1135.89541279182019-02-25T16:01:36;
Sending: p1108.34402651292019-02-25T16:01:37;
Sending: p1179.04754436242019-02-25T16:01:38;
Sending: p1232.6746401392019-02-25T16:01:39;
Sending: p1193.1537309672019-02-25T16:01:40;
Sending: p1068.58299879142019-02-25T16:01:41;
Sending: p1172.32472384252019-02-25T16:01:42;
Sending: p1297.46818135552019-02-25T16:01:43;
Sending: p1091.97460394252019-02-25T16:01:44;
Sending: p1244.89541823792019-02-25T16:01:45;
Sending: p1113.8176038042019-02-25T16:01:46;
Sending: p1091.05717574322019-02-25T16:01:47;
Sending: p1145.9223213512019-02-25T16:01:48;
Sending: p1163.99321336972019-02-25T16:01:50;
Sending: p1078.01243064622019-02-25T16:01:51;
Sending: p1091.66842803532019-02-25T16:01:52;
Sending: p1155.24157380862019-02-25T16:01:53;
Sending: p1171.82534466902019-02-25T16:01:54;
Sending: p1324.34845092302019-02-25T16:01:55;
Sending: p1229.46637624932019-02-25T16:01:56;
Sending: p1231.42547510342019-02-25T16:01:57;
Sending: p1175.84888343052019-02-25T16:01:58;
Sending: p1080.57537092322019-02-25T16:01:59;
Sending: p1190.92991582142019-02-25T16:02:00;
Sending: p1096.73047305682019-02-25T16:02:01;
Sending: p1138.63661951962019-02-25T16:02:02;
Sending: p1094.27399640302019-02-25T16:02:03;
Sending: p1152.61568700822019-02-25T16:02:04;
Sending: p1167.65002857732019-02-25T16:02:05;
Sending: p1195.55397606602019-02-25T16:02:06;
Sending: p1194.352656852019-02-25T16:02:07;
Sending: p1201.06419303702019-02-25T16:02:08;
Sending: p1249.97121364322019-02-25T16:02:09;
Sending: p1211.30851626552019-02-25T16:02:10;
Sending: p1214.28247910762019-02-25T16:02:12;
Sending: p1196.75599529042019-02-25T16:02:13;
Sending: p1288.91785643502019-02-25T16:02:14;
Sending: p1091.66687853022019-02-25T16:02:15;
Sending: p1217.6164339472019-02-25T16:02:16;
Sending: p1204.1782950952019-02-25T16:02:17;
Sending: p1158.203653932019-02-25T16:02:18;
Sending: p1308.79206607692019-02-25T16:02:19;
Sending: p1230.71210762692019-02-25T16:02:20;
Sending: p1280.44178052962019-02-25T16:02:21;
Sending: p1203.83066505452019-02-25T16:02:22;
Sending: p1266.84386087732019-02-25T16:02:23;
Sending: p1253.79643234202019-02-25T16:02:24;
Sending: p1153.59902472792019-02-25T16:02:25;
Sending: p1139.44142868272019-02-25T16:02:26;
Sending: p1057.0511929802019-02-25T16:02:27;
Sending: p1215.33394697392019-02-25T16:02:28;
Sending: p1117.27551322642019-02-25T16:02:29;
Sending: p1253.61510840292019-02-25T16:02:30;
Sending: p1099.04071616862019-02-25T16:02:31;
Sending: p1086.33235446172019-02-25T16:02:32;
Sending: p1173.33123900912019-02-25T16:02:34;
Sending: p1137.02217885512019-02-25T16:02:35;
Sending: p1233.03184431672019-02-25T16:02:36;
Sending: p1186.66850842082019-02-25T16:02:37;
Sending: p1198.64720564422019-02-25T16:02:38;
Sending: p1105.85302638252019-02-25T16:02:39;
Sending: p1117.43301411402019-02-25T16:02:40;
Sending: p1231.60441001152019-02-25T16:02:41;
Sending: p1238.22603762922019-02-25T16:02:42;
Sending: p1217.79163979242019-02-25T16:02:43;
Sending: p1170.82131042562019-02-25T16:02:44;
Sending: p1172.32638776792019-02-25T16:02:45;
Sending: p1223.08117623622019-02-25T16:02:46;
Sending: p1143.16257634012019-02-25T16:02:47;
Sending: p1226.9789124112019-02-25T16:02:48;
Sending: p1229.46434040542019-02-25T16:02:49;
Sending: p1248.51843202762019-02-25T16:02:50;
Sending: p1183.27337457902019-02-25T16:02:51;
Sending: p1213.75660942292019-02-25T16:02:52;
Sending: p1169.98536215652019-02-25T16:02:54;
Sending: p1111.15539527932019-02-25T16:02:55;
Sending: p1146.0849711502019-02-25T16:02:56;
Sending: p1078.61498008052019-02-25T16:02:57;
Sending: p1166.81724618922019-02-25T16:02:58;
Sending: p1139.92595610312019-02-25T16:02:59;
Sending: p1148.69354401752019-02-25T16:03:00;
Sending: p1141.54294167532019-02-25T16:03:01;
Sending: p1129.48649625672019-02-25T16:03:02;
Sending: p1223.43364657192019-02-25T16:03:03;
Sending: p1216.38744871782019-02-25T16:03:04;
Sending: p1195.8985452472019-02-25T16:03:05;
Sending: p1223.96346608222019-02-25T16:03:06;
Sending: p1170.82103348482019-02-25T16:03:07;
Sending: p1210.78544601082019-02-25T16:03:08;
Sending: p1177.5317076702019-02-25T16:03:09;
Sending: p1154.25481323272019-02-25T16:03:10;
Sending: p1171.32097355462019-02-25T16:03:11;
Sending: p1187.00783684412019-02-25T16:03:12;
Sending: p1260.39003675842019-02-25T16:03:13;
Sending: p1307.24661636782019-02-25T16:03:15;
Sending: p1100.73769689802019-02-25T16:03:16;
Sending: p1123.12211639882019-02-25T16:03:17;
Sending: p1133.32642140472019-02-25T16:03:18;
Sending: p1201.40909373662019-02-25T16:03:19;
Sending: p1285.51816406252019-02-25T16:03:20;
Sending: p1130.60465309432019-02-25T16:03:21;
Sending: p1139.44088960942019-02-25T16:03:22;
Sending: p1093.81264568272019-02-25T16:03:23;
Sending: p1174.33691357362019-02-25T16:03:24;
Sending: p1124.39182176732019-02-25T16:03:25;
Sending: p997.022982392312019-02-25T16:03:26;
Sending: p1226.97688080522019-02-25T16:03:27;
Sending: p1076.81089720102019-02-25T16:03:28;
Sending: p1151.79655528932019-02-25T16:03:29;
Sending: p1106.7888396502019-02-25T16:03:30;
Sending: p1175.51307685602019-02-25T16:03:31;
Sending: p1078.31556535472019-02-25T16:03:32;
Sending: p1234.64062292202019-02-25T16:03:34;
Sending: p1192.8118671532019-02-25T16:03:35;
Sending: p1122.64664514132019-02-25T16:03:36;
Sending: p1059.5512445962019-02-25T16:03:37;
Sending: p1084.66313523532019-02-25T16:03:38;
Sending: p1128.52869826282019-02-25T16:03:39;
Sending: p1216.21077673382019-02-25T16:03:40;
Sending: p1267.76923917092019-02-25T16:03:41;
Sending: p1225.02717967192019-02-25T16:03:42;
Sending: p1236.61094200852019-02-25T16:03:43;
Sending: p1188.7116887602019-02-25T16:03:44;
Sending: p1257.82155006882019-02-25T16:03:45;
Sending: p1233.56848432022019-02-25T16:03:46;
Sending: p1225.73398660802019-02-25T16:03:47;
Sending: p1205.3911665912019-02-25T16:03:48;
Sending: p1202.10155157192019-02-25T16:03:49;
Sending: p1117.90515684892019-02-25T16:03:50;
Sending: p1145.11086741052019-02-25T16:03:51;
Sending: p1076.80987833592019-02-25T16:03:52;
Sending: p1077.86268831392019-02-25T16:03:54;
Sending: p1185.30935300062019-02-25T16:03:55;
Sending: p1205.73937472532019-02-25T16:03:56;
Sending: p1068.13703326402019-02-25T16:03:57;
Sending: p1234.99914584902019-02-25T16:03:58;
Sending: p1121.22202833782019-02-25T16:03:59;
Sending: p1105.0761245182019-02-25T16:04:00;
Sending: p1138.95608548582019-02-25T16:04:01;
Sending: p1148.03960660902019-02-25T16:04:02;
Sending: p1222.37344751132019-02-25T16:04:03;
Sending: p1169.98563890502019-02-25T16:04:04;
Sending: p1182.76745741322019-02-25T16:04:05;
Sending: p1267.39928265562019-02-25T16:04:06;
Sending: p1081.48321783292019-02-25T16:04:07;
Sending: p1174.50722604382019-02-25T16:04:08;
Sending: p1231.24569981442019-02-25T16:04:09;
Sending: p1295.18168083252019-02-25T16:04:10;
Sending: p1157.71085371422019-02-25T16:04:11;
Sending: p1247.43101455962019-02-25T16:04:13;
Sending: p1260.02316332722019-02-25T16:04:14;
Sending: p1153.5995705102019-02-25T16:04:15;
Sending: p1304.74483408732019-02-25T16:04:16;
Sending: p1038.60747739492019-02-25T16:04:17;
Sending: p1219.5503893882019-02-25T16:04:18;
Sending: p1264.81230166102019-02-25T16:04:19;
Sending: p1167.31693504052019-02-25T16:04:20;
Sending: p1114.75932287642019-02-25T16:04:21;
Sending: p1112.72073201362019-02-25T16:04:22;
Sending: p1124.86876347272019-02-25T16:04:23;
Sending: p1205.73937472532019-02-25T16:04:24;
Sending: p1142.67656826292019-02-25T16:04:25;
Sending: p1175.00779023402019-02-25T16:04:26;
Sending: p1169.31704160092019-02-25T16:04:27;
Sending: p1246.70448839152019-02-25T16:04:29;
Sending: p1177.02586908702019-02-25T16:04:30;
Sending: p1203.31202292032019-02-25T16:04:31;
Sending: p1260.75883790812019-02-25T16:04:32;
Sending: p1225.38240155162019-02-25T16:04:33;
Sending: p1230.17706754182019-02-25T16:04:34;
Sending: p1197.10015897672019-02-25T16:04:35;
Sending: p1152.45321885992019-02-25T16:04:36;
Sending: p1117.11804048892019-02-25T16:04:37;
Sending: p1149.99767274602019-02-25T16:04:38;
Sending: p1056.31704626322019-02-25T16:04:39;
Sending: p1089.53003412762019-02-25T16:04:40;
Sending: p1177.53142913722019-02-25T16:04:41;
Sending: p1260.75883790812019-02-25T16:04:42;
Sending: p1339.1542631172019-02-25T16:04:43;
Sending: p1220.25572784502019-02-25T16:04:44;
Sending: p1129.00599935672019-02-25T16:04:46;
Sending: p1189.90546044442019-02-25T16:04:47;
Sending: p1204.52519899362019-02-25T16:04:48;
Sending: p1198.82174741462019-02-25T16:04:49;
Sending: p1273.71183847712019-02-25T16:04:50;
Sending: p1283.4467928912019-02-25T16:04:51;
Sending: p1245.25690203622019-02-25T16:04:52;
Sending: p1273.33812733572019-02-25T16:04:53;
Sending: p1359.84173923132019-02-25T16:04:54;
Sending: p1226.97920261862019-02-25T16:04:55;
Sending: p1185.98882169652019-02-25T16:04:56;
Sending: p1320.04483660012019-02-25T16:04:57;
Sending: p1188.711407572019-02-25T16:04:58;
