Dbg: 18939664 - 3856 | 560 496 132019-02-25T16:05:24;
Connected: COM2019-02-25T16:05:27;
Sending: p1158.53398053242019-02-25T16:05:28;
Sending: p1253.43411483172019-02-25T16:05:29;
Sending: p1158.86333068012019-02-25T16:05:30;
Sending: p1191.27024300182019-02-25T16:05:31;
Sending: p1087.09263052012019-02-25T16:05:32;
Sending: p1267.2142069622019-02-25T16:05:33;
Sending: p1173.49747948492019-02-25T16:05:34;
Sending: p1103.83634588732019-02-25T16:05:35;
Sending: p1141.38165182682019-02-25T16:05:36;
Sending: v702019-02-25T16:05:36;
Valve PWM: 7002019-02-25T16:05:36;
Sending: p1282.50685811982019-02-25T16:05:37;
Sending: p1045.67424374142019-02-25T16:05:38;
Sending: p1074.10885506902019-02-25T16:05:39;
Sending: p1270.54973007562019-02-25T16:05:40;
Sending: p1091.97305403312019-02-25T16:05:41;
Sending: p1194.18205393112019-02-25T16:05:42;
Sending: p1257.27155252962019-02-25T16:05:43;
Sending: v602019-02-25T16:05:44;
Valve PWM: 6002019-02-25T16:05:44;
Sending: p1250.51708746312019-02-25T16:05:44;
Sending: p1125.50197907182019-02-25T16:05:45;
Sending: p1241.64404105592019-02-25T16:05:46;
Sending: p1165.1539548042019-02-25T16:05:48;
Sending: p1199.33932527472019-02-25T16:05:49;
Sending: p1075.00833073872019-02-25T16:05:50;
Sending: v652019-02-25T16:05:50;
Valve PWM: 6502019-02-25T16:05:50;
Sending: p1204.8716611302019-02-25T16:05:51;
Sending: p1147.06230149182019-02-25T16:05:52;
Sending: p1231.24628235492019-02-25T16:05:53;
Sending: p1100.73899884332019-02-25T16:05:54;
Sending: p1253.24989431602019-02-25T16:05:55;
Sending: p1108.81235524162019-02-25T16:05:56;
Sending: v802019-02-25T16:05:56;
Valve PWM: 8002019-02-25T16:05:56;
Sending: p1182.42772298562019-02-25T16:05:57;
Sending: p1103.37119799782019-02-25T16:05:58;
Sending: p1303.20868130652019-02-25T16:05:59;
Sending: v652019-02-25T16:06:00;
Valve PWM: 6502019-02-25T16:06:00;
Sending: p1191.27108843402019-02-25T16:06:00;
Sending: p1144.29716772902019-02-25T16:06:01;
Sending: p1159.52293811572019-02-25T16:06:02;
Sending: p1076.50956836532019-02-25T16:06:03;
Sending: p1172.49272338062019-02-25T16:06:04;
Sending: p1126.29793270552019-02-25T16:06:05;
Sending: p1179.2162176912019-02-25T16:06:06;
Sending: p1016.22003396692019-02-25T16:06:07;
Sending: p1037.17215626632019-02-25T16:06:08;
Sending: p1045.09500551872019-02-25T16:06:09;
Sending: p1043.35921293312019-02-25T16:06:10;
Sending: p964.928639541082019-02-25T16:06:11;
Sending: p1022.6761590652019-02-25T16:06:12;
Sending: p1016.49936962302019-02-25T16:06:14;
Sending: p1039.32422855002019-02-25T16:06:15;
Sending: p938.39907563012019-02-25T16:06:16;
Sending: p866.108434636622019-02-25T16:06:17;
Sending: p893.576052433472019-02-25T16:06:18;
Sending: p887.2866312312019-02-25T16:06:19;
Sending: p997.02227484342019-02-25T16:06:20;
Sending: p881.055385409732019-02-25T16:06:21;
Sending: p906.678396704902019-02-25T16:06:22;
Sending: p898.836869878882019-02-25T16:06:23;
Sending: p809.03027306272019-02-25T16:06:24;
Sending: p806.609246119582019-02-25T16:06:25;
Sending: p806.714713895482019-02-25T16:06:26;
Sending: p842.989833839862019-02-25T16:06:27;
Sending: p848.336028104412019-02-25T16:06:28;
Sending: p790.11165540232019-02-25T16:06:29;
Sending: p769.344140589102019-02-25T16:06:30;
Sending: p784.906842905292019-02-25T16:06:31;
Sending: p773.922880997882019-02-25T16:06:32;
Sending: p770.535136310442019-02-25T16:06:33;
Sending: p750.486972403952019-02-25T16:06:34;
Sending: p756.482882582832019-02-25T16:06:36;
Sending: p755.608417519212019-02-25T16:06:37;
Sending: p753.187633318982019-02-25T16:06:38;
Sending: p751.257157574282019-02-25T16:06:39;
Sending: p727.353630353062019-02-25T16:06:40;
Sending: p732.283145416152019-02-25T16:06:41;
Sending: p742.550525595782019-02-25T16:06:42;
Sending: p683.799728208052019-02-25T16:06:43;
Sending: p697.105227114032019-02-25T16:06:44;
Sending: p683.37060231812019-02-25T16:06:45;
Sending: p699.487115481412019-02-25T16:06:46;
Sending: p710.907551364012019-02-25T16:06:47;
Sending: p702.853941271672019-02-25T16:06:48;
Sending: p685.522097578172019-02-25T16:06:49;
Sending: p684.14332893042019-02-25T16:06:50;
Sending: p706.866662817812019-02-25T16:06:51;
Sending: p683.541922408932019-02-25T16:06:52;
Sending: p681.997559291932019-02-25T16:06:53;
Sending: p668.203908385642019-02-25T16:06:54;
Sending: p675.353509908172019-02-25T16:06:55;
Sending: p697.546320294632019-02-25T16:06:56;
Sending: p676.117339604772019-02-25T16:06:57;
Sending: p708.4794304772019-02-25T16:06:59;
Sending: p720.536862662372019-02-25T16:07:00;
Sending: p730.231905655002019-02-25T16:07:01;
Sending: p659.249190877352019-02-25T16:07:02;
Sending: p641.53548735332019-02-25T16:07:03;
Sending: p650.521549908882019-02-25T16:07:04;
Sending: p663.625201403512019-02-25T16:07:05;
Sending: p670.213126111482019-02-25T16:07:06;
Sending: p700.547316261282019-02-25T16:07:07;
Sending: p674.0013935522019-02-25T16:07:08;
Sending: p663.460070955042019-02-25T16:07:09;
Sending: p661.888021353582019-02-25T16:07:10;
Sending: p718.981730009752019-02-25T16:07:11;
Sending: p694.997907229472019-02-25T16:07:12;
Sending: p674.846520388502019-02-25T16:07:13;
Sending: p712.259841174062019-02-25T16:07:14;
Sending: p689.935190202392019-02-25T16:07:15;
Sending: p722.187917349542019-02-25T16:07:16;
Sending: p703.475684054202019-02-25T16:07:17;
Sending: p644.406712949172019-02-25T16:07:18;
Sending: p657.279864630522019-02-25T16:07:19;
Sending: p633.716315749482019-02-25T16:07:20;
Sending: p657.115402341672019-02-25T16:07:21;
Sending: p669.626527227072019-02-25T16:07:23;
Sending: p701.256693094052019-02-25T16:07:24;
Sending: p682.683581709772019-02-25T16:07:25;
Sending: p632.933308654542019-02-25T16:07:26;
Sending: p711.627318115862019-02-25T16:07:27;
Sending: p644.806219662522019-02-25T16:07:28;
Sending: p707.40347767962019-02-25T16:07:29;
Sending: p640.978391562542019-02-25T16:07:30;
Sending: p691.763152748952019-02-25T16:07:31;
Sending: p718.341446172532019-02-25T16:07:32;
Sending: p710.816780895932019-02-25T16:07:33;
Sending: p653.604924993002019-02-25T16:07:34;
Sending: p650.683247196702019-02-25T16:07:35;
Sending: p684.315531588952019-02-25T16:07:36;
Sending: p692.897488505532019-02-25T16:07:37;
Sending: p640.819610454722019-02-25T16:07:38;
Sending: p639.311370441812019-02-25T16:07:39;
Sending: p655.234789508482019-02-25T16:07:40;
Sending: p681.911562760632019-02-25T16:07:41;
Sending: p646.409850295402019-02-25T16:07:42;
Sending: p653.523862221572019-02-25T16:07:44;
Sending: p658.755878302382019-02-25T16:07:45;
Sending: p624.163042197082019-02-25T16:07:46;
Sending: p644.166634681292019-02-25T16:07:47;
Sending: p663.376112000802019-02-25T16:07:48;
Sending: p691.762825429012019-02-25T16:07:49;
Sending: p677.305125231972019-02-25T16:07:50;
Sending: p680.116869765542019-02-25T16:07:51;
Sending: p716.33735253042019-02-25T16:07:52;
Sending: p651.33129389862019-02-25T16:07:53;
Sending: p704.365331896462019-02-25T16:07:54;
Sending: p684.315531588952019-02-25T16:07:55;
Sending: p712.801968538072019-02-25T16:07:56;
Sending: p710.545730208072019-02-25T16:07:57;
Sending: p677.388976332022019-02-25T16:07:58;
Sending: p693.246804546772019-02-25T16:07:59;
Sending: p709.466472276042019-02-25T16:08:00;
Sending: p728.46550213242019-02-25T16:08:01;
Sending: p725.687196750662019-02-25T16:08:02;
Sending: p704.632692483392019-02-25T16:08:03;
Sending: p697.369743475362019-02-25T16:08:04;
Sending: p672.482790325182019-02-25T16:08:06;
Sending: p691.937519303002019-02-25T16:08:07;
Sending: p662.961841832712019-02-25T16:08:08;
Sending: p648.904948543232019-02-25T16:08:09;
Sending: p655.478476111162019-02-25T16:08:10;
Sending: p613.575283673902019-02-25T16:08:11;
Sending: p672.397608299962019-02-25T16:08:12;
Sending: p679.944177318932019-02-25T16:08:13;
Sending: p654.418855634522019-02-25T16:08:14;
Sending: p672.987150431642019-02-25T16:08:15;
Sending: p673.493562785972019-02-25T16:08:16;
Sending: p701.610297311462019-02-25T16:08:17;
Sending: p705.346089316522019-02-25T16:08:18;
Sending: p670.716534175712019-02-25T16:08:19;
Sending: p743.595179043252019-02-25T16:08:20;
Sending: p696.841162050812019-02-25T16:08:21;
Sending: p710.635618166242019-02-25T16:08:22;
Sending: p735.090779199522019-02-25T16:08:23;
Sending: p690.195595609352019-02-25T16:08:24;
Sending: p668.620726333662019-02-25T16:08:25;
Sending: p720.444088235952019-02-25T16:08:26;
Sending: p658.180470658192019-02-25T16:08:27;
Sending: p706.596936292212019-02-25T16:08:29;
Sending: p645.206789766912019-02-25T16:08:30;
Sending: p688.372326266382019-02-25T16:08:31;
Sending: p714.793889354642019-02-25T16:08:32;
Sending: p650.197532223812019-02-25T16:08:33;
Sending: p711.987617510952019-02-25T16:08:34;
Sending: p709.915893138882019-02-25T16:08:35;
Sending: p643.367967249992019-02-25T16:08:36;
Sending: p716.61023799002019-02-25T16:08:37;
Sending: p702.141940113982019-02-25T16:08:38;
Sending: p717.155878538642019-02-25T16:08:39;
Sending: p713.252773904402019-02-25T16:08:40;
Sending: p656.541729340312019-02-25T16:08:41;
Sending: p706.597772148072019-02-25T16:08:42;
Sending: p662.546944365082019-02-25T16:08:43;
Sending: p652.710044302922019-02-25T16:08:44;
Sending: p644.486254835082019-02-25T16:08:45;
Sending: p667.785351802252019-02-25T16:08:46;
Sending: p650.035212130032019-02-25T16:08:47;
Sending: p657.934943196282019-02-25T16:08:48;
Sending: p667.366638807982019-02-25T16:08:49;
Sending: p701.786682433982019-02-25T16:08:50;
Sending: p653.035269664602019-02-25T16:08:52;
Sending: p717.70287274592019-02-25T16:08:53;
Sending: p676.286137249202019-02-25T16:08:54;
Sending: p692.198022669522019-02-25T16:08:55;
Sending: p703.474352555522019-02-25T16:08:56;
Sending: p705.703199838112019-02-25T16:08:57;
Sending: p679.517500336252019-02-25T16:08:58;
Sending: p706.686719842042019-02-25T16:08:59;
Sending: p693.596170083842019-02-25T16:09:00;
Sending: p706.060362687562019-02-25T16:09:01;
Sending: p687.940044290252019-02-25T16:09:02;
Sending: p658.507909458232019-02-25T16:09:03;
Sending: p688.459147992422019-02-25T16:09:04;
Sending: p713.433901996412019-02-25T16:09:05;
Sending: p734.34017417042019-02-25T16:09:06;
Sending: p729.021263722332019-02-25T16:09:07;
Sending: p684.658960625602019-02-25T16:09:08;
Sending: p666.782583397792019-02-25T16:09:09;
Sending: p710.545898319952019-02-25T16:09:10;
Sending: p678.664155956022019-02-25T16:09:11;
Sending: p666.782110060322019-02-25T16:09:12;
Sending: p633.872517989532019-02-25T16:09:14;
Sending: p738.572337187502019-02-25T16:09:15;
Sending: p687.160002308942019-02-25T16:09:16;
Sending: p671.976662812122019-02-25T16:09:17;
Sending: p719.163264144992019-02-25T16:09:18;
Sending: p669.624626118622019-02-25T16:09:19;
Sending: p662.381668935002019-02-25T16:09:20;
Sending: p659.084443769502019-02-25T16:09:21;
Sending: p667.367270422562019-02-25T16:09:22;
Sending: p646.089380183992019-02-25T16:09:23;
Sending: p686.555054548022019-02-25T16:09:24;
Sending: p680.541265625032019-02-25T16:09:25;
Sending: p667.199431977902019-02-25T16:09:26;
Sending: p712.529156417922019-02-25T16:09:27;
Sending: p733.685330229492019-02-25T16:09:28;
Sending: p728.557288902312019-02-25T16:09:29;
Sending: p697.104567393202019-02-25T16:09:30;
Sending: p683.111538137992019-02-25T16:09:31;
Sending: p641.534121348922019-02-25T16:09:32;
Sending: p664.453487934162019-02-25T16:09:33;
Sending: p681.225835576292019-02-25T16:09:34;
Sending: p663.458030406852019-02-25T16:09:35;
Sending: p681.226641451282019-02-25T16:09:36;
Sending: p635.286002115342019-02-25T16:09:38;
Sending: p687.765759132522019-02-25T16:09:39;
Sending: p664.61923264092019-02-25T16:09:40;
Sending: p664.785184762392019-02-25T16:09:41;
Sending: p665.283814764602019-02-25T16:09:42;
Sending: p683.196909813472019-02-25T16:09:43;
Sending: p704.809833922932019-02-25T16:09:44;
Sending: p711.626307841172019-02-25T16:09:45;
Sending: p739.706838492802019-02-25T16:09:46;
Sending: p694.90827650422019-02-25T16:09:47;
Sending: p715.700094123802019-02-25T16:09:48;
Sending: p652.872555230272019-02-25T16:09:49;
Sending: p665.949202167692019-02-25T16:09:50;
Sending: p685.77821293382019-02-25T16:09:51;
Sending: p745.21524574682019-02-25T16:09:52;
Sending: p661.63768636782019-02-25T16:09:53;
Sending: p727.999717949912019-02-25T16:09:54;
Sending: p725.316058727332019-02-25T16:09:55;
Sending: p693.070561997342019-02-25T16:09:56;
Sending: p703.651806342722019-02-25T16:09:57;
Sending: p706.2391099152019-02-25T16:09:58;
Sending: p730.322926641262019-02-25T16:10:00;
Sending: p720.900941563282019-02-25T16:10:01;
Sending: p734.526955994062019-02-25T16:10:02;
Sending: p706.77517943052019-02-25T16:10:03;
Sending: p743.024123790412019-02-25T16:10:04;
Sending: p727.535499802852019-02-25T16:10:05;
Sending: p685.088581425472019-02-25T16:10:06;
Sending: p724.66960694422019-02-25T16:10:07;
Sending: p680.797700407592019-02-25T16:10:08;
Sending: p728.741939109872019-02-25T16:10:09;
Sending: p690.890320558502019-02-25T16:10:10;
Sending: p711.626476228392019-02-25T16:10:11;
Sending: p698.601134938402019-02-25T16:10:12;
Sending: p717.701683994682019-02-25T16:10:13;
Sending: p666.365419609562019-02-25T16:10:14;
Sending: p725.870104154562019-02-25T16:10:15;
Sending: p674.928724322822019-02-25T16:10:16;
Sending: p741.789250089062019-02-25T16:10:17;
Sending: p738.004918897082019-02-25T16:10:18;
Sending: p718.066910734632019-02-25T16:10:20;
Sending: p744.357298747522019-02-25T16:10:21;
Sending: p710.094649319532019-02-25T16:10:22;
Sending: p720.809303967792019-02-25T16:10:23;
Sending: p723.379998881932019-02-25T16:10:24;
Sending: p711.715856530152019-02-25T16:10:25;
Sending: p754.83030185962019-02-25T16:10:26;
Sending: p658.590968786842019-02-25T16:10:27;
Sending: p688.372326266382019-02-25T16:10:28;
Sending: p729.579439677492019-02-25T16:10:29;
Sending: p765.485147339952019-02-25T16:10:30;
Sending: p764.697174711492019-02-25T16:10:31;
Sending: p716.701566984562019-02-25T16:10:32;
Sending: p737.53468529802019-02-25T16:10:33;
Sending: p683.282941134472019-02-25T16:10:34;
Sending: p741.125621286902019-02-25T16:10:35;
Sending: p694.907783191232019-02-25T16:10:36;
Sending: p742.45430422692019-02-25T16:10:37;
Sending: p722.001013433342019-02-25T16:10:38;
Sending: p680.627697122982019-02-25T16:10:39;
Sending: p687.333288482652019-02-25T16:10:40;
Sending: p752.89470266012019-02-25T16:10:41;
Sending: p667.61707027102019-02-25T16:10:43;
Sending: p705.077065634892019-02-25T16:10:44;
Sending: p735.652168887162019-02-25T16:10:45;
Sending: p675.520957311632019-02-25T16:10:46;
Sending: p712.348138413842019-02-25T16:10:47;
Sending: p702.40711381332019-02-25T16:10:48;
Sending: p742.263311550322019-02-25T16:10:49;
Sending: p733.963657738682019-02-25T16:10:50;
Sending: p741.219529268572019-02-25T16:10:51;
Sending: p745.118605165832019-02-25T16:10:52;
Sending: p743.023772153782019-02-25T16:10:53;
Sending: p670.71399499212019-02-25T16:10:54;
Sending: p736.216693433622019-02-25T16:10:55;
Sending: p720.533452990132019-02-25T16:10:56;
Sending: p750.674676877382019-02-25T16:10:57;
Sending: p760.18387520362019-02-25T16:10:58;
Sending: p743.785707998342019-02-25T16:10:59;
Sending: p726.517856669492019-02-25T16:11:00;
Sending: p742.643247795972019-02-25T16:11:01;
Sending: p759.401282521922019-02-25T16:11:02;
Sending: p723.655460372222019-02-25T16:11:03;
Sending: p725.962351871932019-02-25T16:11:04;
Sending: p678.49319332762019-02-25T16:11:06;
Sending: p688.718389069322019-02-25T16:11:07;
Sending: p701.076820705352019-02-25T16:11:08;
Sending: p746.741649744732019-02-25T16:11:09;
Sending: p716.426266033772019-02-25T16:11:10;
Sending: p734.337915138202019-02-25T16:11:11;
Sending: p708.028097572432019-02-25T16:11:12;
Sending: p726.609516644932019-02-25T16:11:13;
Sending: p718.978497780382019-02-25T16:11:14;
Sending: p746.837662269842019-02-25T16:11:15;
Sending: p752.508735097782019-02-25T16:11:16;
Sending: p750.196204132492019-02-25T16:11:17;
Sending: p754.054587070602019-02-25T16:11:18;
Sending: p670.96594925102019-02-25T16:11:19;
Sending: p715.518267548712019-02-25T16:11:20;
Sending: p688.977585501272019-02-25T16:11:21;
Sending: p764.893215521052019-02-25T16:11:22;
Sending: p708.745500720942019-02-25T16:11:23;
Sending: p789.800050817662019-02-25T16:11:24;
Sending: p680.198568908952019-02-25T16:11:26;
Sending: p731.720032426952019-02-25T16:11:27;
Sending: p715.608242448592019-02-25T16:11:28;
Sending: p709.373910277802019-02-25T16:11:29;
Sending: p722.920210097702019-02-25T16:11:30;
Sending: p667.949891533212019-02-25T16:11:31;
Sending: p697.016257440032019-02-25T16:11:32;
Sending: p723.195458882802019-02-25T16:11:33;
Sending: p704.809500364742019-02-25T16:11:34;
Sending: p748.5622539612019-02-25T16:11:35;
Sending: p693.856446259052019-02-25T16:11:36;
Sending: p681.224384805862019-02-25T16:11:37;
Sending: p704.095761869662019-02-25T16:11:38;
Sending: p750.580196091212019-02-25T16:11:39;
Sending: p789.799676993302019-02-25T16:11:40;
Sending: p743.974535855592019-02-25T16:11:41;
Sending: p680.455169315522019-02-25T16:11:42;
Sending: p749.234699208812019-02-25T16:11:43;
Sending: p700.368326613912019-02-25T16:11:44;
Sending: p722.920381163982019-02-25T16:11:45;
Sending: p676.538549030192019-02-25T16:11:46;
Sending: p740.840127615712019-02-25T16:11:47;
Sending: p721.358829689652019-02-25T16:11:49;
Sending: p738.383080695742019-02-25T16:11:50;
Sending: p729.856045355292019-02-25T16:11:51;
Sending: p736.404230081822019-02-25T16:11:52;
Sending: p749.426454619042019-02-25T16:11:53;
Sending: p679.771215609402019-02-25T16:11:54;
Sending: p761.552440839132019-02-25T16:11:55;
Sending: p686.381356358502019-02-25T16:11:56;
Sending: p708.834776807682019-02-25T16:11:57;
Sending: p770.531307689632019-02-25T16:11:58;
Sending: p784.090177242422019-02-25T16:11:59;
Sending: p736.968060734002019-02-25T16:12:00;
Sending: p685.518853663462019-02-25T16:12:01;
Sending: p779.438249769442019-02-25T16:12:02;
Sending: p718.43049294662019-02-25T16:12:03;
Sending: p741.313100783072019-02-25T16:12:04;
Sending: p718.430322922922019-02-25T16:12:05;
Sending: p738.287513604212019-02-25T16:12:06;
Sending: p706.684713283002019-02-25T16:12:07;
Sending: p700.633350528652019-02-25T16:12:08;
Sending: p730.600566831402019-02-25T16:12:09;
Sending: p695.696524609612019-02-25T16:12:11;
Sending: p701.69599253622019-02-25T16:12:12;
Sending: p688.457518861852019-02-25T16:12:13;
Sending: p742.073256439472019-02-25T16:12:14;
Sending: p709.554347686582019-02-25T16:12:15;
Sending: p738.193358984582019-02-25T16:12:16;
Sending: p691.585893878742019-02-25T16:12:17;
Sending: p721.174744614822019-02-25T16:12:18;
Sending: p731.532213736412019-02-25T16:12:19;
Sending: p676.198452126142019-02-25T16:12:20;
Sending: p704.541224633642019-02-25T16:12:21;
Sending: p711.445231356412019-02-25T16:12:22;
Sending: p745.977090158072019-02-25T16:12:23;
Sending: p714.518292603232019-02-25T16:12:24;
Sending: p740.367346194432019-02-25T16:12:25;
Sending: p679.003827481582019-02-25T16:12:26;
Sending: p697.366608343002019-02-25T16:12:27;
Sending: p706.147724288142019-02-25T16:12:28;
Sending: p714.609129353292019-02-25T16:12:29;
Sending: p730.601085543272019-02-25T16:12:30;
Sending: p670.042201470192019-02-25T16:12:31;
Sending: p714.066177876102019-02-25T16:12:32;
Sending: p695.345546332302019-02-25T16:12:33;
Sending: p702.85094799262019-02-25T16:12:35;
Sending: p738.193009586462019-02-25T16:12:36;
Sending: p673.491331626892019-02-25T16:12:37;
Sending: p710.003500293502019-02-25T16:12:38;
Sending: p714.700487540832019-02-25T16:12:39;
Sending: p698.776932568262019-02-25T16:12:40;
Sending: p686.121395739072019-02-25T16:12:41;
Sending: p737.909411011612019-02-25T16:12:42;
Sending: p731.905657771142019-02-25T16:12:43;
Sending: p732.280719781702019-02-25T16:12:44;
Sending: p681.309631604242019-02-25T16:12:45;
Sending: p740.744174548062019-02-25T16:12:46;
Sending: p705.342584059482019-02-25T16:12:47;
Sending: p748.465794792232019-02-25T16:12:48;
Sending: p712.07671595122019-02-25T16:12:49;
Sending: p773.419703846402019-02-25T16:12:50;
Sending: p754.538737133422019-02-25T16:12:51;
Sending: p723.010633731012019-02-25T16:12:52;
Sending: p775.620438340922019-02-25T16:12:53;
Sending: p742.547011478202019-02-25T16:12:54;
Sending: p759.595670294462019-02-25T16:12:55;
Sending: p764.79383010692019-02-25T16:12:56;
Sending: p748.177747200662019-02-25T16:12:57;
Sending: p760.474855871552019-02-25T16:12:58;
Sending: p732.840368231382019-02-25T16:13:00;
Sending: p764.695003226612019-02-25T16:13:01;
Sending: p739.798076743112019-02-25T16:13:02;
Sending: p773.020338146012019-02-25T16:13:03;
Sending: p762.336469770982019-02-25T16:13:04;
Sending: p737.156527972092019-02-25T16:13:05;
Sending: p693.505444424352019-02-25T16:13:06;
Sending: p703.827981929872019-02-25T16:13:07;
Sending: p759.010712951042019-02-25T16:13:08;
Sending: p714.790337353882019-02-25T16:13:09;
Sending: p772.920764624482019-02-25T16:13:10;
Sending: p701.075825292502019-02-25T16:13:11;
Sending: p708.385683042752019-02-25T16:13:12;
Sending: p723.932077277622019-02-25T16:13:13;
Sending: p748.370059136532019-02-25T16:13:14;
Sending: p721.908180929752019-02-25T16:13:15;
Sending: p776.621857282432019-02-25T16:13:16;
Sending: p784.495781935522019-02-25T16:13:17;
Sending: p730.50777535822019-02-25T16:13:18;
Sending: p685.432156607732019-02-25T16:13:19;
Sending: p743.021662049672019-02-25T16:13:20;
Sending: p733.120387415522019-02-25T16:13:22;
Sending: p723.378971742222019-02-25T16:13:23;
Sending: p712.075367752812019-02-25T16:13:24;
Sending: p710.542535467582019-02-25T16:13:25;
Sending: p692.632240760222019-02-25T16:13:26;
Sending: p719.708711374802019-02-25T16:13:27;
Sending: p716.243537413522019-02-25T16:13:28;
Sending: p715.697214655102019-02-25T16:13:29;
Sending: p723.932077277622019-02-25T16:13:30;
Sending: p697.894517591652019-02-25T16:13:31;
Sending: p737.438029669382019-02-25T16:13:32;
Sending: p719.709052050572019-02-25T16:13:33;
Sending: p719.343151548052019-02-25T16:13:34;
Sending: p740.744875814152019-02-25T16:13:35;
Sending: p717.609520958832019-02-25T16:13:36;
Sending: p733.026165764092019-02-25T16:13:37;
Sending: p718.065211475712019-02-25T16:13:38;
Sending: p731.438932175162019-02-25T16:13:39;
Sending: p776.119665132642019-02-25T16:13:40;
Sending: p760.475575816772019-02-25T16:13:41;
Sending: p743.593067481002019-02-25T16:13:42;
Sending: p786.020988062602019-02-25T16:13:43;
Sending: p784.800571359602019-02-25T16:13:44;
Sending: p749.32861871272019-02-25T16:13:46;
Sending: p752.797030185092019-02-25T16:13:47;
Sending: p779.840921519152019-02-25T16:13:48;
Sending: p704.095595238412019-02-25T16:13:49;
Sending: p742.45149302202019-02-25T16:13:50;
Sending: p756.08948747772019-02-25T16:13:51;
Sending: p720.899064946642019-02-25T16:13:52;
Sending: p753.570279895752019-02-25T16:13:53;
Sending: p693.155970027312019-02-25T16:13:54;
Sending: p770.034272899452019-02-25T16:13:55;
Sending: p755.215931630842019-02-25T16:13:56;
Sending: p780.14276870092019-02-25T16:13:57;
Sending: p707.220523962552019-02-25T16:13:58;
Sending: p676.621163588232019-02-25T16:13:59;
Sending: v802019-02-25T16:14:00;
Valve PWM: 8002019-02-25T16:14:00;
Sending: p761.453402427382019-02-25T16:14:00;
Sending: p692.718894471052019-02-25T16:14:01;
Sending: p728.740904396972019-02-25T16:14:02;
Sending: p734.43216752642019-02-25T16:14:03;
Sending: p706.236770231212019-02-25T16:14:04;
Sending: p689.237552765362019-02-25T16:14:05;
Sending: p751.445630969222019-02-25T16:14:06;
Sending: p775.318521528772019-02-25T16:14:07;
Sending: p736.121466202612019-02-25T16:14:09;
Sending: p787.244838184542019-02-25T16:14:10;
Sending: p705.075563894202019-02-25T16:14:11;
Sending: p694.117169287332019-02-25T16:14:12;
Sending: p686.986281328982019-02-25T16:14:13;
Sending: p715.971160110802019-02-25T16:14:14;
Sending: p706.683208059532019-02-25T16:14:15;
Sending: p705.879498901522019-02-25T16:14:16;
Sending: p763.317933543462019-02-25T16:14:17;
Sending: p736.87358747522019-02-25T16:14:18;
Sending: p727.070780524192019-02-25T16:14:19;
Sending: p709.284048134472019-02-25T16:14:20;
Sending: p734.899997208722019-02-25T16:14:21;
Sending: p757.353561596142019-02-25T16:14:22;
Sending: p754.635076741562019-02-25T16:14:23;
Sending: p729.949254457492019-02-25T16:14:24;
Sending: p693.243359619202019-02-25T16:14:25;
Sending: p733.214450162019-02-25T16:14:26;
Sending: p737.720709784082019-02-25T16:14:27;
Sending: p731.906350642762019-02-25T16:14:28;
Sending: p710.452998073362019-02-25T16:14:29;
Sending: p645.685090807302019-02-25T16:14:30;
Sending: p645.764823905542019-02-25T16:14:32;
Sending: p635.598037382122019-02-25T16:14:33;
Sending: p633.00799156932019-02-25T16:14:34;
Sending: p648.982860265702019-02-25T16:14:35;
Sending: p614.100188979042019-02-25T16:14:36;
Sending: p634.812063642972019-02-25T16:14:37;
Sending: p625.083850450462019-02-25T16:14:38;
Sending: p607.503703151302019-02-25T16:14:39;
Sending: p604.754455046392019-02-25T16:14:40;
Sending: p610.416023340002019-02-25T16:14:41;
Sending: p572.436111345532019-02-25T16:14:42;
Sending: p598.717924035152019-02-25T16:14:43;
Sending: p589.151545839562019-02-25T16:14:44;
Sending: p606.759158211742019-02-25T16:14:45;
Sending: p565.693709997092019-02-25T16:14:46;
Sending: p568.708749719402019-02-25T16:14:47;
Sending: p578.294295225962019-02-25T16:14:48;
Sending: p556.828637582882019-02-25T16:14:49;
Sending: p556.1588974502019-02-25T16:14:50;
Sending: p587.073824290882019-02-25T16:14:51;
Sending: p567.953671794202019-02-25T16:14:52;
Sending: p555.489870725062019-02-25T16:14:53;
Sending: p537.347344048962019-02-25T16:14:55;
Sending: p552.957575780282019-02-25T16:14:56;
Sending: p533.576556086082019-02-25T16:14:57;
Sending: p541.79840101852019-02-25T16:14:58;
Sending: p549.514535031912019-02-25T16:14:59;
Sending: p547.408819546872019-02-25T16:15:00;
Sending: p544.203503988462019-02-25T16:15:01;
Sending: p508.179143923752019-02-25T16:15:02;
Sending: p534.596155352522019-02-25T16:15:03;
Sending: p529.017401716412019-02-25T16:15:04;
Sending: p536.833998334492019-02-25T16:15:05;
Sending: p539.535176651922019-02-25T16:15:06;
Sending: p540.891117153952019-02-25T16:15:07;
Sending: p525.192025157592019-02-25T16:15:08;
Sending: p527.759670281822019-02-25T16:15:09;
Sending: p542.772118051542019-02-25T16:15:10;
Sending: p501.3965064712019-02-25T16:15:11;
Sending: p501.220700418792019-02-25T16:15:12;
Sending: p541.538622612192019-02-25T16:15:13;
Sending: p524.007829937922019-02-25T16:15:15;
Sending: p499.86604192912019-02-25T16:15:16;
Sending: p517.826356396882019-02-25T16:15:17;
Sending: p538.567734258802019-02-25T16:15:18;
Sending: p520.104062995582019-02-25T16:15:19;
Sending: p491.313009459462019-02-25T16:15:20;
Sending: p505.310000541092019-02-25T16:15:21;
Sending: p494.143772427152019-02-25T16:15:22;
Sending: p511.854986358832019-02-25T16:15:23;
Sending: p536.577485139402019-02-25T16:15:24;
Sending: p551.034609047362019-02-25T16:15:25;
Sending: p538.053610209142019-02-25T16:15:26;
Sending: p528.325255885272019-02-25T16:15:27;
Sending: p507.52021867362019-02-25T16:15:28;
Sending: p500.336402511962019-02-25T16:15:29;
Sending: p482.939678080162019-02-25T16:15:30;
Sending: p505.608200690412019-02-25T16:15:31;
Sending: p486.904912624142019-02-25T16:15:32;
Sending: p525.379607941472019-02-25T16:15:33;
Sending: p542.447737931322019-02-25T16:15:34;
Sending: p523.075678790082019-02-25T16:15:36;
Sending: p526.129756587072019-02-25T16:15:37;
Sending: p506.921770002412019-02-25T16:15:38;
Sending: p512.096369681272019-02-25T16:15:39;
Sending: p492.235513680032019-02-25T16:15:40;
Sending: p523.509539675082019-02-25T16:15:41;
Sending: p498.691784534242019-02-25T16:15:42;
Sending: p513.309132020732019-02-25T16:15:43;
Sending: p516.96817516302019-02-25T16:15:44;
Sending: p531.354548372572019-02-25T16:15:45;
Sending: p530.784144433662019-02-25T16:15:46;
Sending: p506.324059379842019-02-25T16:15:47;
Sending: p527.696623040652019-02-25T16:15:48;
Sending: p533.385289035142019-02-25T16:15:49;
Sending: p540.438933816712019-02-25T16:15:50;
Sending: p492.986550317312019-02-25T16:15:51;
Sending: p532.495320505112019-02-25T16:15:52;
Sending: p494.782210642252019-02-25T16:15:53;
Sending: p519.363843614052019-02-25T16:15:54;
Sending: p524.443499521872019-02-25T16:15:55;
Sending: p506.14482946862019-02-25T16:15:56;
Sending: p531.417623129642019-02-25T16:15:58;
Sending: p535.553552123642019-02-25T16:15:59;
Sending: p523.821089605872019-02-25T16:16:00;
Sending: p522.08194810582019-02-25T16:16:01;
Sending: p512.157282611752019-02-25T16:16:02;
Sending: p521.957506940362019-02-25T16:16:03;
Sending: p533.44865672712019-02-25T16:16:04;
Sending: p544.725283750832019-02-25T16:16:05;
Sending: p501.337856573032019-02-25T16:16:06;
Sending: p517.336175121832019-02-25T16:16:07;
Sending: p529.773862749402019-02-25T16:16:08;
Sending: p501.692137605182019-02-25T16:16:09;
Sending: p483.785533747362019-02-25T16:16:10;
Sending: p494.956909043052019-02-25T16:16:11;
Sending: p528.576863475842019-02-25T16:16:12;
Sending: p543.487303642322019-02-25T16:16:13;
Sending: p535.042411620022019-02-25T16:16:14;
Sending: p524.07021871292019-02-25T16:16:15;
Sending: p512.338740312872019-02-25T16:16:16;
Sending: p546.884308907882019-02-25T16:16:18;
Sending: p524.070342741782019-02-25T16:16:19;
Sending: p525.129722777352019-02-25T16:16:20;
Sending: p530.215487169112019-02-25T16:16:21;
Sending: p490.623354226952019-02-25T16:16:22;
Sending: p497.813499859162019-02-25T16:16:23;
Sending: p513.066689092652019-02-25T16:16:24;
Sending: p505.07190517012019-02-25T16:16:25;
Sending: p534.658938586342019-02-25T16:16:26;
Sending: p481.195755827612019-02-25T16:16:27;
Sending: p496.411733540282019-02-25T16:16:28;
Sending: p499.572546695392019-02-25T16:16:29;
Sending: p501.633326855292019-02-25T16:16:30;
Sending: p529.395342897992019-02-25T16:16:31;
Sending: p501.63320813412019-02-25T16:16:32;
Sending: p485.59730990812019-02-25T16:16:33;
Sending: p527.445648885302019-02-25T16:16:34;
Sending: p516.723018483832019-02-25T16:16:35;
Sending: p512.278892321012019-02-25T16:16:36;
Sending: p497.345435193582019-02-25T16:16:37;
Sending: p526.568317822312019-02-25T16:16:39;
Sending: p517.3969883502019-02-25T16:16:40;
Sending: p511.55218067382019-02-25T16:16:41;
Sending: p504.893931022562019-02-25T16:16:42;
Sending: p503.764519220752019-02-25T16:16:43;
Sending: p502.342463919802019-02-25T16:16:44;
Sending: p529.647694757912019-02-25T16:16:45;
Sending: p496.120117866992019-02-25T16:16:46;
Sending: p490.852720955852019-02-25T16:16:47;
Sending: p537.989704908972019-02-25T16:16:48;
Sending: p520.104062995582019-02-25T16:16:49;
Sending: p536.385293042992019-02-25T16:16:50;
Sending: p537.540208961432019-02-25T16:16:51;
Sending: p524.755724438332019-02-25T16:16:52;
Sending: p518.625026111562019-02-25T16:16:53;
Sending: p519.178742987582019-02-25T16:16:54;
Sending: p507.639891332772019-02-25T16:16:55;
Sending: p521.029043697292019-02-25T16:16:56;
Sending: p500.689704173732019-02-25T16:16:57;
Sending: p518.994090927162019-02-25T16:16:58;
Sending: p533.003761197542019-02-25T16:16:59;
Sending: p516.295617008962019-02-25T16:17:01;
Sending: p489.819917686652019-02-25T16:17:02;
Sending: p512.521125277872019-02-25T16:17:03;
Sending: p531.291356975682019-02-25T16:17:04;
Sending: p532.368617306632019-02-25T16:17:05;
Sending: p539.987081397582019-02-25T16:17:06;
Sending: p513.73486712032019-02-25T16:17:07;
Sending: p498.457359577502019-02-25T16:17:08;
Sending: p521.648907202482019-02-25T16:17:09;
Sending: p521.772518062382019-02-25T16:17:10;
Sending: p512.096490883442019-02-25T16:17:11;
Sending: p529.711024928172019-02-25T16:17:12;
Sending: p539.084751236772019-02-25T16:17:13;
Sending: p495.713003797322019-02-25T16:17:14;
Sending: p507.880541594182019-02-25T16:17:15;
Sending: p539.535176651922019-02-25T16:17:16;
Sending: p527.948491936072019-02-25T16:17:17;
Sending: p493.217963998802019-02-25T16:17:18;
Sending: p497.929922147622019-02-25T16:17:19;
Sending: p514.464740543292019-02-25T16:17:21;
Sending: p518.133067670382019-02-25T16:17:22;
Sending: p527.132478076342019-02-25T16:17:23;
Sending: p529.837462007552019-02-25T16:17:24;
Sending: p508.119887398972019-02-25T16:17:25;
Sending: p524.195395456222019-02-25T16:17:26;
Sending: p530.40600345142019-02-25T16:17:27;
Sending: p537.283413469602019-02-25T16:17:28;
Sending: p526.380344284462019-02-25T16:17:29;
Sending: p494.492929712602019-02-25T16:17:30;
Sending: p509.081414965222019-02-25T16:17:31;
Sending: p492.640202209292019-02-25T16:17:32;
Sending: p526.881206265232019-02-25T16:17:33;
Sending: p545.705774014592019-02-25T16:17:34;
Sending: p516.601471195942019-02-25T16:17:35;
Sending: p501.928058562332019-02-25T16:17:36;
Sending: p506.384019573272019-02-25T16:17:37;
Sending: p520.288332979732019-02-25T16:17:39;
Sending: p494.9564404652019-02-25T16:17:40;
Sending: p514.890787569292019-02-25T16:17:41;
Sending: p538.890831350362019-02-25T16:17:42;
Sending: p529.647945462982019-02-25T16:17:43;
Sending: p530.026433655862019-02-25T16:17:44;
Sending: p530.532641834862019-02-25T16:17:45;
Sending: p518.50219808212019-02-25T16:17:46;
Sending: p521.524344525322019-02-25T16:17:47;
Sending: p507.101334477292019-02-25T16:17:48;
Sending: p477.563669215302019-02-25T16:17:49;
Sending: p502.638297584012019-02-25T16:17:50;
Sending: p492.755502025642019-02-25T16:17:51;
Sending: p521.339665605432019-02-25T16:17:52;
Sending: p505.310239730742019-02-25T16:17:53;
Sending: p513.491572141682019-02-25T16:17:54;
Sending: p522.578341137062019-02-25T16:17:55;
Sending: p523.82071767452019-02-25T16:17:56;
Sending: p524.257315052132019-02-25T16:17:57;
Sending: p544.987175074612019-02-25T16:17:58;
Sending: p517.397600598822019-02-25T16:18:00;
Sending: p511.4317487252019-02-25T16:18:01;
Sending: p498.339961504442019-02-25T16:18:02;
Sending: p502.93434320112019-02-25T16:18:03;
Sending: p514.220903784972019-02-25T16:18:04;
Sending: p510.826600542832019-02-25T16:18:05;
Sending: p521.462817195222019-02-25T16:18:06;
Sending: p508.900275270832019-02-25T16:18:07;
Sending: p526.443076137862019-02-25T16:18:08;
Sending: p532.559190002602019-02-25T16:18:09;
Sending: p513.309374992062019-02-25T16:18:10;
Sending: p516.907178589762019-02-25T16:18:11;
Sending: p510.70685983232019-02-25T16:18:12;
