600;25;0.00;0.00;0.00;0.00;204;0.00;2019-06-13T16:23:50;
600;25;0.00;0.00;0.00;0.00;205;0.52;2019-06-13T16:23:51;
600;25;0.00;0.00;0.00;0.00;204;0.00;2019-06-13T16:23:52;
600;25;0.00;0.00;0.00;0.00;203;0.00;2019-06-13T16:23:53;
600;25;0.00;0.00;0.00;0.00;203;0.00;2019-06-13T16:23:54;
600;25;0.00;0.00;0.00;0.00;203;0.00;2019-06-13T16:23:55;
600;25;0.00;0.00;0.00;0.00;205;0.52;2019-06-13T16:23:56;
600;25;0.00;0.00;0.00;0.00;205;0.52;2019-06-13T16:23:57;
600;25;0.00;0.00;0.00;0.00;203;0.00;2019-06-13T16:23:58;
600;25;0.00;0.00;0.00;0.00;204;0.00;2019-06-13T16:23:59;
600;25;0.00;0.00;0.00;0.00;204;0.00;2019-06-13T16:24:00;
600;25;0.00;0.00;0.00;0.00;202;0.00;2019-06-13T16:24:01;
600;25;0.00;0.00;0.00;0.00;207;1.56;2019-06-13T16:24:02;
600;25;0.00;0.00;0.00;0.00;204;0.00;2019-06-13T16:24:03;
600;25;0.00;0.00;0.00;0.00;204;0.00;2019-06-13T16:24:04;
600;25;0.00;0.00;0.00;0.00;203;0.00;2019-06-13T16:24:05;
600;25;0.00;0.00;0.00;0.00;206;1.04;2019-06-13T16:24:06;
600;25;0.00;0.00;0.00;0.00;204;0.00;2019-06-13T16:24:07;
600;25;0.00;0.00;0.00;0.00;204;0.00;2019-06-13T16:24:08;
600;25;0.00;0.00;0.00;0.00;203;0.00;2019-06-13T16:24:09;
600;25;0.00;0.00;0.00;0.00;203;0.00;2019-06-13T16:24:10;
600;25;0.00;0.00;0.00;0.00;205;0.52;2019-06-13T16:24:11;
600;25;0.00;0.00;0.00;0.00;204;0.00;2019-06-13T16:24:12;
600;25;0.00;0.00;0.00;0.00;204;0.00;2019-06-13T16:24:13;
600;25;0.00;0.00;0.00;0.00;203;0.00;2019-06-13T16:24:14;
600;25;0.00;0.00;0.00;0.00;204;0.00;2019-06-13T16:24:15;
600;25;0.00;0.00;0.00;0.00;203;0.00;2019-06-13T16:24:16;
600;25;0.00;0.00;0.00;0.00;203;0.00;2019-06-13T16:24:17;
600;25;0.00;0.00;0.00;0.00;204;0.00;2019-06-13T16:24:18;
600;25;0.00;0.00;0.00;0.00;204;0.00;2019-06-13T16:24:19;
600;25;0.00;0.00;0.00;0.00;204;0.00;2019-06-13T16:24:20;
600;25;0.00;0.00;0.00;0.00;203;0.00;2019-06-13T16:24:21;
600;25;0.00;0.00;0.00;0.00;204;0.00;2019-06-13T16:24:22;
600;25;0.00;0.00;0.00;0.00;203;0.00;2019-06-13T16:24:23;
600;25;0.00;0.00;0.00;0.00;202;0.00;2019-06-13T16:24:24;
600;25;0.00;0.00;0.00;0.00;203;0.00;2019-06-13T16:24:25;
600;25;0.00;0.00;0.00;0.00;204;0.00;2019-06-13T16:24:26;
600;25;0.00;0.00;0.00;0.00;203;0.00;2019-06-13T16:24:27;
600;25;0.00;0.00;0.00;0.00;206;1.04;2019-06-13T16:24:28;
600;25;0.00;0.00;0.00;0.00;204;0.00;2019-06-13T16:24:29;
600;25;0.00;0.00;0.00;0.00;204;0.00;2019-06-13T16:24:30;
600;25;0.00;0.00;0.00;0.00;204;0.00;2019-06-13T16:24:31;
600;25;0.00;0.00;0.00;0.00;203;0.00;2019-06-13T16:24:32;
600;25;0.00;0.00;0.00;0.00;203;0.00;2019-06-13T16:24:33;
600;25;0.00;0.00;0.00;0.00;206;1.04;2019-06-13T16:24:34;
600;25;0.00;0.00;0.00;0.00;205;0.52;2019-06-13T16:24:35;
600;25;0.00;0.00;0.00;0.00;204;0.00;2019-06-13T16:24:36;
600;25;0.00;0.00;0.00;0.00;203;0.00;2019-06-13T16:24:37;
600;25;0.00;0.00;0.00;0.00;204;0.00;2019-06-13T16:24:38;
600;25;0.00;0.00;0.00;0.00;206;1.04;2019-06-13T16:24:39;
600;25;0.00;0.00;0.00;0.00;205;0.52;2019-06-13T16:24:40;
600;25;0.00;0.00;0.00;0.00;206;1.04;2019-06-13T16:24:41;
600;25;0.00;0.00;0.00;0.00;204;0.00;2019-06-13T16:24:42;
600;25;0.00;0.00;0.00;0.00;204;0.00;2019-06-13T16:24:43;
600;25;0.00;0.00;0.00;0.00;204;0.00;2019-06-13T16:24:44;
600;25;0.00;0.00;0.00;0.00;203;0.00;2019-06-13T16:24:45;
600;25;0.00;0.00;0.00;0.00;203;0.00;2019-06-13T16:24:46;
600;25;0.00;0.00;0.00;0.00;205;0.52;2019-06-13T16:24:47;
600;25;0.00;0.00;0.00;0.00;204;0.00;2019-06-13T16:24:48;
600;25;0.00;0.00;0.00;0.00;204;0.00;2019-06-13T16:24:49;
600;25;0.00;0.00;0.00;0.00;204;0.00;2019-06-13T16:24:50;
600;25;0.00;0.00;0.00;0.00;204;0.00;2019-06-13T16:24:51;
600;25;0.00;0.00;0.00;0.00;203;0.00;2019-06-13T16:24:52;
600;25;0.00;0.00;0.00;0.00;202;0.00;2019-06-13T16:24:53;
600;25;0.00;0.00;0.00;0.00;202;0.00;2019-06-13T16:24:54;
600;25;0.00;0.00;0.00;0.00;203;0.00;2019-06-13T16:24:55;
600;25;0.00;0.00;0.00;0.00;202;0.00;2019-06-13T16:24:56;
600;25;0.00;0.00;0.00;0.00;203;0.00;2019-06-13T16:24:57;
600;25;0.00;0.00;0.00;0.00;203;0.00;2019-06-13T16:24:58;
600;25;0.00;0.00;0.00;0.00;203;0.00;2019-06-13T16:24:59;
600;25;0.00;0.00;0.00;0.00;203;0.00;2019-06-13T16:25:00;
600;25;0.00;0.00;0.00;0.00;203;0.00;2019-06-13T16:25:01;
600;25;0.00;0.00;0.00;0.00;203;0.00;2019-06-13T16:25:02;
600;25;0.00;0.00;0.00;0.00;202;0.00;2019-06-13T16:25:03;
600;25;0.00;0.00;0.00;0.00;203;0.00;2019-06-13T16:25:04;
600;25;0.00;0.00;0.00;0.00;203;0.00;2019-06-13T16:25:05;
600;25;0.00;0.00;0.00;0.00;203;0.00;2019-06-13T16:25:06;
600;25;0.00;0.00;0.00;0.00;204;0.00;2019-06-13T16:25:07;
600;25;0.00;0.00;0.00;0.00;204;0.00;2019-06-13T16:25:08;
600;25;0.00;0.00;0.00;0.00;203;0.00;2019-06-13T16:25:09;
600;25;0.00;0.00;0.00;0.00;204;0.00;2019-06-13T16:25:10;
600;25;0.00;0.00;0.00;0.00;205;0.52;2019-06-13T16:25:11;
600;25;0.00;0.00;0.00;0.00;203;0.00;2019-06-13T16:25:12;
600;25;0.00;0.00;0.00;0.00;204;0.00;2019-06-13T16:25:13;
600;25;0.00;0.00;0.00;0.00;204;0.00;2019-06-13T16:25:14;
600;25;0.00;0.00;0.00;0.00;202;0.00;2019-06-13T16:25:15;
600;25;0.00;0.00;0.00;0.00;202;0.00;2019-06-13T16:25:16;
600;25;0.00;0.00;0.00;0.00;203;0.00;2019-06-13T16:25:17;
600;25;0.00;0.00;0.00;0.00;202;0.00;2019-06-13T16:25:18;
600;25;0.00;0.00;0.00;0.00;204;0.00;2019-06-13T16:25:19;
600;25;0.00;0.00;0.00;0.00;202;0.00;2019-06-13T16:25:20;
600;25;0.00;0.00;0.00;0.00;204;0.00;2019-06-13T16:25:21;
600;25;0.00;0.00;0.00;0.00;204;0.00;2019-06-13T16:25:22;
600;25;0.00;0.00;0.00;0.00;203;0.00;2019-06-13T16:25:23;
600;25;0.00;0.00;0.00;0.00;203;0.00;2019-06-13T16:25:24;
600;25;0.00;0.00;0.00;0.00;203;0.00;2019-06-13T16:25:25;
600;25;0.00;0.00;0.00;0.00;203;0.00;2019-06-13T16:25:26;
600;25;0.00;0.00;0.00;0.00;203;0.00;2019-06-13T16:25:27;
600;25;0.00;0.00;0.00;0.00;203;0.00;2019-06-13T16:25:28;
600;25;0.00;0.00;0.00;0.00;204;0.00;2019-06-13T16:25:29;
600;25;0.00;0.00;0.00;0.00;204;0.00;2019-06-13T16:25:30;
600;25;0.00;0.00;0.00;0.00;203;0.00;2019-06-13T16:25:31;
600;25;0.00;0.00;0.00;0.00;204;0.00;2019-06-13T16:25:32;
600;25;0.00;0.00;0.00;0.00;204;0.00;2019-06-13T16:25:33;
600;25;0.00;0.00;0.00;0.00;204;0.00;2019-06-13T16:25:34;
600;25;0.00;0.00;0.00;0.00;203;0.00;2019-06-13T16:25:35;
600;25;0.00;0.00;0.00;0.00;203;0.00;2019-06-13T16:25:36;
600;25;0.00;0.00;0.00;0.00;203;0.00;2019-06-13T16:25:37;
600;25;0.00;0.00;0.00;0.00;203;0.00;2019-06-13T16:25:38;
600;25;0.00;0.00;0.00;0.00;205;0.52;2019-06-13T16:25:39;
600;25;0.00;0.00;0.00;0.00;203;0.00;2019-06-13T16:25:40;
600;25;0.00;0.00;0.00;0.00;204;0.00;2019-06-13T16:25:41;
600;25;0.00;0.00;0.00;0.00;204;0.00;2019-06-13T16:25:42;
600;25;0.00;0.00;0.00;0.00;204;0.00;2019-06-13T16:25:43;
600;25;0.00;0.00;0.00;0.00;204;0.00;2019-06-13T16:25:44;
600;25;0.00;0.00;0.00;0.00;205;0.52;2019-06-13T16:25:45;
600;25;0.00;0.00;0.00;0.00;203;0.00;2019-06-13T16:25:46;
600;25;0.00;0.00;0.00;0.00;204;0.00;2019-06-13T16:25:47;
600;25;0.00;0.00;0.00;0.00;204;0.00;2019-06-13T16:25:48;
600;25;0.00;0.00;0.00;0.00;205;0.52;2019-06-13T16:25:49;
600;25;0.00;0.00;0.00;0.00;204;0.00;2019-06-13T16:25:50;
600;25;0.00;0.00;0.00;0.00;204;0.00;2019-06-13T16:25:51;
600;25;0.00;0.00;0.00;0.00;203;0.00;2019-06-13T16:25:52;
600;25;0.00;0.00;0.00;0.00;204;0.00;2019-06-13T16:25:53;
600;25;0.00;0.00;0.00;0.00;205;0.52;2019-06-13T16:25:54;
700;25;0.00;0.00;0.00;0.00;607;252.71;2019-06-13T16:25:55;
700;25;0.00;0.00;0.00;0.00;607;252.71;2019-06-13T16:25:56;
700;25;0.00;0.00;0.00;0.00;608;253.55;2019-06-13T16:25:57;
700;25;0.00;0.00;0.00;0.00;605;251.03;2019-06-13T16:25:58;
700;25;0.00;0.00;0.00;0.00;603;249.35;2019-06-13T16:25:59;
700;25;0.00;0.00;0.00;0.00;602;248.51;2019-06-13T16:26:00;
700;25;0.00;0.00;0.00;0.00;602;248.51;2019-06-13T16:26:01;
700;25;0.00;0.00;0.00;0.00;602;248.51;2019-06-13T16:26:02;
700;25;0.00;0.00;0.00;0.00;603;249.35;2019-06-13T16:26:03;
700;25;0.00;0.00;0.00;0.00;603;249.35;2019-06-13T16:26:04;
700;25;0.00;0.00;0.00;0.00;604;250.19;2019-06-13T16:26:05;
700;25;0.00;0.00;0.00;0.00;607;252.71;2019-06-13T16:26:06;
700;25;0.00;0.00;0.00;0.00;607;252.71;2019-06-13T16:26:07;
700;25;0.00;0.00;0.00;0.00;605;251.03;2019-06-13T16:26:08;
700;25;0.00;0.00;0.00;0.00;605;251.03;2019-06-13T16:26:09;
700;25;0.00;0.00;0.00;0.00;605;251.03;2019-06-13T16:26:10;
700;25;0.00;0.00;0.00;0.00;607;252.71;2019-06-13T16:26:11;
700;25;0.00;0.00;0.00;0.00;605;251.03;2019-06-13T16:26:12;
700;25;0.00;0.00;0.00;0.00;606;251.87;2019-06-13T16:26:13;
700;25;0.00;0.00;0.00;0.00;605;251.03;2019-06-13T16:26:14;
700;25;0.00;0.00;0.00;0.00;605;251.03;2019-06-13T16:26:15;
700;25;0.00;0.00;0.00;0.00;606;251.87;2019-06-13T16:26:17;
700;25;0.00;0.00;0.00;0.00;607;252.71;2019-06-13T16:26:18;
700;25;0.00;0.00;0.00;0.00;606;251.87;2019-06-13T16:26:19;
700;25;0.00;0.00;0.00;0.00;606;251.87;2019-06-13T16:26:20;
700;25;0.00;0.00;0.00;0.00;608;253.55;2019-06-13T16:26:21;
700;25;0.00;0.00;0.00;0.00;606;251.87;2019-06-13T16:26:22;
700;25;0.00;0.00;0.00;0.00;606;251.87;2019-06-13T16:26:23;
700;25;0.00;0.00;0.00;0.00;607;252.71;2019-06-13T16:26:24;
700;25;0.00;0.00;0.00;0.00;607;252.71;2019-06-13T16:26:25;
700;25;0.00;0.00;0.00;0.00;607;252.71;2019-06-13T16:26:26;
700;25;0.00;0.00;0.00;0.00;607;252.71;2019-06-13T16:26:27;
700;25;0.00;0.00;0.00;0.00;607;252.71;2019-06-13T16:26:28;
700;25;0.00;0.00;0.00;0.00;607;252.71;2019-06-13T16:26:29;
700;25;0.00;0.00;0.00;0.00;608;253.55;2019-06-13T16:26:30;
700;25;0.00;0.00;0.00;0.00;607;252.71;2019-06-13T16:26:31;
700;25;0.00;0.00;0.00;0.00;608;253.55;2019-06-13T16:26:32;
700;25;0.00;0.00;0.00;0.00;607;252.71;2019-06-13T16:26:33;
700;25;0.00;0.00;0.00;0.00;607;252.71;2019-06-13T16:26:34;
700;25;0.00;0.00;0.00;0.00;608;253.55;2019-06-13T16:26:35;
700;25;0.00;0.00;0.00;0.00;609;254.39;2019-06-13T16:26:36;
700;25;0.00;0.00;0.00;0.00;608;253.55;2019-06-13T16:26:37;
700;25;0.00;0.00;0.00;0.00;608;253.55;2019-06-13T16:26:38;
700;25;0.00;0.00;0.00;0.00;609;254.39;2019-06-13T16:26:39;
700;25;0.00;0.00;0.00;0.00;608;253.55;2019-06-13T16:26:40;
700;25;0.00;0.00;0.00;0.00;608;253.55;2019-06-13T16:26:41;
700;25;0.00;0.00;0.00;0.00;609;254.39;2019-06-13T16:26:42;
700;25;0.00;0.00;0.00;0.00;610;255.23;2019-06-13T16:26:43;
700;25;0.00;0.00;0.00;0.00;610;255.23;2019-06-13T16:26:44;
700;25;0.00;0.00;0.00;0.00;611;256.07;2019-06-13T16:26:45;
700;25;0.00;0.00;0.00;0.00;611;256.07;2019-06-13T16:26:46;
700;25;0.00;0.00;0.00;0.00;608;253.55;2019-06-13T16:26:47;
700;25;0.00;0.00;0.00;0.00;610;255.23;2019-06-13T16:26:48;
700;25;0.00;0.00;0.00;0.00;609;254.39;2019-06-13T16:26:49;
700;25;0.00;0.00;0.00;0.00;610;255.23;2019-06-13T16:26:50;
700;25;0.00;0.00;0.00;0.00;610;255.23;2019-06-13T16:26:51;
700;25;0.00;0.00;0.00;0.00;608;253.55;2019-06-13T16:26:52;
700;25;0.00;0.00;0.00;0.00;610;255.23;2019-06-13T16:26:53;
700;25;0.00;0.00;0.00;0.00;611;256.07;2019-06-13T16:26:54;
700;25;0.00;0.00;0.00;0.00;609;254.39;2019-06-13T16:26:55;
700;25;0.00;0.00;0.00;0.00;610;255.23;2019-06-13T16:26:56;
700;25;0.00;0.00;0.00;0.00;611;256.07;2019-06-13T16:26:57;
700;25;0.00;0.00;0.00;0.00;609;254.39;2019-06-13T16:26:58;
700;25;0.00;0.00;0.00;0.00;609;254.39;2019-06-13T16:26:59;
700;25;0.00;0.00;0.00;0.00;609;254.39;2019-06-13T16:27:00;
700;25;0.00;0.00;0.00;0.00;608;253.55;2019-06-13T16:27:01;
700;25;0.00;0.00;0.00;0.00;609;254.39;2019-06-13T16:27:02;
700;25;0.00;0.00;0.00;0.00;609;254.39;2019-06-13T16:27:03;
700;25;0.00;0.00;0.00;0.00;609;254.39;2019-06-13T16:27:04;
700;25;0.00;0.00;0.00;0.00;611;256.07;2019-06-13T16:27:05;
700;25;0.00;0.00;0.00;0.00;610;255.23;2019-06-13T16:27:06;
700;25;0.00;0.00;0.00;0.00;611;256.07;2019-06-13T16:27:07;
700;25;0.00;0.00;0.00;0.00;610;255.23;2019-06-13T16:27:08;
700;25;0.00;0.00;0.00;0.00;609;254.39;2019-06-13T16:27:09;
700;25;0.00;0.00;0.00;0.00;610;255.23;2019-06-13T16:27:10;
700;25;0.00;0.00;0.00;0.00;608;253.55;2019-06-13T16:27:11;
700;25;0.00;0.00;0.00;0.00;611;256.07;2019-06-13T16:27:12;
700;25;0.00;0.00;0.00;0.00;612;256.91;2019-06-13T16:27:13;
700;25;0.00;0.00;0.00;0.00;611;256.07;2019-06-13T16:27:14;
700;25;0.00;0.00;0.00;0.00;611;256.07;2019-06-13T16:27:15;
700;25;0.00;0.00;0.00;0.00;610;255.23;2019-06-13T16:27:16;
700;25;0.00;0.00;0.00;0.00;611;256.07;2019-06-13T16:27:17;
700;25;0.00;0.00;0.00;0.00;609;254.39;2019-06-13T16:27:18;
700;25;0.00;0.00;0.00;0.00;610;255.23;2019-06-13T16:27:19;
700;25;0.00;0.00;0.00;0.00;610;255.23;2019-06-13T16:27:20;
700;25;0.00;0.00;0.00;0.00;610;255.23;2019-06-13T16:27:21;
700;25;0.00;0.00;0.00;0.00;610;255.23;2019-06-13T16:27:22;
700;25;0.00;0.00;0.00;0.00;609;254.39;2019-06-13T16:27:23;
700;25;0.00;0.00;0.00;0.00;610;255.23;2019-06-13T16:27:24;
700;25;0.00;0.00;0.00;0.00;609;254.39;2019-06-13T16:27:25;
700;25;0.00;0.00;0.00;0.00;612;256.91;2019-06-13T16:27:26;
700;25;0.00;0.00;0.00;0.00;610;255.23;2019-06-13T16:27:27;
700;25;0.00;0.00;0.00;0.00;609;254.39;2019-06-13T16:27:28;
700;25;0.00;0.00;0.00;0.00;609;254.39;2019-06-13T16:27:29;
700;25;0.00;0.00;0.00;0.00;609;254.39;2019-06-13T16:27:30;
700;25;0.00;0.00;0.00;0.00;612;256.91;2019-06-13T16:27:31;
700;25;0.00;0.00;0.00;0.00;611;256.07;2019-06-13T16:27:32;
700;25;0.00;0.00;0.00;0.00;612;256.91;2019-06-13T16:27:33;
700;25;0.00;0.00;0.00;0.00;612;256.91;2019-06-13T16:27:34;
700;25;0.00;0.00;0.00;0.00;610;255.23;2019-06-13T16:27:35;
700;25;0.00;0.00;0.00;0.00;612;256.91;2019-06-13T16:27:36;
700;25;0.00;0.00;0.00;0.00;610;255.23;2019-06-13T16:27:37;
700;25;0.00;0.00;0.00;0.00;611;256.07;2019-06-13T16:27:38;
700;25;0.00;0.00;0.00;0.00;613;257.75;2019-06-13T16:27:39;
700;25;0.00;0.00;0.00;0.00;612;256.91;2019-06-13T16:27:40;
700;25;0.00;0.00;0.00;0.00;609;254.39;2019-06-13T16:27:41;
700;25;0.00;0.00;0.00;0.00;610;255.23;2019-06-13T16:27:42;
700;25;0.00;0.00;0.00;0.00;611;256.07;2019-06-13T16:27:43;
700;25;0.00;0.00;0.00;0.00;610;255.23;2019-06-13T16:27:44;
700;25;0.00;0.00;0.00;0.00;609;254.39;2019-06-13T16:27:45;
700;25;0.00;0.00;0.00;0.00;609;254.39;2019-06-13T16:27:46;
700;25;0.00;0.00;0.00;0.00;612;256.91;2019-06-13T16:27:47;
700;25;0.00;0.00;0.00;0.00;610;255.23;2019-06-13T16:27:48;
700;25;0.00;0.00;0.00;0.00;610;255.23;2019-06-13T16:27:49;
700;25;0.00;0.00;0.00;0.00;610;255.23;2019-06-13T16:27:50;
700;25;0.00;0.00;0.00;0.00;609;254.39;2019-06-13T16:27:51;
700;25;0.00;0.00;0.00;0.00;609;254.39;2019-06-13T16:27:52;
700;25;0.00;0.00;0.00;0.00;612;256.91;2019-06-13T16:27:53;
700;25;0.00;0.00;0.00;0.00;610;255.23;2019-06-13T16:27:54;
700;25;0.00;0.00;0.00;0.00;610;255.23;2019-06-13T16:27:55;
700;25;0.00;0.00;0.00;0.00;611;256.07;2019-06-13T16:27:56;
700;25;0.00;0.00;0.00;0.00;610;255.23;2019-06-13T16:27:57;
650;25;0.00;0.00;0.00;0.00;470;149.94;2019-06-13T16:27:58;
650;25;0.00;0.00;0.00;0.00;467;147.93;2019-06-13T16:27:59;
650;25;0.00;0.00;0.00;0.00;467;147.93;2019-06-13T16:28:00;
650;25;0.00;0.00;0.00;0.00;466;147.26;2019-06-13T16:28:01;
650;25;0.00;0.00;0.00;0.00;467;147.93;2019-06-13T16:28:02;
650;25;0.00;0.00;0.00;0.00;467;147.93;2019-06-13T16:28:03;
650;25;0.00;0.00;0.00;0.00;467;147.93;2019-06-13T16:28:04;
650;25;0.00;0.00;0.00;0.00;466;147.26;2019-06-13T16:28:05;
650;25;0.00;0.00;0.00;0.00;467;147.93;2019-06-13T16:28:06;
650;25;0.00;0.00;0.00;0.00;468;148.60;2019-06-13T16:28:07;
650;25;0.00;0.00;0.00;0.00;468;148.60;2019-06-13T16:28:08;
650;25;0.00;0.00;0.00;0.00;467;147.93;2019-06-13T16:28:09;
650;25;0.00;0.00;0.00;0.00;468;148.60;2019-06-13T16:28:10;
650;25;0.00;0.00;0.00;0.00;468;148.60;2019-06-13T16:28:11;
650;25;0.00;0.00;0.00;0.00;468;148.60;2019-06-13T16:28:12;
650;25;0.00;0.00;0.00;0.00;468;148.60;2019-06-13T16:28:13;
650;25;0.00;0.00;0.00;0.00;469;149.27;2019-06-13T16:28:14;
650;25;0.00;0.00;0.00;0.00;468;148.60;2019-06-13T16:28:15;
650;25;0.00;0.00;0.00;0.00;468;148.60;2019-06-13T16:28:16;
650;25;0.00;0.00;0.00;0.00;467;147.93;2019-06-13T16:28:17;
650;25;0.00;0.00;0.00;0.00;469;149.27;2019-06-13T16:28:18;
650;25;0.00;0.00;0.00;0.00;468;148.60;2019-06-13T16:28:19;
650;25;0.00;0.00;0.00;0.00;468;148.60;2019-06-13T16:28:20;
650;25;0.00;0.00;0.00;0.00;469;149.27;2019-06-13T16:28:21;
650;25;0.00;0.00;0.00;0.00;469;149.27;2019-06-13T16:28:22;
650;25;0.00;0.00;0.00;0.00;469;149.27;2019-06-13T16:28:23;
650;25;0.00;0.00;0.00;0.00;468;148.60;2019-06-13T16:28:24;
650;25;0.00;0.00;0.00;0.00;468;148.60;2019-06-13T16:28:25;
650;25;0.00;0.00;0.00;0.00;468;148.60;2019-06-13T16:28:26;
650;25;0.00;0.00;0.00;0.00;469;149.27;2019-06-13T16:28:27;
650;25;0.00;0.00;0.00;0.00;470;149.94;2019-06-13T16:28:28;
650;25;0.00;0.00;0.00;0.00;469;149.27;2019-06-13T16:28:29;
650;25;0.00;0.00;0.00;0.00;469;149.27;2019-06-13T16:28:30;
650;25;0.00;0.00;0.00;0.00;468;148.60;2019-06-13T16:28:31;
650;25;0.00;0.00;0.00;0.00;469;149.27;2019-06-13T16:28:32;
650;25;0.00;0.00;0.00;0.00;468;148.60;2019-06-13T16:28:33;
650;25;0.00;0.00;0.00;0.00;469;149.27;2019-06-13T16:28:34;
650;25;0.00;0.00;0.00;0.00;469;149.27;2019-06-13T16:28:35;
650;25;0.00;0.00;0.00;0.00;468;148.60;2019-06-13T16:28:36;
650;25;0.00;0.00;0.00;0.00;469;149.27;2019-06-13T16:28:37;
650;25;0.00;0.00;0.00;0.00;468;148.60;2019-06-13T16:28:38;
650;25;0.00;0.00;0.00;0.00;468;148.60;2019-06-13T16:28:39;
650;25;0.00;0.00;0.00;0.00;471;150.61;2019-06-13T16:28:40;
650;25;0.00;0.00;0.00;0.00;468;148.60;2019-06-13T16:28:41;
650;25;0.00;0.00;0.00;0.00;470;149.94;2019-06-13T16:28:42;
650;25;0.00;0.00;0.00;0.00;469;149.27;2019-06-13T16:28:43;
650;25;0.00;0.00;0.00;0.00;468;148.60;2019-06-13T16:28:44;
650;25;0.00;0.00;0.00;0.00;467;147.93;2019-06-13T16:28:45;
650;25;0.00;0.00;0.00;0.00;468;148.60;2019-06-13T16:28:46;
650;25;0.00;0.00;0.00;0.00;470;149.94;2019-06-13T16:28:47;
650;25;0.00;0.00;0.00;0.00;467;147.93;2019-06-13T16:28:48;
650;25;0.00;0.00;0.00;0.00;468;148.60;2019-06-13T16:28:49;
650;25;0.00;0.00;0.00;0.00;469;149.27;2019-06-13T16:28:50;
650;25;0.00;0.00;0.00;0.00;467;147.93;2019-06-13T16:28:51;
650;25;0.00;0.00;0.00;0.00;468;148.60;2019-06-13T16:28:52;
650;25;0.00;0.00;0.00;0.00;468;148.60;2019-06-13T16:28:53;
650;25;0.00;0.00;0.00;0.00;469;149.27;2019-06-13T16:28:54;
650;25;0.00;0.00;0.00;0.00;469;149.27;2019-06-13T16:28:55;
650;25;0.00;0.00;0.00;0.00;469;149.27;2019-06-13T16:28:56;
800;25;0.00;0.00;0.00;0.00;827;526.96;2019-06-13T16:28:57;
800;25;0.00;0.00;0.00;0.00;822;516.42;2019-06-13T16:28:58;
800;25;0.00;0.00;0.00;0.00;819;510.10;2019-06-13T16:28:59;
800;25;0.00;0.00;0.00;0.00;815;501.67;2019-06-13T16:29:00;
800;25;0.00;0.00;0.00;0.00;817;505.88;2019-06-13T16:29:01;
800;25;0.00;0.00;0.00;0.00;816;503.77;2019-06-13T16:29:02;
800;25;0.00;0.00;0.00;0.00;815;501.67;2019-06-13T16:29:03;
800;25;0.00;0.00;0.00;0.00;815;501.67;2019-06-13T16:29:04;
800;25;0.00;0.00;0.00;0.00;816;503.77;2019-06-13T16:29:05;
800;25;0.00;0.00;0.00;0.00;816;503.77;2019-06-13T16:29:06;
800;25;0.00;0.00;0.00;0.00;816;503.77;2019-06-13T16:29:07;
800;25;0.00;0.00;0.00;0.00;817;505.88;2019-06-13T16:29:08;
800;25;0.00;0.00;0.00;0.00;817;505.88;2019-06-13T16:29:09;
800;25;0.00;0.00;0.00;0.00;819;510.10;2019-06-13T16:29:10;
800;25;0.00;0.00;0.00;0.00;819;510.10;2019-06-13T16:29:11;
800;25;0.00;0.00;0.00;0.00;817;505.88;2019-06-13T16:29:12;
800;25;0.00;0.00;0.00;0.00;815;501.67;2019-06-13T16:29:13;
800;25;0.00;0.00;0.00;0.00;817;505.88;2019-06-13T16:29:14;
800;25;0.00;0.00;0.00;0.00;816;503.77;2019-06-13T16:29:15;
800;25;0.00;0.00;0.00;0.00;819;510.10;2019-06-13T16:29:16;
800;25;0.00;0.00;0.00;0.00;816;503.77;2019-06-13T16:29:17;
800;25;0.00;0.00;0.00;0.00;816;503.77;2019-06-13T16:29:18;
800;25;0.00;0.00;0.00;0.00;817;505.88;2019-06-13T16:29:19;
800;25;0.00;0.00;0.00;0.00;820;512.21;2019-06-13T16:29:20;
800;25;0.00;0.00;0.00;0.00;820;512.21;2019-06-13T16:29:21;
800;25;0.00;0.00;0.00;0.00;817;505.88;2019-06-13T16:29:22;
800;25;0.00;0.00;0.00;0.00;815;501.67;2019-06-13T16:29:23;
800;25;0.00;0.00;0.00;0.00;816;503.77;2019-06-13T16:29:24;
800;25;0.00;0.00;0.00;0.00;817;505.88;2019-06-13T16:29:25;
800;25;0.00;0.00;0.00;0.00;817;505.88;2019-06-13T16:29:26;
800;25;0.00;0.00;0.00;0.00;816;503.77;2019-06-13T16:29:27;
800;25;0.00;0.00;0.00;0.00;821;514.31;2019-06-13T16:29:28;
800;25;0.00;0.00;0.00;0.00;819;510.10;2019-06-13T16:29:29;
800;25;0.00;0.00;0.00;0.00;820;512.21;2019-06-13T16:29:30;
800;25;0.00;0.00;0.00;0.00;816;503.77;2019-06-13T16:29:31;
800;25;0.00;0.00;0.00;0.00;820;512.21;2019-06-13T16:29:32;
800;25;0.00;0.00;0.00;0.00;819;510.10;2019-06-13T16:29:33;
800;25;0.00;0.00;0.00;0.00;817;505.88;2019-06-13T16:29:34;
800;25;0.00;0.00;0.00;0.00;817;505.88;2019-06-13T16:29:35;
800;25;0.00;0.00;0.00;0.00;816;503.77;2019-06-13T16:29:36;
800;25;0.00;0.00;0.00;0.00;819;510.10;2019-06-13T16:29:37;
800;25;0.00;0.00;0.00;0.00;816;503.77;2019-06-13T16:29:38;
800;25;0.00;0.00;0.00;0.00;819;510.10;2019-06-13T16:29:39;
800;25;0.00;0.00;0.00;0.00;816;503.77;2019-06-13T16:29:40;
800;25;0.00;0.00;0.00;0.00;819;510.10;2019-06-13T16:29:41;
800;25;0.00;0.00;0.00;0.00;817;505.88;2019-06-13T16:29:42;
800;25;0.00;0.00;0.00;0.00;820;512.21;2019-06-13T16:29:43;
800;25;0.00;0.00;0.00;0.00;817;505.88;2019-06-13T16:29:44;
800;25;0.00;0.00;0.00;0.00;815;501.67;2019-06-13T16:29:45;
800;25;0.00;0.00;0.00;0.00;817;505.88;2019-06-13T16:29:46;
800;25;0.00;0.00;0.00;0.00;817;505.88;2019-06-13T16:29:47;
800;25;0.00;0.00;0.00;0.00;817;505.88;2019-06-13T16:29:48;
800;25;0.00;0.00;0.00;0.00;819;510.10;2019-06-13T16:29:49;
800;25;0.00;0.00;0.00;0.00;817;505.88;2019-06-13T16:29:50;
800;25;0.00;0.00;0.00;0.00;815;501.67;2019-06-13T16:29:51;
800;25;0.00;0.00;0.00;0.00;816;503.77;2019-06-13T16:29:52;
800;25;0.00;0.00;0.00;0.00;815;501.67;2019-06-13T16:29:53;
800;25;0.00;0.00;0.00;0.00;817;505.88;2019-06-13T16:29:54;
800;25;0.00;0.00;0.00;0.00;818;507.99;2019-06-13T16:29:55;
800;25;0.00;0.00;0.00;0.00;816;503.77;2019-06-13T16:29:56;
800;25;0.00;0.00;0.00;0.00;818;507.99;2019-06-13T16:29:57;
800;25;0.00;0.00;0.00;0.00;820;512.21;2019-06-13T16:29:58;
800;25;0.00;0.00;0.00;0.00;819;510.10;2019-06-13T16:29:59;
800;25;0.00;0.00;0.00;0.00;816;503.77;2019-06-13T16:30:00;
800;25;0.00;0.00;0.00;0.00;817;505.88;2019-06-13T16:30:01;
800;25;0.00;0.00;0.00;0.00;817;505.88;2019-06-13T16:30:02;
800;25;0.00;0.00;0.00;0.00;816;503.77;2019-06-13T16:30:03;
800;25;0.00;0.00;0.00;0.00;894;647.76;2019-06-13T16:30:04;
800;25;0.00;0.00;0.00;0.00;816;503.77;2019-06-13T16:30:05;
800;25;0.00;0.00;0.00;0.00;816;503.77;2019-06-13T16:30:06;
800;25;0.00;0.00;0.00;0.00;815;501.67;2019-06-13T16:30:07;
800;25;0.00;0.00;0.00;0.00;815;501.67;2019-06-13T16:30:08;
800;25;0.00;0.00;0.00;0.00;818;507.99;2019-06-13T16:30:09;
800;25;0.00;0.00;0.00;0.00;818;507.99;2019-06-13T16:30:10;
800;25;0.00;0.00;0.00;0.00;816;503.77;2019-06-13T16:30:11;
800;25;0.00;0.00;0.00;0.00;819;510.10;2019-06-13T16:30:12;
800;25;0.00;0.00;0.00;0.00;820;512.21;2019-06-13T16:30:13;
800;25;0.00;0.00;0.00;0.00;815;501.67;2019-06-13T16:30:14;
800;25;0.00;0.00;0.00;0.00;819;510.10;2019-06-13T16:30:15;
800;25;0.00;0.00;0.00;0.00;820;512.21;2019-06-13T16:30:16;
800;25;0.00;0.00;0.00;0.00;816;503.77;2019-06-13T16:30:17;
800;25;0.00;0.00;0.00;0.00;817;505.88;2019-06-13T16:30:18;
800;25;0.00;0.00;0.00;0.00;817;505.88;2019-06-13T16:30:19;
800;25;0.00;0.00;0.00;0.00;819;510.10;2019-06-13T16:30:20;
800;25;0.00;0.00;0.00;0.00;815;501.67;2019-06-13T16:30:21;
800;25;0.00;0.00;0.00;0.00;815;501.67;2019-06-13T16:30:22;
800;25;0.00;0.00;0.00;0.00;816;503.77;2019-06-13T16:30:23;
800;25;0.00;0.00;0.00;0.00;818;507.99;2019-06-13T16:30:24;
800;25;0.00;0.00;0.00;0.00;817;505.88;2019-06-13T16:30:25;
800;25;0.00;0.00;0.00;0.00;816;503.77;2019-06-13T16:30:26;
800;25;0.00;0.00;0.00;0.00;817;505.88;2019-06-13T16:30:27;
800;25;0.00;0.00;0.00;0.00;817;505.88;2019-06-13T16:30:28;
800;25;0.00;0.00;0.00;0.00;816;503.77;2019-06-13T16:30:29;
800;25;0.00;0.00;0.00;0.00;817;505.88;2019-06-13T16:30:30;
800;25;0.00;0.00;0.00;0.00;816;503.77;2019-06-13T16:30:31;
800;25;0.00;0.00;0.00;0.00;816;503.77;2019-06-13T16:30:32;
800;25;0.00;0.00;0.00;0.00;816;503.77;2019-06-13T16:30:33;
800;25;0.00;0.00;0.00;0.00;815;501.67;2019-06-13T16:30:34;
800;25;0.00;0.00;0.00;0.00;815;501.67;2019-06-13T16:30:35;
800;25;0.00;0.00;0.00;0.00;816;503.77;2019-06-13T16:30:36;
800;25;0.00;0.00;0.00;0.00;815;501.67;2019-06-13T16:30:37;
800;25;0.00;0.00;0.00;0.00;816;503.77;2019-06-13T16:30:38;
800;25;0.00;0.00;0.00;0.00;814;499.56;2019-06-13T16:30:39;
800;25;0.00;0.00;0.00;0.00;815;501.67;2019-06-13T16:30:40;
800;25;0.00;0.00;0.00;0.00;819;510.10;2019-06-13T16:30:41;
800;25;0.00;0.00;0.00;0.00;819;510.10;2019-06-13T16:30:42;
800;25;0.00;0.00;0.00;0.00;816;503.77;2019-06-13T16:30:43;
800;25;0.00;0.00;0.00;0.00;815;501.67;2019-06-13T16:30:44;
800;25;0.00;0.00;0.00;0.00;815;501.67;2019-06-13T16:30:45;
800;25;0.00;0.00;0.00;0.00;819;510.10;2019-06-13T16:30:46;
800;25;0.00;0.00;0.00;0.00;816;503.77;2019-06-13T16:30:47;
800;25;0.00;0.00;0.00;0.00;816;503.77;2019-06-13T16:30:48;
800;25;0.00;0.00;0.00;0.00;819;510.10;2019-06-13T16:30:49;
800;25;0.00;0.00;0.00;0.00;817;505.88;2019-06-13T16:30:50;
800;25;0.00;0.00;0.00;0.00;815;501.67;2019-06-13T16:30:51;
800;25;0.00;0.00;0.00;0.00;816;503.77;2019-06-13T16:30:52;
800;25;0.00;0.00;0.00;0.00;818;507.99;2019-06-13T16:30:53;
800;25;0.00;0.00;0.00;0.00;815;501.67;2019-06-13T16:30:54;
800;25;0.00;0.00;0.00;0.00;816;503.77;2019-06-13T16:30:55;
800;25;0.00;0.00;0.00;0.00;815;501.67;2019-06-13T16:30:56;
800;25;0.00;0.00;0.00;0.00;817;505.88;2019-06-13T16:30:57;
800;25;0.00;0.00;0.00;0.00;815;501.67;2019-06-13T16:30:58;
800;25;0.00;0.00;0.00;0.00;816;503.77;2019-06-13T16:30:59;
800;25;0.00;0.00;0.00;0.00;816;503.77;2019-06-13T16:31:00;
800;25;0.00;0.00;0.00;0.00;818;507.99;2019-06-13T16:31:01;
800;25;0.00;0.00;0.00;0.00;815;501.67;2019-06-13T16:31:02;
800;25;0.00;0.00;0.00;0.00;817;505.88;2019-06-13T16:31:03;
800;25;0.00;0.00;0.00;0.00;816;503.77;2019-06-13T16:31:04;
900;25;0.00;0.00;0.00;0.00;944;772.73;2019-06-13T16:31:05;
900;25;0.00;0.00;0.00;0.00;946;780.66;2019-06-13T16:31:06;
900;25;0.00;0.00;0.00;0.00;945;776.70;2019-06-13T16:31:07;
900;25;0.00;0.00;0.00;0.00;945;776.70;2019-06-13T16:31:08;
900;25;0.00;0.00;0.00;0.00;952;799.62;2019-06-13T16:31:09;
900;25;0.00;0.00;0.00;0.00;946;780.66;2019-06-13T16:31:10;
900;25;0.00;0.00;0.00;0.00;949;792.55;2019-06-13T16:31:11;
900;25;0.00;0.00;0.00;0.00;961;820.85;2019-06-13T16:31:12;
900;25;0.00;0.00;0.00;0.00;947;784.62;2019-06-13T16:31:13;
900;25;0.00;0.00;0.00;0.00;947;784.62;2019-06-13T16:31:14;
900;25;0.00;0.00;0.00;0.00;950;794.91;2019-06-13T16:31:15;
900;25;0.00;0.00;0.00;0.00;947;784.62;2019-06-13T16:31:16;
900;25;0.00;0.00;0.00;0.00;953;801.98;2019-06-13T16:31:17;
900;25;0.00;0.00;0.00;0.00;949;792.55;2019-06-13T16:31:18;
900;25;0.00;0.00;0.00;0.00;952;799.62;2019-06-13T16:31:19;
900;25;0.00;0.00;0.00;0.00;946;780.66;2019-06-13T16:31:20;
900;25;0.00;0.00;0.00;0.00;953;801.98;2019-06-13T16:31:21;
900;25;0.00;0.00;0.00;0.00;944;772.73;2019-06-13T16:31:22;
900;25;0.00;0.00;0.00;0.00;942;764.81;2019-06-13T16:31:23;
900;25;0.00;0.00;0.00;0.00;952;799.62;2019-06-13T16:31:24;
900;25;0.00;0.00;0.00;0.00;947;784.62;2019-06-13T16:31:25;
900;25;0.00;0.00;0.00;0.00;949;792.55;2019-06-13T16:31:26;
900;25;0.00;0.00;0.00;0.00;953;801.98;2019-06-13T16:31:27;
900;25;0.00;0.00;0.00;0.00;952;799.62;2019-06-13T16:31:28;
900;25;0.00;0.00;0.00;0.00;951;797.27;2019-06-13T16:31:29;
900;25;0.00;0.00;0.00;0.00;950;794.91;2019-06-13T16:31:30;
900;25;0.00;0.00;0.00;0.00;952;799.62;2019-06-13T16:31:31;
900;25;0.00;0.00;0.00;0.00;949;792.55;2019-06-13T16:31:32;
900;25;0.00;0.00;0.00;0.00;953;801.98;2019-06-13T16:31:33;
900;25;0.00;0.00;0.00;0.00;957;811.42;2019-06-13T16:31:34;
900;25;0.00;0.00;0.00;0.00;949;792.55;2019-06-13T16:31:35;
900;25;0.00;0.00;0.00;0.00;941;760.85;2019-06-13T16:31:36;
900;25;0.00;0.00;0.00;0.00;944;772.73;2019-06-13T16:31:37;
900;25;0.00;0.00;0.00;0.00;935;737.07;2019-06-13T16:31:38;
900;25;0.00;0.00;0.00;0.00;949;792.55;2019-06-13T16:31:39;
900;25;0.00;0.00;0.00;0.00;952;799.62;2019-06-13T16:31:40;
900;25;0.00;0.00;0.00;0.00;952;799.62;2019-06-13T16:31:41;
900;25;0.00;0.00;0.00;0.00;949;792.55;2019-06-13T16:31:42;
900;25;0.00;0.00;0.00;0.00;942;764.81;2019-06-13T16:31:43;
900;25;0.00;0.00;0.00;0.00;954;804.34;2019-06-13T16:31:44;
900;25;0.00;0.00;0.00;0.00;911;673.67;2019-06-13T16:31:45;
900;25;0.00;0.00;0.00;0.00;950;794.91;2019-06-13T16:31:46;
900;25;0.00;0.00;0.00;0.00;945;776.70;2019-06-13T16:31:47;
900;25;0.00;0.00;0.00;0.00;946;780.66;2019-06-13T16:31:48;
900;25;0.00;0.00;0.00;0.00;949;792.55;2019-06-13T16:31:49;
900;25;0.00;0.00;0.00;0.00;953;801.98;2019-06-13T16:31:50;
900;25;0.00;0.00;0.00;0.00;952;799.62;2019-06-13T16:31:51;
900;25;0.00;0.00;0.00;0.00;938;748.96;2019-06-13T16:31:52;
900;25;0.00;0.00;0.00;0.00;950;794.91;2019-06-13T16:31:53;
900;25;0.00;0.00;0.00;0.00;952;799.62;2019-06-13T16:31:54;
900;25;0.00;0.00;0.00;0.00;955;806.70;2019-06-13T16:31:55;
900;25;0.00;0.00;0.00;0.00;948;788.59;2019-06-13T16:31:56;
900;25;0.00;0.00;0.00;0.00;949;792.55;2019-06-13T16:31:57;
900;25;0.00;0.00;0.00;0.00;955;806.70;2019-06-13T16:31:58;
900;25;0.00;0.00;0.00;0.00;943;768.77;2019-06-13T16:31:59;
900;25;0.00;0.00;0.00;0.00;938;748.96;2019-06-13T16:32:00;
900;25;0.00;0.00;0.00;0.00;948;788.59;2019-06-13T16:32:01;
900;25;0.00;0.00;0.00;0.00;946;780.66;2019-06-13T16:32:02;
900;25;0.00;0.00;0.00;0.00;945;776.70;2019-06-13T16:32:03;
900;25;0.00;0.00;0.00;0.00;954;804.34;2019-06-13T16:32:04;
900;25;0.00;0.00;0.00;0.00;947;784.62;2019-06-13T16:32:05;
900;25;0.00;0.00;0.00;0.00;948;788.59;2019-06-13T16:32:06;
900;25;0.00;0.00;0.00;0.00;942;764.81;2019-06-13T16:32:07;
900;25;0.00;0.00;0.00;0.00;943;768.77;2019-06-13T16:32:08;
900;25;0.00;0.00;0.00;0.00;941;760.85;2019-06-13T16:32:09;
900;25;0.00;0.00;0.00;0.00;937;745.00;2019-06-13T16:32:10;
900;25;0.00;0.00;0.00;0.00;949;792.55;2019-06-13T16:32:11;
900;25;0.00;0.00;0.00;0.00;950;794.91;2019-06-13T16:32:12;
900;25;0.00;0.00;0.00;0.00;947;784.62;2019-06-13T16:32:13;
900;25;0.00;0.00;0.00;0.00;950;794.91;2019-06-13T16:32:14;
900;25;0.00;0.00;0.00;0.00;956;809.06;2019-06-13T16:32:15;
900;25;0.00;0.00;0.00;0.00;952;799.62;2019-06-13T16:32:16;
900;25;0.00;0.00;0.00;0.00;950;794.91;2019-06-13T16:32:17;
900;25;0.00;0.00;0.00;0.00;953;801.98;2019-06-13T16:32:18;
900;25;0.00;0.00;0.00;0.00;952;799.62;2019-06-13T16:32:19;
900;25;0.00;0.00;0.00;0.00;936;741.03;2019-06-13T16:32:20;
900;25;0.00;0.00;0.00;0.00;950;794.91;2019-06-13T16:32:21;
900;25;0.00;0.00;0.00;0.00;944;772.73;2019-06-13T16:32:22;
900;25;0.00;0.00;0.00;0.00;947;784.62;2019-06-13T16:32:23;
900;25;0.00;0.00;0.00;0.00;919;685.86;2019-06-13T16:32:24;
900;25;0.00;0.00;0.00;0.00;955;806.70;2019-06-13T16:32:25;
900;25;0.00;0.00;0.00;0.00;946;780.66;2019-06-13T16:32:26;
900;25;0.00;0.00;0.00;0.00;945;776.70;2019-06-13T16:32:27;
900;25;0.00;0.00;0.00;0.00;948;788.59;2019-06-13T16:32:28;
900;25;0.00;0.00;0.00;0.00;945;776.70;2019-06-13T16:32:29;
900;25;0.00;0.00;0.00;0.00;944;772.73;2019-06-13T16:32:30;
900;25;0.00;0.00;0.00;0.00;942;764.81;2019-06-13T16:32:31;
900;25;0.00;0.00;0.00;0.00;945;776.70;2019-06-13T16:32:32;
900;25;0.00;0.00;0.00;0.00;943;768.77;2019-06-13T16:32:33;
900;25;0.00;0.00;0.00;0.00;950;794.91;2019-06-13T16:32:34;
900;25;0.00;0.00;0.00;0.00;950;794.91;2019-06-13T16:32:35;
900;25;0.00;0.00;0.00;0.00;954;804.34;2019-06-13T16:32:36;
900;25;0.00;0.00;0.00;0.00;939;752.92;2019-06-13T16:32:37;
900;25;0.00;0.00;0.00;0.00;945;776.70;2019-06-13T16:32:38;
900;25;0.00;0.00;0.00;0.00;949;792.55;2019-06-13T16:32:39;
900;25;0.00;0.00;0.00;0.00;950;794.91;2019-06-13T16:32:40;
900;25;0.00;0.00;0.00;0.00;949;792.55;2019-06-13T16:32:41;
900;25;0.00;0.00;0.00;0.00;945;776.70;2019-06-13T16:32:42;
900;25;0.00;0.00;0.00;0.00;947;784.62;2019-06-13T16:32:43;
900;25;0.00;0.00;0.00;0.00;941;760.85;2019-06-13T16:32:44;
900;25;0.00;0.00;0.00;0.00;951;797.27;2019-06-13T16:32:45;
900;25;0.00;0.00;0.00;0.00;950;794.91;2019-06-13T16:32:46;
900;25;0.00;0.00;0.00;0.00;943;768.77;2019-06-13T16:32:47;
900;25;0.00;0.00;0.00;0.00;944;772.73;2019-06-13T16:32:48;
900;25;0.00;0.00;0.00;0.00;951;797.27;2019-06-13T16:32:49;
900;25;0.00;0.00;0.00;0.00;948;788.59;2019-06-13T16:32:50;
900;25;0.00;0.00;0.00;0.00;956;809.06;2019-06-13T16:32:51;
900;25;0.00;0.00;0.00;0.00;952;799.62;2019-06-13T16:32:52;
900;25;0.00;0.00;0.00;0.00;948;788.59;2019-06-13T16:32:53;
900;25;0.00;0.00;0.00;0.00;950;794.91;2019-06-13T16:32:54;
900;25;0.00;0.00;0.00;0.00;945;776.70;2019-06-13T16:32:55;
900;25;0.00;0.00;0.00;0.00;940;756.88;2019-06-13T16:32:56;
900;25;0.00;0.00;0.00;0.00;949;792.55;2019-06-13T16:32:57;
900;25;0.00;0.00;0.00;0.00;953;801.98;2019-06-13T16:32:58;
900;25;0.00;0.00;0.00;0.00;951;797.27;2019-06-13T16:32:59;
900;25;0.00;0.00;0.00;0.00;937;745.00;2019-06-13T16:33:00;
900;25;0.00;0.00;0.00;0.00;948;788.59;2019-06-13T16:33:01;
900;25;0.00;0.00;0.00;0.00;953;801.98;2019-06-13T16:33:02;
900;25;0.00;0.00;0.00;0.00;947;784.62;2019-06-13T16:33:03;
900;25;0.00;0.00;0.00;0.00;927;705.37;2019-06-13T16:33:04;
900;25;0.00;0.00;0.00;0.00;948;788.59;2019-06-13T16:33:05;
900;25;0.00;0.00;0.00;0.00;939;752.92;2019-06-13T16:33:06;
900;25;0.00;0.00;0.00;0.00;954;804.34;2019-06-13T16:33:07;
900;25;0.00;0.00;0.00;0.00;945;776.70;2019-06-13T16:33:08;
900;25;0.00;0.00;0.00;0.00;939;752.92;2019-06-13T16:33:09;
900;25;0.00;0.00;0.00;0.00;951;797.27;2019-06-13T16:33:10;
900;25;0.00;0.00;0.00;0.00;952;799.62;2019-06-13T16:33:11;
900;25;0.00;0.00;0.00;0.00;949;792.55;2019-06-13T16:33:12;
900;25;0.00;0.00;0.00;0.00;954;804.34;2019-06-13T16:33:13;
900;25;0.00;0.00;0.00;0.00;951;797.27;2019-06-13T16:33:14;
900;25;0.00;0.00;0.00;0.00;949;792.55;2019-06-13T16:33:15;
900;25;0.00;0.00;0.00;0.00;947;784.62;2019-06-13T16:33:16;
900;25;0.00;0.00;0.00;0.00;949;792.55;2019-06-13T16:33:17;
900;25;0.00;0.00;0.00;0.00;942;764.81;2019-06-13T16:33:18;
900;25;0.00;0.00;0.00;0.00;941;760.85;2019-06-13T16:33:19;
900;25;0.00;0.00;0.00;0.00;947;784.62;2019-06-13T16:33:20;
900;25;0.00;0.00;0.00;0.00;947;784.62;2019-06-13T16:33:21;
900;25;0.00;0.00;0.00;0.00;937;745.00;2019-06-13T16:33:22;
900;25;0.00;0.00;0.00;0.00;952;799.62;2019-06-13T16:33:23;
900;25;0.00;0.00;0.00;0.00;953;801.98;2019-06-13T16:33:24;
900;25;0.00;0.00;0.00;0.00;942;764.81;2019-06-13T16:33:25;
900;25;0.00;0.00;0.00;0.00;944;772.73;2019-06-13T16:33:26;
900;25;0.00;0.00;0.00;0.00;949;792.55;2019-06-13T16:33:27;
900;25;0.00;0.00;0.00;0.00;950;794.91;2019-06-13T16:33:28;
900;25;0.00;0.00;0.00;0.00;948;788.59;2019-06-13T16:33:29;
900;25;0.00;0.00;0.00;0.00;934;733.11;2019-06-13T16:33:30;
900;25;0.00;0.00;0.00;0.00;947;784.62;2019-06-13T16:33:31;
900;25;0.00;0.00;0.00;0.00;945;776.70;2019-06-13T16:33:32;
900;25;0.00;0.00;0.00;0.00;949;792.55;2019-06-13T16:33:33;
900;25;0.00;0.00;0.00;0.00;943;768.77;2019-06-13T16:33:34;
900;25;0.00;0.00;0.00;0.00;948;788.59;2019-06-13T16:33:35;
900;25;0.00;0.00;0.00;0.00;951;797.27;2019-06-13T16:33:36;
900;25;0.00;0.00;0.00;0.00;944;772.73;2019-06-13T16:33:37;
900;25;0.00;0.00;0.00;0.00;942;764.81;2019-06-13T16:33:38;
900;25;0.00;0.00;0.00;0.00;942;764.81;2019-06-13T16:33:39;
900;25;0.00;0.00;0.00;0.00;948;788.59;2019-06-13T16:33:40;
900;25;0.00;0.00;0.00;0.00;956;809.06;2019-06-13T16:33:41;
900;25;0.00;0.00;0.00;0.00;912;675.19;2019-06-13T16:33:42;
900;25;0.00;0.00;0.00;0.00;955;806.70;2019-06-13T16:33:43;
900;25;0.00;0.00;0.00;0.00;948;788.59;2019-06-13T16:33:44;
900;25;0.00;0.00;0.00;0.00;949;792.55;2019-06-13T16:33:45;
900;25;0.00;0.00;0.00;0.00;942;764.81;2019-06-13T16:33:46;
900;25;0.00;0.00;0.00;0.00;944;772.73;2019-06-13T16:33:47;
900;25;0.00;0.00;0.00;0.00;938;748.96;2019-06-13T16:33:48;
900;25;0.00;0.00;0.00;0.00;940;756.88;2019-06-13T16:33:49;
900;25;0.00;0.00;0.00;0.00;950;794.91;2019-06-13T16:33:50;
900;25;0.00;0.00;0.00;0.00;941;760.85;2019-06-13T16:33:51;
900;25;0.00;0.00;0.00;0.00;947;784.62;2019-06-13T16:33:52;
900;25;0.00;0.00;0.00;0.00;948;788.59;2019-06-13T16:33:53;
900;25;0.00;0.00;0.00;0.00;949;792.55;2019-06-13T16:33:54;
900;25;0.00;0.00;0.00;0.00;940;756.88;2019-06-13T16:33:55;
650;25;0.00;0.00;0.00;0.00;479;155.97;2019-06-13T16:33:56;
650;25;0.00;0.00;0.00;0.00;472;151.28;2019-06-13T16:33:57;
650;25;0.00;0.00;0.00;0.00;469;149.27;2019-06-13T16:33:58;
650;25;0.00;0.00;0.00;0.00;467;147.93;2019-06-13T16:33:59;
650;25;0.00;0.00;0.00;0.00;464;145.93;2019-06-13T16:34:00;
650;25;0.00;0.00;0.00;0.00;462;144.59;2019-06-13T16:34:01;
650;25;0.00;0.00;0.00;0.00;460;143.25;2019-06-13T16:34:02;
650;25;0.00;0.00;0.00;0.00;458;141.91;2019-06-13T16:34:03;
650;25;0.00;0.00;0.00;0.00;456;140.57;2019-06-13T16:34:04;
650;25;0.00;0.00;0.00;0.00;458;141.91;2019-06-13T16:34:05;
650;25;0.00;0.00;0.00;0.00;453;138.56;2019-06-13T16:34:06;
650;25;0.00;0.00;0.00;0.00;454;139.23;2019-06-13T16:34:07;
650;25;0.00;0.00;0.00;0.00;452;137.89;2019-06-13T16:34:08;
650;25;0.00;0.00;0.00;0.00;453;138.56;2019-06-13T16:34:10;
650;25;0.00;0.00;0.00;0.00;450;136.55;2019-06-13T16:34:10;
650;25;0.00;0.00;0.00;0.00;450;136.55;2019-06-13T16:34:12;
650;25;0.00;0.00;0.00;0.00;449;135.88;2019-06-13T16:34:13;
650;25;0.00;0.00;0.00;0.00;450;136.55;2019-06-13T16:34:14;
650;25;0.00;0.00;0.00;0.00;449;135.88;2019-06-13T16:34:15;
650;25;0.00;0.00;0.00;0.00;448;135.22;2019-06-13T16:34:16;
650;25;0.00;0.00;0.00;0.00;447;134.55;2019-06-13T16:34:17;
650;25;0.00;0.00;0.00;0.00;451;137.22;2019-06-13T16:34:18;
650;25;0.00;0.00;0.00;0.00;449;135.88;2019-06-13T16:34:19;
650;25;0.00;0.00;0.00;0.00;447;134.55;2019-06-13T16:34:20;
650;25;0.00;0.00;0.00;0.00;446;133.88;2019-06-13T16:34:21;
650;25;0.00;0.00;0.00;0.00;446;133.88;2019-06-13T16:34:22;
650;25;0.00;0.00;0.00;0.00;445;133.21;2019-06-13T16:34:23;
650;25;0.00;0.00;0.00;0.00;448;135.22;2019-06-13T16:34:24;
650;25;0.00;0.00;0.00;0.00;445;133.21;2019-06-13T16:34:25;
650;25;0.00;0.00;0.00;0.00;446;133.88;2019-06-13T16:34:26;
650;25;0.00;0.00;0.00;0.00;446;133.88;2019-06-13T16:34:27;
650;25;0.00;0.00;0.00;0.00;446;133.88;2019-06-13T16:34:28;
650;25;0.00;0.00;0.00;0.00;446;133.88;2019-06-13T16:34:29;
650;25;0.00;0.00;0.00;0.00;446;133.88;2019-06-13T16:34:30;
650;25;0.00;0.00;0.00;0.00;447;134.55;2019-06-13T16:34:31;
650;25;0.00;0.00;0.00;0.00;445;133.21;2019-06-13T16:34:32;
650;25;0.00;0.00;0.00;0.00;445;133.21;2019-06-13T16:34:33;
650;25;0.00;0.00;0.00;0.00;446;133.88;2019-06-13T16:34:34;
650;25;0.00;0.00;0.00;0.00;446;133.88;2019-06-13T16:34:35;
650;25;0.00;0.00;0.00;0.00;445;133.21;2019-06-13T16:34:36;
650;25;0.00;0.00;0.00;0.00;445;133.21;2019-06-13T16:34:37;
650;25;0.00;0.00;0.00;0.00;444;132.54;2019-06-13T16:34:38;
650;25;0.00;0.00;0.00;0.00;444;132.54;2019-06-13T16:34:39;
650;25;0.00;0.00;0.00;0.00;444;132.54;2019-06-13T16:34:40;
650;25;0.00;0.00;0.00;0.00;445;133.21;2019-06-13T16:34:41;
650;25;0.00;0.00;0.00;0.00;446;133.88;2019-06-13T16:34:42;
650;25;0.00;0.00;0.00;0.00;443;131.87;2019-06-13T16:34:43;
650;25;0.00;0.00;0.00;0.00;445;133.21;2019-06-13T16:34:44;
650;25;0.00;0.00;0.00;0.00;445;133.21;2019-06-13T16:34:45;
650;25;0.00;0.00;0.00;0.00;445;133.21;2019-06-13T16:34:46;
650;25;0.00;0.00;0.00;0.00;445;133.21;2019-06-13T16:34:47;
650;25;0.00;0.00;0.00;0.00;447;134.55;2019-06-13T16:34:48;
650;25;0.00;0.00;0.00;0.00;444;132.54;2019-06-13T16:34:49;
650;25;0.00;0.00;0.00;0.00;445;133.21;2019-06-13T16:34:50;
650;25;0.00;0.00;0.00;0.00;444;132.54;2019-06-13T16:34:51;
650;25;0.00;0.00;0.00;0.00;445;133.21;2019-06-13T16:34:52;
650;25;0.00;0.00;0.00;0.00;445;133.21;2019-06-13T16:34:53;
650;25;0.00;0.00;0.00;0.00;445;133.21;2019-06-13T16:34:54;
650;25;0.00;0.00;0.00;0.00;445;133.21;2019-06-13T16:34:55;
650;25;0.00;0.00;0.00;0.00;445;133.21;2019-06-13T16:34:56;
650;25;0.00;0.00;0.00;0.00;446;133.88;2019-06-13T16:34:57;
650;25;0.00;0.00;0.00;0.00;447;134.55;2019-06-13T16:34:58;
650;25;0.00;0.00;0.00;0.00;446;133.88;2019-06-13T16:34:59;
650;25;0.00;0.00;0.00;0.00;446;133.88;2019-06-13T16:35:00;
650;25;0.00;0.00;0.00;0.00;449;135.88;2019-06-13T16:35:01;
650;25;0.00;0.00;0.00;0.00;446;133.88;2019-06-13T16:35:02;
650;25;0.00;0.00;0.00;0.00;446;133.88;2019-06-13T16:35:03;
650;25;0.00;0.00;0.00;0.00;447;134.55;2019-06-13T16:35:04;
650;25;0.00;0.00;0.00;0.00;446;133.88;2019-06-13T16:35:05;
650;25;0.00;0.00;0.00;0.00;446;133.88;2019-06-13T16:35:06;
650;25;0.00;0.00;0.00;0.00;446;133.88;2019-06-13T16:35:07;
650;25;0.00;0.00;0.00;0.00;446;133.88;2019-06-13T16:35:08;
650;25;0.00;0.00;0.00;0.00;448;135.22;2019-06-13T16:35:09;
650;25;0.00;0.00;0.00;0.00;447;134.55;2019-06-13T16:35:10;
650;25;0.00;0.00;0.00;0.00;446;133.88;2019-06-13T16:35:11;
650;25;0.00;0.00;0.00;0.00;448;135.22;2019-06-13T16:35:12;
650;25;0.00;0.00;0.00;0.00;448;135.22;2019-06-13T16:35:13;
650;25;0.00;0.00;0.00;0.00;448;135.22;2019-06-13T16:35:14;
650;25;0.00;0.00;0.00;0.00;446;133.88;2019-06-13T16:35:15;
650;25;0.00;0.00;0.00;0.00;448;135.22;2019-06-13T16:35:16;
650;25;0.00;0.00;0.00;0.00;448;135.22;2019-06-13T16:35:17;
650;25;0.00;0.00;0.00;0.00;447;134.55;2019-06-13T16:35:18;
650;25;0.00;0.00;0.00;0.00;449;135.88;2019-06-13T16:35:19;
650;25;0.00;0.00;0.00;0.00;448;135.22;2019-06-13T16:35:20;
650;25;0.00;0.00;0.00;0.00;448;135.22;2019-06-13T16:35:21;
650;25;0.00;0.00;0.00;0.00;449;135.88;2019-06-13T16:35:22;
650;25;0.00;0.00;0.00;0.00;449;135.88;2019-06-13T16:35:23;
650;25;0.00;0.00;0.00;0.00;450;136.55;2019-06-13T16:35:24;
650;25;0.00;0.00;0.00;0.00;447;134.55;2019-06-13T16:35:25;
650;25;0.00;0.00;0.00;0.00;448;135.22;2019-06-13T16:35:26;
650;25;0.00;0.00;0.00;0.00;450;136.55;2019-06-13T16:35:27;
650;25;0.00;0.00;0.00;0.00;449;135.88;2019-06-13T16:35:28;
650;25;0.00;0.00;0.00;0.00;449;135.88;2019-06-13T16:35:29;
650;25;0.00;0.00;0.00;0.00;450;136.55;2019-06-13T16:35:30;
650;25;0.00;0.00;0.00;0.00;449;135.88;2019-06-13T16:35:31;
650;25;0.00;0.00;0.00;0.00;452;137.89;2019-06-13T16:35:32;
650;25;0.00;0.00;0.00;0.00;449;135.88;2019-06-13T16:35:33;
650;25;0.00;0.00;0.00;0.00;449;135.88;2019-06-13T16:35:34;
650;25;0.00;0.00;0.00;0.00;449;135.88;2019-06-13T16:35:35;
650;25;0.00;0.00;0.00;0.00;449;135.88;2019-06-13T16:35:36;
650;25;0.00;0.00;0.00;0.00;449;135.88;2019-06-13T16:35:37;
650;25;0.00;0.00;0.00;0.00;449;135.88;2019-06-13T16:35:38;
650;25;0.00;0.00;0.00;0.00;449;135.88;2019-06-13T16:35:39;
650;25;0.00;0.00;0.00;0.00;449;135.88;2019-06-13T16:35:40;
650;25;0.00;0.00;0.00;0.00;452;137.89;2019-06-13T16:35:41;
650;25;0.00;0.00;0.00;0.00;449;135.88;2019-06-13T16:35:42;
650;25;0.00;0.00;0.00;0.00;451;137.22;2019-06-13T16:35:43;
650;25;0.00;0.00;0.00;0.00;451;137.22;2019-06-13T16:35:44;
650;25;0.00;0.00;0.00;0.00;450;136.55;2019-06-13T16:35:45;
650;25;0.00;0.00;0.00;0.00;450;136.55;2019-06-13T16:35:46;
650;25;0.00;0.00;0.00;0.00;451;137.22;2019-06-13T16:35:47;
650;25;0.00;0.00;0.00;0.00;449;135.88;2019-06-13T16:35:48;
650;25;0.00;0.00;0.00;0.00;451;137.22;2019-06-13T16:35:49;
650;25;0.00;0.00;0.00;0.00;452;137.89;2019-06-13T16:35:50;
650;25;0.00;0.00;0.00;0.00;453;138.56;2019-06-13T16:35:51;
650;25;0.00;0.00;0.00;0.00;451;137.22;2019-06-13T16:35:52;
650;25;0.00;0.00;0.00;0.00;453;138.56;2019-06-13T16:35:53;
650;25;0.00;0.00;0.00;0.00;451;137.22;2019-06-13T16:35:54;
650;25;0.00;0.00;0.00;0.00;451;137.22;2019-06-13T16:35:55;
650;25;0.00;0.00;0.00;0.00;451;137.22;2019-06-13T16:35:56;
650;25;0.00;0.00;0.00;0.00;452;137.89;2019-06-13T16:35:57;
650;25;0.00;0.00;0.00;0.00;452;137.89;2019-06-13T16:35:58;
650;25;0.00;0.00;0.00;0.00;451;137.22;2019-06-13T16:35:59;
650;25;0.00;0.00;0.00;0.00;451;137.22;2019-06-13T16:36:00;
650;25;0.00;0.00;0.00;0.00;452;137.89;2019-06-13T16:36:01;
650;25;0.00;0.00;0.00;0.00;453;138.56;2019-06-13T16:36:02;
650;25;0.00;0.00;0.00;0.00;453;138.56;2019-06-13T16:36:03;
650;25;0.00;0.00;0.00;0.00;452;137.89;2019-06-13T16:36:04;
650;25;0.00;0.00;0.00;0.00;453;138.56;2019-06-13T16:36:05;
650;25;0.00;0.00;0.00;0.00;453;138.56;2019-06-13T16:36:06;
650;25;0.00;0.00;0.00;0.00;453;138.56;2019-06-13T16:36:07;
650;25;0.00;0.00;0.00;0.00;453;138.56;2019-06-13T16:36:08;
650;25;0.00;0.00;0.00;0.00;452;137.89;2019-06-13T16:36:09;
650;25;0.00;0.00;0.00;0.00;454;139.23;2019-06-13T16:36:10;
650;25;0.00;0.00;0.00;0.00;454;139.23;2019-06-13T16:36:11;
650;25;0.00;0.00;0.00;0.00;454;139.23;2019-06-13T16:36:12;
650;25;0.00;0.00;0.00;0.00;453;138.56;2019-06-13T16:36:13;
650;25;0.00;0.00;0.00;0.00;453;138.56;2019-06-13T16:36:14;
650;25;0.00;0.00;0.00;0.00;453;138.56;2019-06-13T16:36:15;
650;25;0.00;0.00;0.00;0.00;454;139.23;2019-06-13T16:36:16;
650;25;0.00;0.00;0.00;0.00;456;140.57;2019-06-13T16:36:17;
650;25;0.00;0.00;0.00;0.00;454;139.23;2019-06-13T16:36:18;
650;25;0.00;0.00;0.00;0.00;453;138.56;2019-06-13T16:36:19;
650;25;0.00;0.00;0.00;0.00;456;140.57;2019-06-13T16:36:20;
